subject,run,mean_mu,mean_s,mean_vmu,mean5_mu,mean5_s,mean5_vmu,mean10_mu,mean10_s,mean10_vmu,mean5_kmu,mean10_kmu,mean5_vs,mean10_vs,last_mu,last_s,last_vmu,subj_day_block
1,d1r1,0.467267452968176,-1.37254084697965,-1.81759016540653,0.529002445940737,-1.18824848265632,-1.49187845456943,0.483290122452598,-1.13767375337427,-1.4705325517032,-5.60726115005955,-5.54255370789519,-3.77390946695708,-3.6719777457678,0.533561626259593,-1.15557428947088,-1.47428748690182,55057a56fdf99b5b566a70bb_day1_block1
1,d1r2,0.500025742430262,-1.28836540970731,-1.70858811202091,0.52543782766303,-1.11684847552868,-1.79394791283614,0.475465767816745,-1.23520845370376,-1.56576920281766,-5.51567054180414,-5.58884822683768,-4.44525461293798,-4.39310300498161,0.515366328355145,-0.980328878617421,-2.10727684002831,55057a56fdf99b5b566a70bb_day1_block2
1,d2r1,0.486063044687181,-1.56890025026003,-2.77366159127396,0.421814228497159,-1.57919714271088,-3.12964045426967,0.408238765411613,-2.35744393860119,-2.83454367025073,-0.821100094652412,-1.93037646504832,0.0580955691648571,-0.246992020343028,0.401574779263511,-1.61710955057911,-3.52525341681723,55057a56fdf99b5b566a70bb_day2_block1
1,d2r2,0.509257025534027,-0.944636222107587,-3.32119310377235,0.469738669767614,-0.85072198525882,-3.2908582232515,0.452437083518206,-0.920745178409801,-3.14716358959579,-4.75380639028325,-4.72458829557547,-4.32218762895331,-4.22497658926738,0.462597762266021,-0.753000665286603,-3.6198440300157,55057a56fdf99b5b566a70bb_day2_block2
2,d1r1,0.597649282786941,-1.17121213598636,-4.1814831986723,0.605494768427768,-1.19510038361149,-4.74208305412838,0.60557166349692,-1.19585926619614,-4.73445444963197,-5.33259450616879,-5.30787884510443,2.99329638663288,2.99710376678182,0.605107766394259,-1.0852737315405,-4.73675021051837,56f81ffe1b99b8000636b9c8_day1_block1
2,d1r2,0.585803750937879,-1.09871505479303,-4.06507019411381,0.605162452066317,-1.23836238056721,-4.72865681837814,0.605298074227723,-1.2110921148657,-4.72567802398447,-5.31087153712654,-5.29149276964801,2.68047159815884,2.7284542562154,0.605280604606182,-1.0845789366738,-4.7365383343593,56f81ffe1b99b8000636b9c8_day1_block2
2,d2r1,0.58320018698007,-1.53254146464603,-4.11623812562936,0.605427736486136,-2.21351996568807,-4.72650135257894,0.605477143521735,-2.15767427416578,-4.72576018514959,-5.2874843949119,-5.27559184702321,0.659236094526344,0.935610184271919,0.605022589678261,-0.926090582839183,-4.71606405332491,56f81ffe1b99b8000636b9c8_day2_block1
2,d2r2,0.602668699857582,-1.51452173995778,-4.32660583391641,0.605483571974057,-1.59410273105834,-4.72946716134425,0.604921088643535,-1.33568578599718,-4.70376909485982,-5.3292486165024,-5.28864639917776,1.4331734694749,1.50561204966947,0.605555562706518,-1.65324454228653,-4.74422464067696,56f81ffe1b99b8000636b9c8_day2_block2
3,d1r1,0.534946765773371,-2.44378720033358,-3.28700953081176,0.406807952777262,-3.09695908410166,-2.15698312408806,0.422579468021851,-2.61021255404727,-2.24927258142514,-5.25284047747285,-4.86481396647222,-1.11693688843147,-1.20621470018825,0.455768023116057,-2.29499019671061,-2.02822231756702,575b2b408b705300078ae5e6_day1_block1
3,d1r2,0.465517869892957,-2.14598284022183,-3.56292121975374,0.455376329581507,-2.50416674651848,-2.25575242847145,0.424955258217408,-2.99023392401295,-2.5591272678579,-4.38506274312381,-4.08468744560929,-1.469114942072,-1.51123942775305,0.478730617031766,-2.05383131505632,-2.15740295618008,575b2b408b705300078ae5e6_day1_block2
3,d2r1,0.48416297070398,-1.80859763804515,-4.35046920298982,0.464742654947468,-1.8901576252009,-4.72147824872588,0.464672880627151,-1.88178784902529,-4.7170342330026,-5.31977738210407,-5.29937557444773,-4.6773024066302,-4.66165189406626,0.464777518319215,-1.89572492811566,-4.72453327831413,575b2b408b705300078ae5e6_day2_block1
3,d2r2,0.462025886404247,-1.78590273647247,-4.04441609957812,0.466683054193124,-1.84606942078076,-4.57639475854558,0.46681074296869,-1.83695702670979,-4.56106602426888,-5.14009968636478,-5.11909975974261,-4.61314060655887,-4.59501030633947,0.466600288784937,-1.85300707236906,-4.58667892609624,575b2b408b705300078ae5e6_day2_block2
4,d1r1,0.76988980890489,-0.613237257316873,-3.72643678049708,0.69006126686275,0.135699126387208,-4.11869187468768,0.698582889068071,0.138166140839751,-4.10741023826485,-4.99332277954405,-5.02480788709284,-4.49146518004506,-4.52671822436338,0.683575799935154,0.114273561555595,-4.19290566343573,590741365905400001ef09ec_day1_block1
4,d1r2,0.59969448835038,-0.314908588540619,-2.74109441756495,0.597729026531155,-0.0951973901311928,-3.58825582744123,0.552774644551678,-0.131128269967802,-3.31996968835009,-5.06211099871112,-5.04056770891642,-4.606703627109,-4.57996467858453,0.609901700941438,-0.0620908327262391,-3.84674413879567,590741365905400001ef09ec_day1_block2
4,d2r1,0.637818147954992,-0.230280383315843,-2.51340119416521,0.603102372970236,0.0625873888239668,-2.68224206431484,0.541532566612908,0.0213645211716216,-2.34554330933455,-5.096126613198,-5.09686441562941,-4.59263857673192,-4.56126672517068,0.579692883483284,0.0940962370064272,-2.96568686215028,590741365905400001ef09ec_day2_block1
4,d2r2,0.590754712091257,-1.11638880327389,-2.45163984141541,0.527478650158025,-0.560033566044238,-3.20040344279442,0.570904336136101,-0.794974823638495,-2.8879438558196,-2.22164011161642,-0.966536964585981,-0.462658438612169,0.973484290799392,0.557194532394301,-0.157739162170709,-3.49845182383256,590741365905400001ef09ec_day2_block2
5,d1r1,0.612536110358355,-1.14043007177335,-2.55936529530269,0.545906211970414,-0.955064321803736,-2.95579984056303,0.550959165231876,-0.956290405566322,-2.99654157696829,-2.33591994944518,-2.04166034025713,0.551979870412822,0.813566984689293,0.575173939728728,-1.22467190254613,-3.22750053675765,595f6cddd865d10001cd60d8_day1_block1
5,d1r2,0.286609693845896,-1.52209155750529,-2.44866813722011,0.107922539419334,-1.8315551643887,-4.09598850994318,0.131860327378731,-1.61934734666743,-3.17568688432547,-0.136985749684525,0.0165287348966796,-0.648427296351638,-1.07195833919581,0.105485853008137,-2.46333100920032,-4.35675686514209,595f6cddd865d10001cd60d8_day1_block2
5,d2r1,0.48227207207797,-1.94211633379674,-1.49922434618356,0.546624813505601,-1.92652758366676,-1.65751789750514,0.512533627227437,-1.99755622869525,-1.50011339680728,2.43004048812442,2.52911405599343,-2.23982422525673,-2.17390801736282,0.530988596822159,-1.66850162933357,-1.63489029454751,595f6cddd865d10001cd60d8_day2_block1
5,d2r2,0.607562898908808,-1.51283823172879,-3.87913769751098,0.605804549560541,-1.41229839250897,-4.73472574778341,0.605698948967747,-1.4583605190104,-4.73435772442547,-5.32402599959159,-5.30778355095601,1.70541143037103,1.78332260265255,0.605529817786023,-1.81048741863516,-4.7506416715605,595f6cddd865d10001cd60d8_day2_block2
6,d1r1,0.701217701924936,-1.13638252577346,-3.95653455679363,0.728053464861302,-1.17465230618982,-4.45820562151866,0.729224489287708,-1.17332332124334,-4.44860194456084,-5.18589878283943,-5.15630884652452,-4.56321792862524,-4.53199501324076,0.72792391796665,-1.19956958586638,-4.44957489364252,599d753f872eec00019569d7_day1_block1
6,d1r2,0.721221717385115,-1.3243645901095,-4.15275717788529,0.716313159504071,-1.40803514825133,-4.21966439953489,0.721204514417135,-1.39982699831431,-4.38542252088616,-4.85443386325115,-4.98583577369719,-4.63613928222825,-4.62537013176646,0.714930165749928,-1.43056696973858,-4.18216570348877,599d753f872eec00019569d7_day1_block2
6,d2r1,0.77274384410802,-1.51704251118974,-4.28492821552474,0.780068646241597,-1.19689621943999,-4.54203375124358,0.780785801067144,-1.11763492042513,-4.58475175962003,-5.08330418972726,-5.12396089127373,-2.05033769932851,-1.98955137627622,0.783506122084383,-1.45442447183189,-4.66316078018924,599d753f872eec00019569d7_day2_block1
6,d2r2,0.678911937235299,-1.43735722605966,-2.4100200529473,0.72715684419207,-1.49023821042434,-2.71365534141435,0.705720710289783,-1.52077099201861,-2.70950429537371,-3.71560248935109,-3.73916367690059,-4.39383605303644,-4.30128650228992,0.729826066978381,-1.439726456493,-2.92086020092782,599d753f872eec00019569d7_day2_block2
7,d1r1,0.578971394348818,-1.62426549351132,-3.77082400031475,0.604685961343313,-2.20867406840335,-4.50372212137905,0.591671107125093,-1.89734840665117,-4.2016327350402,-5.24131822192931,-5.16323123330182,0.608236583283637,0.12690137723767,0.60293392466507,-0.974252832330841,-4.58112159721046,59dbb88b0fb3a90001bd90b0_day1_block1
7,d1r2,0.587655442494379,-2.01720524780702,-3.7391155556829,0.542328653366281,-1.66109077326889,-2.5389102916027,0.555441630410408,-1.63529203768555,-2.9613771654142,-4.53760887160804,-4.56655839767111,-0.669158539003067,-0.433856468663834,0.578619223459119,-2.01839459453685,-2.34879372331105,59dbb88b0fb3a90001bd90b0_day1_block2
7,d2r1,0.595932734981753,-1.37180773614601,-4.06577279473593,0.58140325365692,-1.32494824557172,-4.02096037085298,0.586106882750032,-1.32791239572849,-4.16791237006452,-4.98001480801036,-5.07233814169029,0.324801906304828,0.791860093760621,0.554742224656044,-1.30771722924205,-3.32096090928637,59dbb88b0fb3a90001bd90b0_day2_block1
7,d2r2,0.49158305182934797,-1.75550214171369,-2.54551230195858,0.486106997806509,-1.46670042818066,-2.21488345008763,0.480247546500586,-1.50435431102751,-2.19887308040299,-5.40576945147014,-5.30835723259713,-3.7727748332133,-3.75303644885591,0.499501868195116,-1.48961817432064,-2.2725868856095,59dbb88b0fb3a90001bd90b0_day2_block2
8,d1r1,0.476788217759541,-1.62104115514626,-3.79650272591334,0.517159620342841,-1.73626234974809,-3.09447109982515,0.521772995299329,-1.72209102829803,-3.00584464751865,-4.13257651534002,-4.04604969978421,-4.60655203841212,-4.56934396556195,0.517078905534851,-1.74720938783698,-3.11612287343016,5a84b912000dab00018c98a9_day1_block1
8,d1r2,0.461676060667295,-1.73012271126932,-4.20992412756713,0.466453476908333,-1.74427087009347,-4.55880697532141,0.465680671231509,-1.78669913981136,-4.60474099771124,-5.1754609047943,-5.190609895575,-4.58567401877516,-4.5921595458202,0.480939772691554,-1.65840595885974,-4.22118284299565,5a84b912000dab00018c98a9_day1_block2
8,d2r1,0.622408729250358,-2.42071559926907,-2.53171865472252,0.605516968233982,-3.42683215262235,-2.14139094002833,0.605780741936575,-3.17664962303494,-2.10920909520998,-5.88674685303027,-5.88704172010854,-0.816209549603436,-1.15797781788631,0.605521646349991,-3.48852705962604,-2.14319046132644,5a84b912000dab00018c98a9_day2_block1
8,d2r2,0.658409863544993,-1.90709548523191,-2.88628217426281,0.677464400111816,-2.03833291533592,-3.30733213488477,0.678426767618641,-2.04150691804466,-3.20055069444367,-3.00481047104978,-3.1897077885623,-4.49289507630907,-4.4429621667794,0.676756654162248,-2.0354582199015,-3.38286552310211,5a84b912000dab00018c98a9_day2_block2
9,d1r1,0.453030177100286,-0.792360740545181,-2.41708403219423,0.423503528999843,-0.738781152650551,-1.27154495996539,0.36203140709345,-0.794938864416941,-1.1478472152236,-5.17133564964823,-5.05202712151544,-4.33572463129621,-4.30115977831899,0.39265992092357,-0.677490228425189,-1.41880745897611,5af2a03697a14300017d2ba4_day1_block1
9,d1r2,0.54456985988767,-0.718963350606197,-2.88244297692942,0.521130219338161,-0.313111907718331,-4.14172507725382,0.522391336531167,-0.364227334826479,-3.93412021977005,-5.15178000236356,-5.14830491296963,-4.51073902716086,-4.47002035853744,0.510477419728607,-0.274202636473644,-4.16627110199737,5af2a03697a14300017d2ba4_day1_block2
9,d2r1,0.535309280123883,-0.421922652953748,-3.21211608214938,0.497713566700427,-0.0600370555143052,-3.91697099731125,0.512605061845391,-0.0809929963352471,-3.83712850422851,-5.04055292999097,-4.94197881554265,-4.03838937410633,-3.94115170949677,0.491588497877681,-0.0432685131579824,-3.99212562281102,5af2a03697a14300017d2ba4_day2_block1
9,d2r2,0.539367028025784,-0.398447900536504,-2.74363412485993,0.535799417685116,0.185798224116739,-4.20442780171107,0.536571979442213,0.155033739541985,-4.02495153701581,-5.13877385008894,-5.06126406621774,-4.0575342203743,-3.98899329677593,0.533996279435476,0.198043854367922,-4.32990818988757,5af2a03697a14300017d2ba4_day2_block2
10,d1r1,0.60213277850147,-1.08023493934127,-4.14564468672559,0.603753943926901,-0.958698815165347,-4.64391207818305,0.602465818405844,-0.968793218837424,-4.61628840006376,-5.27199662479771,-5.24206114340466,-1.45692103597317,-1.65118027214121,0.603100227654081,-0.860654654296905,-4.64505477426824,5af43b1ea37f390001276490_day1_block1
10,d1r2,0.598155620624278,-1.15308078931677,-4.18920989884853,0.598947795332303,-1.04522622337171,-4.66170032957883,0.602070654498034,-1.11777768682974,-4.68500571727808,-5.23436474786049,-5.24347959052617,2.03386461320501,2.30317846031198,0.596682993677225,-0.924537953170729,-4.68408111427233,5af43b1ea37f390001276490_day1_block2
10,d2r1,0.590126510441548,-1.40222512184379,-4.1193842355731,0.603778112010728,-1.3833742218042,-4.67074618012447,0.604347992125401,-1.41752837774645,-4.6849126520969,-5.29077088994593,-5.27671983496289,1.54859258251179,1.50209772694715,0.605468014382913,-1.76798381065763,-4.74045705605216,5af43b1ea37f390001276490_day2_block1
10,d2r2,0.557597231970498,-1.21917615839598,-3.61066268168124,0.605424936613932,-1.18586478020733,-4.73445125779696,0.604696220335254,-1.18024499156948,-4.70321335228466,-5.31343364684974,-5.28488924435064,3.07259783767402,2.96386621267275,0.604900985134974,-1.09702698973297,-4.73065265438661,5af43b1ea37f390001276490_day2_block2
11,d1r1,0.558388765307148,-0.797201680748445,-2.21583493029891,0.394027559805981,-0.504393486122205,-1.43951182395513,0.380675345995842,-0.641357049081259,-1.41085351739294,-5.32145814429418,-5.26712881381129,-3.88759282223473,-3.94259056584356,0.403224958867965,-0.614481268454626,-1.5310401200679,5b19975aabf7350001abbeca_day1_block1
11,d1r2,0.528745869336477,-1.21050936053963,-1.3254706734983,0.36270583115144,-0.941893741193792,-1.06954371425189,0.337393925243539,-0.992345190007464,-1.01249537782454,-5.6986416579769,-5.69924951984468,-4.42062139456343,-4.35930698186683,0.35070081519506,-0.892581819763633,-1.1572361312602,5b19975aabf7350001abbeca_day1_block2
11,d2r1,0.733420978055989,-1.04116900191027,-2.36833355437717,0.608672374031205,-1.37105362952532,-1.33993200034497,0.579546691279854,-1.32151074571168,-1.28085342304408,-5.65760112200553,-5.69480634141417,-4.02506898260573,-4.13717851721082,0.6186755369275,-1.38606598165183,-1.383580155117,5b19975aabf7350001abbeca_day2_block1
11,d2r2,0.531367741961644,-1.75776079810186,-2.46847905513954,0.548934274259654,-1.79826781923999,-1.74341361591668,0.511929007027688,-1.79851481031645,-1.71984815439707,-5.76069335728051,-5.72831163616809,-3.84855852372285,-3.72568808211621,0.533260638427145,-1.77295818493979,-1.76481613922633,5b19975aabf7350001abbeca_day2_block2
12,d1r1,0.559426931496936,-2.51304104583488,-3.50262120191828,0.520270341059172,-1.84269702951369,-3.01898859317985,0.519829931473386,-1.84073677571773,-2.98700798087394,-3.66724812863847,-3.60174153461956,-1.48633279703489,-1.44211235730221,0.520634758623514,-1.84489980064211,-3.03782801026843,5b27a45f0ec82d0001d22d33_day1_block1
12,d1r2,0.606978954816564,-2.20335327021709,-4.06448129263376,0.600781017957251,-1.84968119198106,-4.50340169073892,0.602375920610124,-2.07148269881435,-4.54401519778295,-5.17856490273034,-5.16111613208046,0.102642194626565,0.0478645923884703,0.602599304928806,-1.01633941506883,-4.58846829095271,5b27a45f0ec82d0001d22d33_day1_block2
12,d2r1,0.596880549725602,-2.17705465906537,-4.19007135418004,0.605449682726109,-1.75525362405869,-4.71879414423161,0.605203811690676,-1.92193308817537,-4.70311823856003,-5.29662845278969,-5.2675939698072,0.371904386913828,0.300771365242217,0.605578853498525,-2.11413000392152,-4.73447510712885,5b27a45f0ec82d0001d22d33_day2_block1
12,d2r2,0.196721082604108,-1.32673139574338,-2.33931055864986,0.160935667585142,-1.10683613872929,-1.90094324080061,0.157854369928484,-1.17176020254512,-1.79232976534916,-4.99688065173651,-4.60886531910466,-4.39773585880662,-4.22394688576307,0.186441631173889,-1.1490822622543,-1.80841698197082,5b27a45f0ec82d0001d22d33_day2_block2
13,d1r1,0.565201158637485,-1.69646735900601,-3.979856550749,0.602577193012475,-1.96696338010332,-4.38040664913317,0.601456661290761,-2.37202282754809,-3.87895259812697,-5.24698649360024,-4.95497012386338,0.488537724583477,0.00177162050646994,0.605211917418642,-2.3407294828804,-4.60021531346489,5b466f5d35b5ad000143a7b3_day1_block1
13,d1r2,0.558104418350919,-1.49827320836976,-3.7061360575696,0.459844074142922,-1.06406636910664,-2.62454882338546,0.454068777458107,-0.944807064632355,-2.51499539359487,-3.30383615702121,-3.30497539682966,-0.16014133591213,-0.163893521007659,0.48056190917779,-1.52180949845839,-2.86128023079212,5b466f5d35b5ad000143a7b3_day1_block2
13,d2r1,0.567337406728693,-1.92015867155126,-3.13067967520762,0.53873416092121,-1.62061280400554,-2.21259621800824,0.543455001726657,-1.69374149114122,-2.19118185502368,-5.37918832754256,-5.40220096884708,-1.53175810381913,-1.30191947641511,0.533349937838622,-1.55378396644133,-2.30462490696987,5b466f5d35b5ad000143a7b3_day2_block1
13,d2r2,0.523570666600742,-1.4692695378518,-3.92929552480546,0.533798360459508,-1.50639407024311,-4.56575292369524,0.533937421067955,-1.48017851919687,-4.55937311679335,-5.18769793157113,-5.17479020280667,-4.41269834066673,-4.45037324975172,0.533723006538833,-1.52770460407751,-4.56845609334748,5b466f5d35b5ad000143a7b3_day2_block2
14,d1r1,0.665572684272554,-1.0190257423014,-2.70465875802824,0.618518166935625,-1.48220112516903,-3.66285064340286,0.624584270620842,-1.43901736043285,-3.41835390023051,-4.3013473568207,-4.25061610867713,-0.721714629647345,-0.813662053772589,0.603945976771933,-0.890114918446015,-3.68187894619883,5b49d3a519f8e70001b7df02_day1_block1
14,d1r2,0.65410211703366,-1.39211800346703,-3.72618285920847,0.667757591315114,-0.9985723921821,-3.87427124047121,0.664621082504063,-1.13585650907886,-3.36429320117256,-4.57901084862929,-4.02350083739813,-2.66530113475193,-3.00223049623907,0.667247052505434,-1.01130681924604,-4.30898553842243,5b49d3a519f8e70001b7df02_day1_block2
14,d2r1,0.649094540546908,-1.01515381096615,-1.99688266605491,0.629212839508901,-1.19205598207348,-1.43959731789003,0.579918079165383,-1.22736070326766,-1.46532222614826,-5.39842935355687,-5.32394498593761,-4.07182967887766,-3.95565076440192,0.631731923383912,-1.23582676338899,-1.39902028303101,5b49d3a519f8e70001b7df02_day2_block1
14,d2r2,0.618461797632811,-2.36347195018446,-2.27266723256875,0.617561060009631,-2.68948946393506,-2.13112844773021,0.608724240986491,-2.66601051567869,-2.0896987397155,-5.92898510795601,-5.94462301667582,-1.30314525129886,-1.83116416215055,0.606206484492405,-2.70265958178734,-2.22601769262654,5b49d3a519f8e70001b7df02_day2_block2
15,d1r1,0.629850133693242,-1.25856827612334,-3.42417488881158,0.534873827842314,-1.42922754856425,-2.18302596074003,0.575129888756931,-1.33381495459381,-2.86318262277354,-5.24790620487552,-5.12270311084343,-4.27017531673765,-4.27729178018984,0.53296698167428,-1.4278258502006,-2.14040143055772,5b4c6c9d3d01bd0001ec2902_day1_block1
15,d1r2,0.498166515330972,-1.50275980044758,-2.8598342347706,0.45591014750956,-1.2968436929684,-1.80071347637834,0.466213496710886,-1.43804840877647,-1.78566636445847,-3.54649084801659,-3.58745260185652,-3.91958845952886,-4.15018694496475,0.45891354432919,-1.12644683855477,-2.26295221768717,5b4c6c9d3d01bd0001ec2902_day1_block2
15,d2r1,0.601362616068107,-2.47301764790986,-4.32888765416289,0.604424266342921,-1.97039909764751,-4.60300532927902,0.602203420424623,-1.53216866107325,-4.57304836711849,-5.2272217195656,-5.18371581469738,-0.0611257282117802,-0.0497608276186446,0.605516934624294,-2.95243818894347,-4.72128871053806,5b4c6c9d3d01bd0001ec2902_day2_block1
15,d2r2,0.597884785331569,-2.5024226204718,-4.25507696241189,0.605529676863562,-3.1126124179282,-4.7371691380076,0.605265167041404,-2.70522294860323,-4.71883254201462,-5.30652855492577,-5.27335850466793,0.0754845911812944,0.0973968434774412,0.605530087372709,-3.14632229678445,-4.74078110043775,5b4c6c9d3d01bd0001ec2902_day2_block2
16,d1r1,0.606050505308926,-1.18083897755056,-2.49028615231528,0.584107563127577,-0.352093244668595,-3.16203778239091,0.572367078720945,-0.408998747919569,-3.29318380260794,-4.85436130517678,-4.81162579955389,-1.0091481847322,-0.744696948332473,0.575309009327717,0.111170224315722,-3.48714234526221,5b4e65de09f5af0001080f45_day1_block1
16,d1r2,0.573454653988856,-1.19178842672377,-3.88825947596717,0.605508665690311,-1.61086913137902,-4.73523232742282,0.606091792942874,-1.41396110399844,-4.67856972214394,-5.28134959721449,-5.22210622632848,2.00635742934034,2.04745598758942,0.605527184345816,-1.79186935024643,-4.7431154950457,5b4e65de09f5af0001080f45_day1_block2
16,d2r1,0.626411392215449,-1.38144362844825,-2.086225258014,0.634295783853713,-1.94626151357287,-1.48219843205985,0.637001633206934,-1.82014588359524,-1.4535555866833,-5.56901767379917,-5.63580582289053,-3.48741435558921,-3.76405847088484,0.672724399138487,-1.79360021373993,-1.50107067478776,5b4e65de09f5af0001080f45_day2_block1
16,d2r2,0.651440532273747,-1.56023897158414,-2.14057720378404,0.632375405718253,-1.54818186108728,-2.23751942012882,0.610393480915022,-1.70419256282173,-2.13441521372613,-4.38741862202886,-4.55976732975775,-3.56231106079457,-3.25911967244775,0.671454779238101,-1.51829374125371,-1.98014078308622,5b4e65de09f5af0001080f45_day2_block2
17,d1r1,0.669519475175684,-0.751875349384482,-3.86093889476383,0.680721059563646,-0.707806212260828,-4.46212464838131,0.674050959389629,-0.728701854473169,-4.50839724916883,-5.11508458169276,-5.14260766553081,-4.63181492346153,-4.61630005151803,0.696593658434111,-0.702284119462963,-4.15408958151628,5b4f72f9a0daa60001a31e86_day1_block1
17,d1r2,0.687375234774787,-1.02190882391505,-2.80858121801845,0.677761790343539,-0.848894405588266,-3.32270273180087,0.658536561265473,-0.864948878678285,-3.12560069035726,-4.38360821725643,-4.31290360458072,-4.40437481763664,-4.32434690700693,0.677638081062515,-0.884519579156186,-3.46978791292092,5b4f72f9a0daa60001a31e86_day1_block2
17,d2r1,0.678824622510719,-1.10946326583154,-3.78845186885512,0.697993860353698,-0.849817933191575,-4.14841728792456,0.708147146737246,-0.821004955164763,-4.07364600918279,-5.06678019404824,-4.97458029580761,-3.91559085396733,-3.96490316242029,0.706149180272699,-0.842133223257575,-4.24804545512302,5b4f72f9a0daa60001a31e86_day2_block1
17,d2r2,0.673024690982858,-1.03553360582902,-3.93477134554311,0.672340559652243,-1.02923853248141,-4.64283478295765,0.673331490544359,-1.03266152500596,-4.59097312128188,-5.24140658649656,-5.20628553552687,-4.6070619186009,-4.57874264477207,0.671655185140896,-1.05847812491219,-4.68170754941246,5b4f72f9a0daa60001a31e86_day2_block2
18,d1r1,0.531916160586198,-0.466958628750016,-3.25555649555855,0.492631584460661,-0.045529657786025,-3.8537803940164,0.475485384181542,-0.0319550728743371,-3.69905549080764,-5.05794052601342,-4.9798536380369,-4.10632814304692,-3.8642130765914,0.51113262691235,-0.00266440466717032,-4.06004136220176,5b6477fad337e100017f23ff_day1_block1
18,d1r2,0.42424650743853,-1.56187812687994,-1.89312796849262,0.456474834662464,-1.60435512304628,-1.75682692657817,0.448207554301167,-1.63646955863394,-1.91797330265725,-5.04757553458733,-5.12545538678533,-3.2366844815812,-2.69541876865941,0.429176655445073,-1.59603294545754,-1.84791087169295,5b6477fad337e100017f23ff_day1_block2
18,d2r1,0.544907769416027,-1.38291731637905,-3.56016681591354,0.534839805927795,-0.980663308445353,-4.66343823414963,0.534691045687835,-0.959192405667024,-4.60553756438268,-5.28533298917,-5.25669788931399,-4.60743367671199,-4.57135315812057,0.534304056777138,-0.969372374274939,-4.67920433729331,5b6477fad337e100017f23ff_day2_block1
18,d2r2,0.610444799878243,-1.13494751100375,-3.28457284803003,0.600697785571521,-1.12612003200497,-3.39023491917465,0.583920313664212,-1.13246769893787,-3.21977129832215,-5.27439404191525,-5.23065021540638,-4.54349826762341,-4.52276886503121,0.603058638807679,-1.16064941718597,-3.53226325709822,5b6477fad337e100017f23ff_day2_block2
19,d1r1,0.582268398373894,-2.51221585582126,-3.88412352115136,0.514585333604122,-1.78074376311467,-2.60503770833697,0.525694706908842,-1.6574924603304,-2.77230241685505,-4.06965275563278,-4.00788520273271,-0.98673328187716,-0.818276698524488,0.512955669952205,-1.78951023837743,-2.62358388448494,5ba8d21cd08ab20001c82ecf_day1_block1
19,d2r1,0.473135552717367,-1.70761902105166,-4.2499008052604,0.463225474979776,-1.6588077318538,-4.62084809290606,0.456707594578092,-1.6986312045099,-4.39287190617926,-5.27798240840223,-5.101796608945,-4.5933596824747,-4.52812006827786,0.463757114959911,-1.65527335570668,-4.68170088141344,5ba8d21cd08ab20001c82ecf_day2_block1
19,d2r2,0.574967449822305,-2.37301308103582,-3.54741376041211,0.513372286391203,-1.80799755154815,-2.8020257560423,0.514625411278059,-1.80546097161287,-2.73950217583343,-3.64820949696419,-3.60822558796815,-1.18996253063722,-1.11384834644925,0.513014263653569,-1.81147201056242,-2.84406391593029,5ba8d21cd08ab20001c82ecf_day2_block2
20,d1r1,0.657217477539408,-0.937168387563111,-2.95285386696881,0.633107796719274,-0.852045456888536,-1.75836423478548,0.56647767652061,-0.869073481533344,-1.84653481772552,-4.97188722871664,-4.85026407061067,-4.51059738385758,-4.49290607323477,0.655182857709291,-0.827836221561922,-1.70230973878608,5bb2a0148f3bd70001e5633f_day1_block1
20,d1r2,0.586908378944411,-0.913340948820837,-3.15238280435931,0.522270959243483,-1.17088942178073,-2.27528104254987,0.493890855164572,-1.33890179805074,-2.22826015040871,-5.10916219213707,-5.07672707675039,-1.75655605086999,-1.72178027912655,0.537553836004088,-0.928968028735002,-2.43814951871497,5bb2a0148f3bd70001e5633f_day1_block2
20,d2r1,0.618688964923844,-0.777049610319563,-3.23364775170026,0.602130045290262,-0.68417627350475,-2.84565873398493,0.570644931627648,-0.700538679249074,-2.62420910796519,-5.14503596261538,-5.05604691062535,-4.38849031361571,-4.33638554426957,0.614744155552427,-0.703908068980799,-3.03945815200013,5bb2a0148f3bd70001e5633f_day2_block1
20,d2r2,0.689282365508387,-1.54442949579598,-2.41387659159982,0.604039502962366,-1.67006705180713,-1.46372652352793,0.559742676674251,-1.72287040286236,-1.58427849768726,-4.18298718691206,-3.97800840950248,-4.09477192676909,-4.13648414999691,0.602190047413141,-1.75402084904505,-1.6284347474475,5bb2a0148f3bd70001e5633f_day2_block2
21,d1r1,0.625647174938652,-1.13300572007344,-2.74838486124572,0.498610148722379,-1.40334711289627,-1.60192170274843,0.555473397057252,-1.27318801287973,-2.2143800875415,-5.59214459746875,-5.43175532294959,-4.36328117453023,-4.39596104058867,0.48262505126932,-1.4227854586082,-1.49016671280073,5bb76cd41fcd58000115d3cf_day1_block1
21,d1r2,0.516361932767369,-1.40716803793075,-3.92811776062646,0.489892825726213,-1.35963212039465,-3.77308199791045,0.512567531291233,-1.38986358389386,-4.20775806727198,-4.28155303166076,-4.72987954852576,-4.33202388432622,-4.37989928551532,0.420435106205486,-1.3240084394294,-2.31841455599266,5bb76cd41fcd58000115d3cf_day1_block2
21,d2r1,0.566267176801064,-1.50036160348872,-1.96777247962526,0.549465384283198,-1.40893575588448,-1.92525768871191,0.553570612626423,-1.40950660199317,-1.84088554195887,-5.41110075900577,-5.480007111404,-4.31249936628322,-4.24122330993786,0.533342646024523,-1.37231967852814,-2.06933509674722,5bb76cd41fcd58000115d3cf_day2_block1
21,d2r2,0.588854748886288,-1.91638850664487,-4.13607595011052,0.567426629396061,-1.10870792363332,-3.82770783464227,0.586053286379321,-1.08762793228991,-4.26861341996668,-4.18846301632038,-4.72972149155855,1.33729524494068,1.75724458169549,0.530494611714355,-1.35181615047049,-3.06524022314944,5bb76cd41fcd58000115d3cf_day2_block2
22,d1r1,0.548386445469477,-0.402105273010496,-2.09450841344824,0.537265889143884,0.244099621083278,-2.93900532582436,0.439513504971649,0.121126822741162,-2.3985674600714,-4.66251769438492,-4.1759035721512,-4.38883425640415,-4.24380929672083,0.462449686371913,0.287437305423285,-3.14723407383023,5bbc6d161b8d350001eb3888_day1_block1
22,d1r2,0.512216688708828,-0.784200290106588,-1.53928880772771,0.490620812122096,0.0173925981888451,-1.71788517542149,0.411352775025642,-0.0214323716231743,-1.69607755109961,-4.28492122153163,-4.25796091055672,-3.90488442225022,-3.86881975420444,0.507426575033025,0.179271710527995,-2.13398341840674,5bbc6d161b8d350001eb3888_day1_block2
22,d2r1,0.59422956250503,-1.15422881078267,-4.01379461438279,0.605263939801769,-1.07354146452766,-4.71975114456117,0.603423012437353,-1.12962804738334,-4.67943820797413,-5.30882134977785,-5.25192449240448,2.82084580291416,2.86067146660125,0.603804330102779,-0.962060478151633,-4.68697761415802,5bbc6d161b8d350001eb3888_day2_block1
22,d2r2,0.518604800018382,-0.834112632237019,-2.93930548064676,0.558369212091564,-1.08296757042621,-3.87680954764132,0.438930531643266,-1.05924455547618,-3.36924879234587,-3.87472436569606,-2.67720042217256,2.22593296923738,2.41457538578414,0.584646916002044,-0.953812176590087,-4.36445694747142,5bbc6d161b8d350001eb3888_day2_block2
23,d1r1,0.751137097368785,-0.355950070602692,-3.67065921772686,0.748662967022431,-0.121822542029028,-4.07617430658722,0.72781471942705,-0.202227800965339,-3.92423518483998,-4.9507338963981,-4.88347100922789,-4.41815436271079,-4.47769258519895,0.756355309115261,-0.117702290964955,-4.32426151288902,5bd170999afb5b00015ba3b1_day1_block1
23,d1r2,0.579501733899087,-1.04700347340733,-0.934683936291174,0.639772292654334,-1.03574611776688,-1.16718969748624,0.669261682093158,-1.02000612325942,-0.875023875857286,-4.90486368160352,-4.94082003393018,-3.81027477909577,-3.86637647961752,0.614418000515518,-1.1429151508484101,-1.57541320486304,5bd170999afb5b00015ba3b1_day1_block2
23,d2r1,0.586803946131217,-1.15544332181311,-4.11700513565599,0.539389817114697,-1.12924853688232,-3.89852547631609,0.571667812288257,-1.09884545415518,-4.27072766317237,-3.72760952531631,-4.46162322921081,2.26581028506783,2.38517281921482,0.556398176641974,-1.30829480744816,-3.80829438735032,5bd170999afb5b00015ba3b1_day2_block1
23,d2r2,0.649314429473902,-1.30474013715931,-2.8756714495513,0.703509755306121,-1.06288018909337,-2.61168323569781,0.687955988775049,-1.25048051833037,-3.43076663415748,-1.77762498763321,-1.39441013572065,-2.75414247695295,-3.10172015967295,0.660794531436026,-0.754296007252284,-3.4899199231187,5bd170999afb5b00015ba3b1_day2_block2
24,d1r1,0.503039596576359,-1.04251613022847,-3.27499669651602,0.472427258878771,-0.959760772254153,-2.53860004823253,0.408173237313115,-0.919402078785329,-2.32339665307155,-3.57417894621142,-4.1146444955503,-1.93624200532586,-2.9783680667557,0.468416899560217,-0.907708503076072,-2.46587577113294,5be32a4a36b93f0001d9b926_day1_block1
24,d1r2,0.285006360407955,-1.82688757230784,-1.87018933162844,0.327354413141624,-1.49985710897208,-1.6217601780542,0.340913514511708,-1.54156436156978,-1.41978232000504,-3.30524119809764,-3.07757264488684,-3.27090489230752,-3.26933585623783,0.323225660700848,-1.48718439504122,-2.01958457648006,5be32a4a36b93f0001d9b926_day1_block2
24,d2r1,0.602789114703335,-1.28304259014185,-4.27697354145169,0.605529519811294,-1.7221178656235,-4.7471179204498,0.605525297312015,-1.55354169257829,-4.74217932553422,-5.3327754890563,-5.31168818731896,1.81602711084367,2.20159804111533,0.605529910204034,-1.91481751060425,-4.75003216776041,5be32a4a36b93f0001d9b926_day2_block1
24,d2r2,0.678566001544589,-1.22452511992533,-2.73726351920675,0.673903305018708,-1.19760890480351,-3.49650089713819,0.678965734740977,-1.27142488903578,-3.13589728314616,-3.92668563283475,-4.16977566886189,-3.46804213241724,-3.30406961998346,0.674750568123225,-1.27048759530918,-3.75651218994699,5be32a4a36b93f0001d9b926_day2_block2
25,d1r1,0.536245640919457,-1.49919661427112,-4.24594797700569,0.535909777412342,-1.57164125895847,-4.72353978458143,0.535544703044121,-1.57068327789192,-4.71368827652593,-5.32302557708406,-5.30275564292922,-4.65356949745506,-4.6325659652433,0.535606720028532,-1.57516454917359,-4.73649085962831,5c17c149f596b100011ca8b8_day1_block1
25,d1r2,0.547905980582428,-1.54475584544362,-4.09763872565115,0.535682937034233,-1.57240138611599,-4.7253643266881,0.535715492484817,-1.56333402255939,-4.71361594424737,-5.32162878283787,-5.3008519788627,-4.6552486983246,-4.64079681469191,0.535595350756846,-1.5757372820392,-4.73494664919513,5c17c149f596b100011ca8b8_day1_block2
25,d2r1,0.545154800867843,-1.66392890192795,-2.46305959469662,0.545791092389595,-1.70498019020038,-3.43003410376872,0.539817334952263,-1.70859457795658,-3.35184330991604,-2.52582651564677,-2.72951160485209,-4.45240617787294,-4.41680124909002,0.536068756279955,-1.67199836022454,-3.65288939014553,5c17c149f596b100011ca8b8_day2_block1
25,d2r2,0.576658903988457,-1.62366798128218,-4.06068300911039,0.588220659640417,-1.72488691363491,-4.63403709625588,0.573119437049058,-1.64762257641504,-4.55589785001123,-5.33217045422833,-5.31996350608148,-0.433331689624076,-1.61577626771308,0.562616001625195,-1.2616141626929,-4.63712835352677,5c17c149f596b100011ca8b8_day2_block2
26,d1r1,0.590392780838243,-1.88191962955206,-2.48641758948677,0.516603995297089,-1.70022783293889,-2.17942127023824,0.539248037500479,-1.59242480155923,-2.37460225300442,-4.92938022096376,-4.74170032064404,-0.964393505930494,-0.839164160603807,0.512393784895453,-1.74784758427111,-2.22056416196861,5c2e818561f049000169d2d5_day1_block1
26,d1r2,0.60371016748535,-1.63510580945732,-3.49765654085106,0.537063848997781,-1.81006672132346,-3.91113557293996,0.534400114502692,-1.85036067910859,-3.74337855316823,-0.0402100074940609,0.0124759436810421,-4.4870396383524,-4.48750361677738,0.533861843860306,-1.78844638605856,-4.06713123377679,5c2e818561f049000169d2d5_day1_block2
26,d2r1,0.60722406854157,-1.65808485024934,-3.21396568119183,0.551670672243855,-1.74981194489725,-3.00548314397707,0.550407933939582,-1.76938712914138,-2.90982429012366,-2.22817899605239,-2.20684156121587,-4.53389508309695,-4.51189708299624,0.580165985039663,-1.80405993500598,-2.60273648602823,5c2e818561f049000169d2d5_day2_block1
26,d2r2,0.529363202227137,-1.59481286403488,-3.99874101497647,0.53291600512765,-1.59974774664004,-4.50654559152304,0.533195811205869,-1.56850049726309,-4.4971359315161,-5.24726154209421,-5.23853025390728,-4.22227920904257,-4.23375216076681,0.532812357474444,-1.62179033534427,-4.51430148242814,5c2e818561f049000169d2d5_day2_block2
27,d1r1,0.570996065671091,-1.94812852073553,-3.61632427944215,0.605524267954077,-3.07842694306911,-4.54524580145732,0.605522680743762,-2.98053792612143,-4.54826604650662,-5.01653154264254,-5.0437892144217,0.0675495072894139,0.182134323770164,0.605524928397107,-3.14640888081431,-4.53330701935521,5c30a8e12644d70001858e18_day1_block1
27,d2r2,0.598799653940826,-2.95546871036289,-4.12288910704466,0.60551714663387,-2.78565609293651,-4.57218941754975,0.606732179232088,-2.99693178572634,-4.44177776830288,-5.00241693531607,-4.3841812674475404,-0.509968221321132,-0.907123639953727,0.605519854929806,-3.29786697629876,-4.627196780692,5c30a8e12644d70001858e18_day2_block2
28,d1r1,0.613005658639671,-0.392700757436794,-2.86561909052688,0.548014282379492,-0.166065821991324,-2.86785264910641,0.543874796276273,-0.159154168213429,-2.7492364475572,-4.96196738893233,-4.93563507637589,-4.4864966983852,-4.41434850924792,0.552899427147011,-0.203381125707386,-2.91306302993564,5c3f0b7ca98c4c000111fee2_day1_block1
28,d1r2,0.654420839372855,-0.732798104595703,-1.94048275378163,0.618868423525413,-0.312681591591739,-1.14360525965258,0.518873320773861,-0.427920622389428,-1.06810669896028,-5.11357075679797,-5.09422625956327,-3.71390525919787,-3.86673700685353,0.584917370855962,-0.294178413030992,-1.20404940830944,5c3f0b7ca98c4c000111fee2_day1_block2
28,d2r1,0.62454015952866,-0.800536996512114,-3.34420336517614,0.605291314640179,-1.1811172424192,-4.72978048011503,0.597637401580142,-1.14175012669849,-4.56334483956279,-5.2578806545774,-5.2116780725198,3.15032907227288,2.69282006209524,0.605136970462871,-1.12533560358881,-4.72496716542548,5c3f0b7ca98c4c000111fee2_day2_block1
28,d2r2,0.525235122638197,-0.991214314163183,-2.82853866140016,0.474403231549788,-0.686020833835629,-2.59960274811749,0.446979072194943,-0.810693124903017,-2.46423136100357,-5.18012945811405,-5.26230742622184,-4.22084783848424,-4.22785866710689,0.432760163246573,-0.566589167488826,-2.58536564739443,5c3f0b7ca98c4c000111fee2_day2_block2
29,d1r1,0.461458053249246,-1.17884913779138,-2.61677455009366,0.413886777723267,-0.6028295517165,-3.47504886050163,0.40754854844195,-0.726033941494632,-3.50663095443578,-4.18322814106058,-3.30360646071928,-2.94097415530531,-1.63172747403515,0.424768835701253,-0.444610871532604,-3.89225755092097,5c4b42666634320001598ff4_day1_block1
29,d1r2,0.495665892199348,-1.68914111847702,-2.71843153167334,0.262211091930928,-1.45195377067087,-1.83377942513763,0.283052617951731,-1.52989284620687,-1.94526847972672,-4.43082285032261,-3.91617979594093,-0.658917222493981,-0.566623196783916,0.243122666852477,-1.34593908543962,-1.81783340758188,5c4b42666634320001598ff4_day1_block2
29,d2r1,0.411516824505417,-1.82147199997377,-2.77514862822393,0.270098717059231,-1.59076613646364,-2.39229279968195,0.279131737999834,-1.55340983357015,-2.45059512044111,-3.10375556835024,-2.81666704601429,-1.80884618829038,-1.50264817489381,0.287629161934969,-1.70681995633645,-2.60173567844165,5c4b42666634320001598ff4_day2_block1
29,d2r2,0.216139635507154,-2.30123988761702,-3.20784643940875,0.219518351577286,-2.3239927925131,-3.83615421277082,0.225592836454236,-2.31228399319773,-2.96585700103465,0.489714650901074,0.497362350153567,-4.58218279265156,-4.53356781656486,0.21910801468679,-2.32403901168999,-4.0079464807769,5c4b42666634320001598ff4_day2_block2
30,d1r1,0.679039994796443,-0.881304801286845,-3.05997616217136,0.682587796183371,-0.693471968757862,-4.33044391687327,0.693989212974144,-0.702079183922255,-4.13645333581397,-5.25853424651471,-5.24591379057795,-4.62071796880334,-4.59568862560617,0.671746469416396,-0.690049503706429,-4.36427849819419,5c53ef4f26a39500019719b4_day1_block1
30,d1r2,0.698937349859585,-0.921417491616994,-2.47397047407107,0.612467097318755,-0.877286551281401,-1.87181687929855,0.592603990844313,-0.851822448457493,-1.81488207805625,-5.44164401731834,-5.4118458640969,-4.45722422283718,-4.43907508791292,0.622875955622457,-0.89558640515976,-1.92083541942556,5c53ef4f26a39500019719b4_day1_block2
30,d2r1,0.632967885025036,-1.36291702712581,-2.51353322955849,0.626787525558273,-1.07163218657586,-2.84611736412639,0.618713615694139,-1.09252361502865,-2.65744177766188,-4.49616243114752,-4.40373645224875,-3.78459505630659,-3.6800758125369,0.607950319546655,-0.966636071495243,-2.98996661640349,5c53ef4f26a39500019719b4_day2_block1
30,d2r2,0.443052495261885,-1.48289116975478,-3.36484354687191,0.326973641119238,-1.59121026086914,-2.5523648858735,0.355010720633439,-1.4611693287697,-2.75727967223923,-3.48943916920981,-3.62654549999741,-4.29990148178274,-3.89116579532781,0.322987490678677,-1.60592589862522,-2.731473227646,5c53ef4f26a39500019719b4_day2_block2
31,d1r1,0.708039978316543,-1.36110440716228,-4.08446705197028,0.688830734142986,-1.37531647464707,-4.04829585438678,0.704088592406308,-1.36279473083044,-4.25268697668221,-4.97076665581558,-5.07588209693618,-4.53863408924888,-4.54461270367832,0.673221034650014,-1.38682220722327,-3.911080964122,5c5493207f5e0c000143e96e_day1_block1
31,d1r2,0.619051742137514,-1.59580462577484,-2.72517702147855,0.596939342222445,-2.18323959322137,-1.71917572390226,0.577200156587443,-2.11304648552683,-1.75227513014214,-5.84435600435713,-5.77323305552072,-3.87403698491602,-3.93468876224645,0.604638270341488,-2.5142534003021,-1.78252278674868,5c5493207f5e0c000143e96e_day1_block2
31,d2r1,0.774422048004188,-1.97485299925234,-4.31352604592706,0.79220129516822,-1.6522635576706,-4.28781484784506,0.787216846010323,-1.77209028322624,-4.46884662288156,-4.78552256923973,-4.99019114646834,-3.42820561832926,-3.70424591838308,0.784620743800283,-1.13402133425076,-4.20627385507019,5c5493207f5e0c000143e96e_day2_block1
31,d2r2,0.784257865224693,-2.09012611475077,-2.73700061056501,0.774658834219753,-2.35106957572227,-3.41936902929911,0.769679116498681,-2.34929827489367,-2.47647667051145,0.948020214779761,0.965316938862122,-4.63625328100041,-4.60713470132279,0.775194287456957,-2.3489405137246,-3.48168756172113,5c5493207f5e0c000143e96e_day2_block2
32,d1r1,0.593626806453136,-1.01334002683554,-3.20416002832334,0.585483566444567,-0.689466435914622,-3.85681215592167,0.585293608448794,-0.747058380365755,-3.97784361188664,-5.24813576664483,-5.24274042463954,-3.64079314695606,-2.76471828635778,0.608416992711559,-0.672907777488097,-4.04189356129384,5c5cb335c378220001e5ed9b_day1_block1
32,d1r2,0.554352360875256,-0.884035531078837,-2.65200806160979,0.516106299802616,-0.561730361440435,-2.67508596531788,0.469503929923561,-0.669431303721386,-2.30945759978697,-4.86356956483082,-4.88873615019528,-3.74294164540004,-3.99345578939005,0.526456326384244,-0.637652194457852,-2.88310777281821,5c5cb335c378220001e5ed9b_day1_block2
32,d2r1,0.592161693174182,-1.1826084301814,-4.13969450923285,0.567874124839822,-0.825778258879525,-4.3823394442899,0.58027006366785,-0.869623598493891,-4.45885538743588,-5.14536422403977,-5.14749614376218,-1.02793683527496,0.10255181593907,0.545752279001924,-0.593514395833685,-4.29304154509473,5c5cb335c378220001e5ed9b_day2_block1
32,d2r2,0.55786453464469,-0.920116518423689,-3.30102271400825,0.519640365116738,-0.551876713065259,-3.82926924661335,0.525607733594845,-0.52102590128752,-3.82296358778625,-5.12451241523067,-5.09113984071749,-4.32962537680179,-4.22390246591814,0.52700937369607,-0.586537100055726,-4.00476029166512,5c5cb335c378220001e5ed9b_day2_block2
33,d1r1,0.520188292966433,-1.7949622687046,-2.75800754286478,0.474939538359336,-1.82632965245296,-2.49288924016493,0.471292666565282,-1.84012745121138,-2.38163355882692,-4.63647394758117,-4.8925342909865,-3.84419754437217,-3.70050942385819,0.480128348651987,-1.85934852878228,-2.53969976638397,5c60c298af517e0001a00b00_day1_block1
33,d1r2,0.431324384328313,-1.4448454485961,-3.44215579707714,0.483319763907232,-1.6786889449764,-2.91805081597587,0.483675140041814,-1.65431641631144,-2.85186049914187,-3.69601868605901,-3.72232065040456,-3.70697004376871,-3.62003395578006,0.482938332549639,-1.69468640590644,-2.96315944195046,5c60c298af517e0001a00b00_day1_block2
33,d2r1,0.450959076432067,-1.88119096809164,-2.55915512937423,0.494301910770896,-1.95716936744829,-2.63574004082524,0.494620028653989,-1.96064725699375,-2.57081041535872,-4.32680186869366,-4.45452145835459,-4.66120755950072,-4.64398650576863,0.49396110733561,-1.95494155144652,-2.69135552262475,5c60c298af517e0001a00b00_day2_block1
34,d1r1,0.519296523436408,-1.54141774928553,-3.03843604037457,0.479054239487836,-1.80290832740539,-3.59834941132496,0.480681794314141,-1.76884080682842,-3.45285568952733,-2.1023078929449,-2.46802334802665,-4.38460452414378,-4.32724244090871,0.477724545676819,-1.82146983108582,-3.70123354223637,5c645255ede39b0001c3a11b_day1_block1
34,d1r2,0.480263448140708,-1.64917702799676,-3.80067993947945,0.485376000593485,-1.869517485165,-4.40429155890867,0.485041557786949,-1.86345362144682,-4.38527691874829,-2.11769890768123,-2.19418225111273,-4.26502241582434,-4.20525181650514,0.48564225381534,-1.87375884225428,-4.41777791934271,5c645255ede39b0001c3a11b_day1_block2
34,d2r1,0.532432755672755,-1.65991777644413,-4.18279054835727,0.533959429624045,-1.75195799252204,-4.6419918765766,0.533896583086191,-1.74271010241773,-4.62757271413616,-5.30139441506633,-5.283449909978,-4.61851608757024,-4.60612956191258,0.534010187155634,-1.75887957028002,-4.65168557302988,5c645255ede39b0001c3a11b_day2_block1
34,d2r2,0.538228503430855,-1.74763085544977,-4.22341572049296,0.533989592889209,-1.86889248368753,-4.67147249158662,0.533918497980724,-1.86023334536947,-4.66140568799989,-5.24489250282566,-5.22241806379429,-4.63384123886476,-4.61561303846566,0.53403325881274,-1.87526792875789,-4.67822034568416,5c645255ede39b0001c3a11b_day2_block2
35,d1r1,0.450654105969895,-1.46276220393467,-2.99174384365262,0.48119932755317,-1.82571094089444,-1.77912117732072,0.414473775951164,-1.77648085762462,-1.84387722384245,-5.86587976566864,-5.75504102861815,-4.24617304820428,-4.29443648961399,0.521245348298265,-1.75542272614759,-1.72014276883345,5c7c3a866fa756000182443e_day1_block1
35,d1r2,0.420300102319998,-1.72961517492392,-1.99159330459952,0.508803067806885,-1.88660777076701,-1.61781283065733,0.474774437481635,-1.90216462681469,-1.62070103377602,-5.89316317470755,-5.89638099429761,-4.54499921486697,-4.52698374162068,0.522206961294139,-1.8543727157374,-1.60210205944532,5c7c3a866fa756000182443e_day1_block2
35,d2r1,0.531685744052573,-1.80354780869333,-2.50386319422652,0.546666488233494,-1.63288024775786,-1.99453706451639,0.490622144291157,-1.87936855635459,-1.82543737465489,-5.73514420674642,-5.77837909331548,-3.458886453679,-3.37010433437455,0.528833633588444,-1.59211577099269,-2.31732854582997,5c7c3a866fa756000182443e_day2_block1
35,d2r2,0.592785541789262,-1.50479799694119,-4.23425438324454,0.605777150934905,-1.52341198147896,-4.7295851043189,0.605912021114986,-1.57046182100595,-4.71834563133687,-5.32142346448913,-5.2967097034438,1.20803211608592,1.13110598400857,0.605572333189471,-1.76659053554084,-4.74252476677433,5c7c3a866fa756000182443e_day2_block2
36,d1r1,0.658251924774581,-0.721982047170731,-2.27345400968446,0.513833927493134,-0.083680367869276,-1.97253892891976,0.568765691074899,-0.0800274939939267,-2.31613578193706,-5.14044679606354,-5.0702401102105,-4.43300103548139,-4.39054604452399,0.436701183642964,-0.0149534053980408,-1.80375474321349,5c8249a1fff8430014e992fe_day1_block1
36,d1r2,0.599537504783347,-0.579665504392391,-3.27499108013888,0.584986571881397,-0.0097622436869823,-4.25217247966287,0.578417488822472,-0.0416124849282356,-4.18651280378311,-5.09466874585051,-5.06191125055936,-3.63740659106849,-3.26716894125963,0.587421197328334,-0.0916064458067087,-4.35289783376123,5c8249a1fff8430014e992fe_day1_block2
36,d2r1,0.632947245518716,-0.80888365884286,-3.03321462296074,0.643580275055991,0.0502139290550875,-3.87104983842402,0.621670804567706,0.0604037071720998,-3.52169504704233,-4.95527354703271,-4.72668902762932,-2.12359421884306,-2.45888653521014,0.661703822625193,-0.192631909310927,-4.13878539208831,5c8249a1fff8430014e992fe_day2_block1
36,d2r2,0.593686276471504,-0.324269653703191,-3.26347969135479,0.585494214826032,-0.322268179378392,-4.32039960873486,0.579090836233491,-0.148355617123363,-4.17440732054034,-5.16032423264461,-5.09587899094454,-3.61453544889057,-3.90886333279253,0.585961220973553,-0.455522350970341,-4.39667141161783,5c8249a1fff8430014e992fe_day2_block2
37,d1r1,0.528277233987745,-1.23855938329189,-4.06830875808335,0.530849888266088,-1.08103513870447,-4.50245543288883,0.531365509612777,-1.11070777882455,-4.49102045381585,-5.20458689007506,-5.18483933454375,-4.26047942448929,-4.18995369333631,0.535468932563774,-1.0653917792265,-4.64521470755046,5c89ab32c23f2d0014563d31_day1_block1
37,d1r2,0.452491747395407,-1.11818754372945,-2.07157424229406,0.502875959428226,-0.698245972864981,-2.83963061642976,0.477553233038459,-0.987575807587393,-2.91473125271271,-0.718422673145013,-1.1605180104947,-0.566628088468281,-0.557515177881615,0.451861947556877,0.163251833109135,-2.38729622524366,5c89ab32c23f2d0014563d31_day1_block2
37,d2r1,0.609481194250769,-1.09327808939674,-3.78725321113065,0.605356129366231,-1.2041876578814,-4.43280995999619,0.593850802644407,-1.16869471019284,-4.23354945249381,-5.12565372491045,-4.97120200558645,2.55956726868728,2.61859272883845,0.605529143915471,-1.38192919789258,-4.65900557573289,5c89ab32c23f2d0014563d31_day2_block1
37,d2r2,0.53892728647003,-0.897622504890988,-2.50920823010525,0.551501131408514,-0.743625556746043,-2.54923338069477,0.520915782828781,-0.738496200066495,-2.45957914741403,-4.97462598616823,-4.90697471894172,-4.34834198974587,-4.3131269918477,0.558546248300844,-0.639485305357913,-2.81983843421306,5c89ab32c23f2d0014563d31_day2_block2
38,d1r1,0.534323166474142,-1.63349505078807,-3.11354311060192,0.478482815820058,-1.71315776571083,-3.07439074106266,0.476081455077296,-1.69386017257724,-2.91923333324625,-3.03629119311384,-3.30476130904195,-4.13937505986818,-3.88883050642139,0.479377284258275,-1.72477707780908,-3.15941645677177,5c90a2fce2d9fb0011385b8b_day1_block1
38,d1r2,0.524353979517016,-1.72970762165431,-4.06293379678325,0.486407831095503,-1.78813873042181,-3.5761198728407,0.498029189269384,-1.78204324576975,-3.79834754565004,-4.37385138496264,-4.51596427156696,-4.61752173143861,-4.59057772885282,0.446515058688294,-1.81136898857018,-2.8693456213805,5c90a2fce2d9fb0011385b8b_day1_block2
38,d2r1,0.468148272172963,-1.72818752335879,-4.31227238790865,0.46478658701462,-1.86514790642185,-4.73260367564189,0.464742752105709,-1.85524032997243,-4.72897026213595,-5.32989786841846,-5.31030685319957,-4.67332057946838,-4.65890115755929,0.464814650684002,-1.87215377879052,-4.7352141930262,5c90a2fce2d9fb0011385b8b_day2_block1
38,d2r2,0.215237802048918,-1.93648923573661,-1.89727352550076,0.146803313038101,-2.22521182813135,-1.71332534430677,0.175395393345299,-2.15871104793686,-1.52038258880501,1.32170385268093,0.734776247423688,-4.50856263244277,-4.50722508269362,0.14682692083679,-2.31327252311523,-2.01025848697385,5c90a2fce2d9fb0011385b8b_day2_block2
39,d1r1,0.598535995961845,-1.81819554496041,-2.03172939040248,0.656362117021146,-1.93286467126504,-1.55767101377715,0.634150336930575,-1.91481121074172,-1.55386135265676,-5.90761583071772,-5.86445226709582,-4.53706643071292,-4.51439803259356,0.621551669522786,-1.92954636893539,-1.56447036704208,5c9d18d7732b420001bfb703_day1_block1
39,d1r2,0.666876684465471,-1.72975280157968,-4.15914385197012,0.673995128419097,-1.65868350467655,-4.56255891440673,0.681066472954137,-1.63635491329285,-4.28844675088418,-5.12880539319354,-4.80229797917855,-4.1762524883315,-4.05419071437627,0.671704346460915,-1.6604925940949,-4.68086989703346,5c9d18d7732b420001bfb703_day1_block2
39,d2r1,0.662115996809064,-1.88544471926271,-4.02537053755552,0.615838486440686,-2.48733144989407,-2.62795059213735,0.633984835596377,-2.12396172302699,-3.33815583736065,-3.62808794662366,-4.17063157551963,-3.20735274460576,-3.75128473375742,0.653176001444423,-2.06847236741197,-2.1574858775278,5c9d18d7732b420001bfb703_day2_block1
39,d2r2,0.651260757064929,-1.73345346712547,-3.89983987045749,0.572033544918146,-1.86755423509927,-2.10511931909655,0.598741848129836,-1.82922103182841,-2.90569887494854,-1.6876803527223,-2.82338519662063,-4.56165291811517,-4.52050451790408,0.60168039858169,-1.92782564500495,-2.31312451406399,5c9d18d7732b420001bfb703_day2_block2
40,d1r1,0.542836272919271,-0.633359509525829,-3.55759560248885,0.505755004049104,-0.492402696898945,-3.74404077671149,0.500214364660115,-0.424977001978319,-3.60913738757072,-4.83162286804317,-4.70847491384633,-2.54585567065404,-2.32999410337201,0.530974426489954,-0.719232740048208,-3.9076133183418,5ca0ab814a839d0001e78bde_day1_block1
40,d1r2,0.479368740569858,-1.01228754677879,-2.6339023759903,0.516252289672833,-0.660409526602401,-3.16383714938528,0.471673479045988,-0.77913457642334,-2.51997011231936,-3.36693080791414,-2.40388428221722,-1.98898733903789,-2.81704613802215,0.524994208354396,-1.0736725124165,-4.00785543235309,5ca0ab814a839d0001e78bde_day1_block2
40,d2r1,0.407812620319094,-0.881159071754466,-3.36632528428698,0.383683947893242,-0.716881238410581,-4.38413058155799,0.385247732176747,-0.725254168764709,-4.34640227302442,-5.07206315888453,-5.0738651256974,-4.49025923325545,-4.46407080026485,0.352091229896586,-0.582784629010213,-3.8988743537171,5ca0ab814a839d0001e78bde_day2_block1
40,d2r2,0.343108535494468,-0.927414667022651,-3.47126779452915,0.325788627655644,-0.80392262465727,-4.52487213874014,0.325138151680069,-0.800062473487302,-4.47292449775489,-5.23408427041947,-5.20960753031201,-4.60346343253416,-4.56846588660381,0.317890936161828,-0.789795538401913,-4.40141220338818,5ca0ab814a839d0001e78bde_day2_block2
41,d1r1,0.630222754879252,-1.6748294299398,-3.17977880192001,0.668639217460842,-1.51500708375633,-3.86388428729235,0.659491322554827,-1.6479326538369,-3.380244821999,-5.25122307194206,-5.38757837944666,-4.40328402330873,-3.77141589243005,0.665218963927368,-1.46560784884643,-4.12337391259538,5cb20f2d7c917b00172dfef5_day1_block1
41,d1r2,0.659920612978887,-1.39148650451642,-3.31321108973969,0.63669528107514,-2.13048246015082,-2.34437163387342,0.634953323751543,-2.07576155497129,-2.6723183899815,-5.2104050760331,-5.22400834890237,-1.84057011003653,-2.46605739482699,0.632465726840997,-1.67469729872405,-2.59557691096747,5cb20f2d7c917b00172dfef5_day1_block2
41,d2r1,0.684401397590699,-1.64661534838692,-2.77170610778177,0.700096708970438,-1.77570710335351,-1.71430114876266,0.677055927093217,-1.8850230802686,-1.71268433062683,-5.7272435599382,-5.75141951264577,-4.06261866451395,-4.00195696526892,0.640849441618804,-1.69209955029246,-1.75186449934243,5cb20f2d7c917b00172dfef5_day2_block1
41,d2r2,0.711542384522152,-1.33041558982353,-3.6992123924433,0.636725482889208,-1.56109115869409,-2.37694168470955,0.661930846270382,-1.48622924282226,-3.00514199809458,-3.78229018350605,-4.12548801812164,-4.28612884369948,-4.35827069941818,0.636491977704541,-1.44799929073768,-2.4773689075711,5cb20f2d7c917b00172dfef5_day2_block2
42,d1r1,0.601947632238019,-2.85342832696656,-4.03844146984143,0.5983382359796,-1.87751441506761,-4.32530296343035,0.600567507287576,-2.53924997181033,-4.2781689648399,-4.76242418105063,-4.15237965341423,-0.529291018936385,-1.03086525753088,0.597557795077702,-1.21157655692162,-4.38281271330877,5cc5c31a89c84a0001377a39_day1_block1
42,d1r2,0.59977619797342,-2.01979268021385,-4.35204653624558,0.605518136395949,-2.44860879039749,-4.74686668851988,0.60544467553247,-2.27453363680948,-4.73760266683361,-5.3436194471557,-5.31838731476944,0.621985757479977,0.62230492170047,0.605530276183312,-2.60522190718514,-4.75182315244262,5cc5c31a89c84a0001377a39_day1_block2
42,d2r1,0.582932670502673,-2.24076383846355,-3.76632734139378,0.536588760697479,-1.61581527794765,-2.14758300014679,0.538418107664262,-1.53549230222144,-2.46416794236759,-5.4762080483384,-5.35660908704473,-1.08358492329803,-0.819287840306602,0.533138617268265,-1.52768674986854,-2.17525026677487,5cc5c31a89c84a0001377a39_day2_block1
42,d2r2,0.522598118094877,-1.56010503937541,-3.90897177896295,0.537292009647117,-1.65978945564629,-4.55404182296883,0.535715825543442,-1.663897283185,-4.54508167984855,-5.05139222093613,-5.02174335835393,-4.55066883158449,-4.51003174263805,0.535751007186399,-1.64515079188901,-4.62712507374331,5cc5c31a89c84a0001377a39_day2_block2
43,d1r1,0.690441737285101,-0.306530167586432,-3.79985899552297,0.692388922584961,-0.0591331433490107,-4.47585298829773,0.686622204443213,-0.0733348357564957,-4.38392797466588,-5.18724891880097,-5.12221767712922,-4.49331453623974,-4.47493486991343,0.692337526639969,-0.0473813025938191,-4.52022039425472,5ce974067f18a500166fa7d7_day1_block1
43,d1r2,0.639530561882427,-0.71453486731551,-2.31347759842674,0.667143217556655,-0.070390844216924,-4.01630854853728,0.66387929412794,-0.10414379111256,-3.72530847078403,-5.18656225860984,-5.09407460190795,-4.52147244253162,-4.42690082566045,0.650487059452006,-0.0256522237269958,-4.21530618457479,5ce974067f18a500166fa7d7_day1_block2
43,d2r1,0.655777127003477,-0.664779616224844,-1.69469384047693,0.688009547407971,-0.195309118781374,-1.9661638166186,0.667466530900658,-0.303703189284156,-1.52699984229775,-5.06629601783774,-5.06701589598194,-4.24702368317467,-4.16642258776043,0.66030237700303,-0.187230241316534,-2.25123742037169,5ce974067f18a500166fa7d7_day2_block1
43,d2r2,0.617409067150661,-1.14197416466622,-3.76611682316495,0.619059997844205,-0.892504353168176,-4.55091215395872,0.61258884978447,-1.00070490757719,-4.5971943780085,-5.22700570320164,-5.21126464206573,1.02678931901125,2.00907939754285,0.623074929680066,-0.747811121737669,-4.51795968344419,5ce974067f18a500166fa7d7_day2_block2
44,d1r1,0.529697532765586,-1.19832410945937,-2.69041327414858,0.501602435462599,-0.464530963886595,-2.28416518650895,0.490054717433915,-0.684024131032033,-2.17680400511939,-5.04463970145917,-4.97984518352549,-1.14331042923344,-1.01090205223372,0.479048459792727,0.401662750827802,-2.09584570474282,5cf398a1e55efc000127adae_day1_block1
44,d1r2,0.579183580588522,-1.29735628639421,-3.94950890103207,0.535056898088474,-1.76978802952774,-4.6858776210842,0.537704122393138,-1.67600701000452,-4.66866548219913,-5.19274308568066,-5.16788185753254,-1.54463349167488,-1.3678802434134,0.535024318714133,-1.79953033967487,-4.69347788575768,5cf398a1e55efc000127adae_day1_block2
44,d2r1,0.467691246037084,-1.26548930044615,-3.88224255135108,0.480086458749682,-1.39268677155769,-4.36420561705584,0.473565070654997,-1.33010032117863,-4.45994101692847,-3.99515353325958,-4.43710742495283,-1.49852475494693,-1.20336156855184,0.484533887431196,-1.55991123080336,-4.29909928998611,5cf398a1e55efc000127adae_day2_block1
45,d1r1,0.637178548795478,-1.22391296300926,-3.5691534533583,0.586610860348808,-1.10868423026568,-2.76277601254787,0.620217549894174,-0.942673257883812,-3.34907375605315,-4.15602037027455,-4.42154338923367,-3.18751894692571,-2.74011873908685,0.589398132814581,-1.24347598344726,-2.65725014138868,5d029f6482cabb001579170f_day1_block1
45,d1r2,0.770635346628259,-1.76821432163309,-3.07277696506275,0.891392031947018,-2.68881437090738,-4.00663785262322,0.889624811979518,-2.61778101565044,-3.84380171590511,0.486436297055121,0.597478437139184,-2.16080114961053,-2.38571598643136,0.892144109851843,-2.72490172957977,-4.09277013288199,5d029f6482cabb001579170f_day1_block2
45,d2r1,0.602593800697973,-1.95784703968301,-2.14692862196268,0.581452814671962,-2.11757520652169,-1.68540050047971,0.581911168244324,-2.08967755604962,-1.70145104112286,-5.89169726219509,-5.85103553283172,-4.34050471001908,-4.30274364503763,0.604197186373691,-2.24737571924748,-1.70337300976385,5d029f6482cabb001579170f_day2_block1
45,d2r2,0.599872820185565,-2.46118461044948,-3.97567561442147,0.605528959202623,-3.2543463311749,-4.64227100360268,0.605528305474788,-3.20063775121051,-4.64617365939081,-5.19956860072078,-5.20024968862848,-0.14485827329922699,-0.0690635050250153,0.605529304750143,-3.29080909498397,-4.63725640151811,5d029f6482cabb001579170f_day2_block2
46,d1r1,0.46718175690943,-1.42844633501268,-4.20950084230712,0.473912019209246,-1.18938633786858,-4.46031505817057,0.469341041341347,-1.28269448420534,-4.58129744952686,-5.02411760338757,-5.14260924553249,-3.81460066181386,-4.05326015117709,0.469615812100641,-1.20755239669926,-4.54176719517752,5d0eb8f40c09d600174dca28_day1_block1
46,d1r2,0.478855894415911,-1.65385347575557,-2.56951257026701,0.442383757670099,-1.76122656196635,-1.87864418627205,0.464545305680408,-1.80906263694785,-2.77982577910785,0.194067568726271,0.283345038945987,-4.31722682798101,-4.38116711358224,0.491581882414021,-1.6476388146291,-1.93015652422928,5d0eb8f40c09d600174dca28_day1_block2
46,d2r1,0.530121090801092,-1.75593337915065,-4.33128991908272,0.535440553653878,-1.88001396308724,-4.7326334300454,0.535361167383852,-1.87793160092931,-4.72777198451067,-5.33039705654278,-5.31043475173408,-4.67783633349081,-4.66443077869436,0.53557856080037,-1.86915061104684,-4.74348576428435,5d0eb8f40c09d600174dca28_day2_block1
47,d1r1,0.445233443104999,-1.96554526287623,-1.93503570327852,0.410223795287701,-2.99052082026615,-1.93992380908404,0.403044586211412,-2.7156004878963,-1.85254020192002,-5.57895845322105,-5.68348006632321,-1.80545332131623,-2.62370056991694,0.404754116907862,-2.40028719625914,-1.8101846577343501,5d1e4a3ed4b9d60001ec8f1c_day1_block1
47,d1r2,0.569084953433212,-2.50394380426861,-3.50426436298713,0.547247394115333,-1.6913791926125,-2.85081803970682,0.541068792146932,-1.65823697169572,-2.88421632636979,-3.82424848857185,-3.72894999565005,-1.38072376187131,-1.34863296870316,0.537217615157473,-1.51739065351172,-2.93307951261317,5d1e4a3ed4b9d60001ec8f1c_day1_block2
47,d2r1,0.665093234218954,-1.92178025592339,-3.22363644914284,0.7088842515997,-2.05583966274622,-2.11438850246993,0.678012204963244,-2.10250539655204,-2.10857736785278,-5.45843668649405,-5.38752379298289,-4.48994705870724,-4.43145667774034,0.724437978625791,-1.9299713992683,-2.06675095861045,5d1e4a3ed4b9d60001ec8f1c_day2_block1
47,d2r2,0.464786418819697,-1.71376954591855,-2.20523402905973,0.567579393130086,-1.72979394421996,-1.96555975518732,0.535628272511395,-1.7085525858956,-2.11447703882988,-5.54645082705404,-5.1433993474643,-4.49799527769085,-4.4808055190905,0.598621141655344,-1.80930476508925,-1.89795095921257,5d1e4a3ed4b9d60001ec8f1c_day2_block2
48,d1r1,0.602768989039853,-0.875587823254618,-3.73381139760891,0.603802967477845,-1.1255895219656,-4.68894697060878,0.603744486394044,-1.13949466837181,-4.69631041425837,-5.26098669263042,-5.25989137369879,3.22103917318825,3.202131877145,0.602849547473023,-1.11111709411886,-4.68975081570677,5d21e78e5a2cea0016a843c4_day1_block1
48,d1r2,0.568951346788694,-0.458375546007283,-1.94270193291223,0.533857291550921,-0.392605840732209,-1.70615664643989,0.501234857258893,-0.404298571624985,-1.58190822588517,-5.07721700959013,-5.1638391948788,-4.53359333893163,-4.50813579408512,0.613729615974617,-0.425145232662923,-1.61494894819461,5d21e78e5a2cea0016a843c4_day1_block2
48,d2r1,0.574154651605729,-0.696017949032215,-2.45754363910037,0.51250677590844,-0.525482394601984,-2.06323467002341,0.491258853489573,-0.547232278620101,-2.01197887872694,-5.09342547725737,-5.09545948738376,-4.54822619717228,-4.5323811742969,0.57138983807524,-0.533685644543604,-2.09497995529243,5d21e78e5a2cea0016a843c4_day2_block1
48,d2r2,0.496155286205531,-0.971837319506336,-1.58034986905581,0.591870116472127,-0.652602600096379,-2.20180589937963,0.524868444618335,-0.675389173167031,-2.17606537222406,-5.1962250079424,-5.15501618982588,-4.45731360066272,-4.406370144214,0.753142118476163,-0.834010446763178,-1.08967590314983,5d21e78e5a2cea0016a843c4_day2_block2
49,d1r1,0.77249513069261,-1.41457805666645,-4.1247062329163,0.783339050523526,-1.40491298272324,-4.66497775655685,0.78173864847043,-1.33907951929119,-4.58120750348502,-5.29758639751133,-5.23883306997254,-3.9052596892386102,-3.76164551309563,0.783617563239084,-1.50389327115213,-4.68806390233333,5d32b799669d96001abbafe0_day1_block1
49,d1r2,0.704679320545822,-1.4667898298232,-3.79191042240777,0.679924468717862,-1.67109072332429,-3.20614988048361,0.681589243574428,-1.64418609921446,-3.23099713707088,-3.90807722700652,-3.92771771340366,-4.52370080070419,-4.51922132902708,0.678720597441082,-1.68656817762259,-3.19569147635761,5d32b799669d96001abbafe0_day1_block2
49,d2r1,0.736629742527461,-1.09548002796489,-3.36583484872253,0.681215594586161,-1.17041607956761,-2.58737272571574,0.690192444335862,-1.10982749799662,-2.72479446488451,-4.83127471841442,-4.85017266957208,-4.07075534042744,-4.17857093231321,0.667479330026875,-1.19976579752906,-2.49770564614573,5d32b799669d96001abbafe0_day2_block1
49,d2r2,0.708970887204318,-1.26915290428596,-3.4114484922986,0.594871290459225,-1.4537891093306201,-2.10262260608676,0.614015922630229,-1.33302044788933,-2.37648980208241,-5.1478134829534,-4.99209045552851,-4.17733168853772,-4.30636134255141,0.602041957714646,-1.81553549302802,-2.13865745466875,5d32b799669d96001abbafe0_day2_block2
50,d1r1,0.494583913009588,-1.03387475749804,-4.08649483097585,0.494823038704088,-0.55114504456021,-4.58093104766196,0.489286559184512,-1.07504453864563,-4.61196640316978,-5.16548865090238,-5.18350460452006,-0.597684384343272,-0.724177784624755,0.491328344178327,-0.982607793225859,-4.66519598229593,5d3f34ea8d82dd0001e04247_day1_block1
50,d1r2,0.185250425419904,-2.01603338222231,-2.93028185249232,0.268389879050092,-2.59241080232147,-0.680002753895826,0.186891067192765,-2.6482987712886,-2.56363375232071,0.21801521768527,0.0719538247984152,-3.98655952352178,-3.9464698967942,0.724387154846234,-2.65372099490536,1.5001017340183,5d3f34ea8d82dd0001e04247_day1_block2
50,d2r1,0.472896160438425,-1.5438814432458,-4.12112230723912,0.472710446302555,-1.78875185813821,-4.62536470294633,0.472640442134157,-1.7828337924214,-4.61663501453104,-4.38070283151899,-4.41353880729079,-3.8385329837393,-3.77051953733163,0.472800645583666,-1.79271586856197,-4.63139436343811,5d3f34ea8d82dd0001e04247_day2_block1
51,d1r1,0.516121923178183,-1.10632324140082,-2.42230015447443,0.455273264661771,-1.29531544864772,-1.5285718374547,0.439246106055916,-1.27797208236835,-1.53232137407317,-5.43520388381473,-5.47944982166447,-3.98217908764088,-4.00733984447853,0.446897441582271,-1.13521794353371,-1.7907689217841,5d3f63257e89a9000196f790_day1_block1
51,d1r2,0.455996700865383,-1.13083304248857,-3.23532893001149,0.472368728297673,-0.889458287816792,-4.33385742766992,0.468045567493289,-0.926751865071897,-4.26607972731873,-4.92757749083059,-4.84376225675495,-4.36304624666285,-4.31812166078153,0.489678283745896,-0.903917493883661,-4.02568526178858,5d3f63257e89a9000196f790_day1_block2
51,d2r1,0.463179917673607,-1.46303079099487,-2.54746895391039,0.429722505171613,-1.56648189716227,-3.12120208709714,0.408973795508357,-1.45412273319419,-2.64775742766108,-3.13751771913046,-3.98723811788797,-0.592506280392781,-1.49786108935022,0.413173644453922,-1.42090273243436,-3.62553217882493,5d3f63257e89a9000196f790_day2_block1
51,d2r2,0.571950890139662,-1.23715176646114,-3.41544187972878,0.441914131896925,-1.23890871661465,-3.04805409043073,0.434496211358078,-1.2352198225478,-2.73990912844834,-1.5380710620677,-2.70995293015905,0.927698568915086,-0.56609584771016,0.539497162493322,-1.23915356909354,-2.16292906973846,5d3f63257e89a9000196f790_day2_block2
52,d1r1,0.511480789381867,-1.27937482640406,-3.0839630811459,0.490566718653388,-1.22932926002991,-2.7018808586741,0.482074410179086,-1.22424599536922,-2.6414588446525,-4.83681709883911,-4.87638714726276,-4.51601616846926,-4.46691470112279,0.467403532841687,-1.22485819930118,-2.72511408533777,5d470786da637a00014ba26f_day1_block1
52,d1r2,0.540398135886215,-1.37107751792509,-3.05960716977684,0.4634814055831,-1.34370389037816,-2.18661914134647,0.459137812110046,-1.38135419936016,-2.21874012259598,-4.58603259958633,-4.46117017110348,-4.35372574793143,-4.30743925371006,0.465724985185271,-1.2784013985641,-2.36173320263878,5d470786da637a00014ba26f_day1_block2
52,d2r1,0.532562913435349,-1.47032045445919,-3.65417680397325,0.531377529171075,-1.37099713358231,-4.49518967108093,0.531590101462081,-1.38151039483429,-4.46396564755152,-5.30672849369846,-5.2954596856172,-4.62067734836565,-4.60022514933826,0.525174572982061,-1.34998342841257,-4.38853530256058,5d470786da637a00014ba26f_day2_block1
52,d2r2,0.434612563029153,-2.17427543850395,-2.7274387073796,0.410004622376576,-2.54688456463784,-2.08462812599991,0.403374562865232,-2.43098785669978,-2.10539819092911,-5.45212376769393,-5.32348412654272,-1.36325816091938,-1.48697235156681,0.395018659913176,-2.84909345035832,-2.09553183312513,5d470786da637a00014ba26f_day2_block2
53,d1r1,0.601165572122731,-3.33093985887566,-4.33585564405045,0.605513815917538,-3.52510049146907,-4.52832986913677,0.605514438782586,-3.498398987247,-4.54142389848534,-4.35410394040377,-4.5335659634666,-1.24590662624315,-1.09056423663265,0.605512620490349,-3.54099100824294,-4.51249620410799,5d47d84a4555540001a4ae83_day1_block1
53,d1r2,0.598506797978031,-3.10520320951924,-4.09171240360646,0.60550507580053,-3.63829181423551,-4.2769561958669,0.605502184188347,-3.62581668218302,-4.31083561386244,-3.21961558622339,-3.38209416284656,-1.70823250187076,-1.60004576611042,0.60550692058106,-3.64611434049718,-4.24955285526013,5d47d84a4555540001a4ae83_day1_block2
53,d2r1,0.66197185120033,-2.01219965997346,-3.08593005235348,0.674177550804407,-2.00388379993401,-3.54805943528215,0.674684485682117,-2.00457957311726,-3.5107410944001,-3.5912789213401,-3.59925641271556,-4.56036429807142,-4.53282630532113,0.67385390859351,-2.00299401398191,-3.57010603353267,5d47d84a4555540001a4ae83_day2_block1
53,d2r2,0.671533218089141,-1.8646130376687,-4.37094241233361,0.67152885837771,-1.94158993248803,-4.73823330216739,0.671517937531787,-1.93674249644445,-4.73327868663534,-5.33560481632258,-5.31449078417749,-4.67294532773321,-4.6554834616516,0.671529028978011,-1.9441517267983,-4.74166512663738,5d47d84a4555540001a4ae83_day2_block2
54,d1r1,0.619343338195785,-1.54267171136959,-2.94916568949829,0.554852235860409,-1.78836602550806,-2.016958691329,0.534768842164713,-1.75056747851452,-1.9858060403339,-5.22727873099518,-5.14002803189255,-3.79071289840607,-3.68252056367095,0.539134534914561,-1.70452032132839,-2.05458333338775,5d6b90dbf72f20001925cd38_day1_block1
54,d1r2,0.576337212650699,-1.54392953512949,-4.27114292343983,0.605529691772669,-2.10099138875172,-4.74605165330457,0.605567519837163,-1.83124569863725,-4.73974220200161,-5.33318363398938,-5.31223387365005,1.17427384586377,1.50222376646162,0.605530055828403,-2.29263690197862,-4.74795911116109,5d6b90dbf72f20001925cd38_day1_block2
54,d2r1,0.601895464536984,-3.10561504795268,-4.28813241491031,0.605505253416287,-3.56633467938106,-4.43525196599171,0.605505782571429,-3.54586039690572,-4.45874582523311,-3.14119319203421,-3.53586978251922,-2.04702554043171,-1.7724338179681,0.605505099391583,-3.57878509629857,-4.42006992998423,5d6b90dbf72f20001925cd38_day2_block1
54,d2r2,0.602186315817302,-3.33967637406465,-4.26371422470812,0.605502144459239,-3.52815785779605,-4.34829599213933,0.605503276745928,-3.50238654317585,-4.37105426998063,-3.59037131985522,-3.90925338734234,-1.89151093947515,-1.62473391642224,0.605500636818974,-3.54259600609607,-4.32815425857229,5d6b90dbf72f20001925cd38_day2_block2
55,d1r1,0.754850186175089,-1.27013218527043,-3.73227633180734,0.717832311178442,-1.22773758930699,-2.8317321412135,0.737433935626165,-1.16598915133463,-3.39575211996468,-4.73229278174867,-4.86210097012331,-4.22918477740115,-3.96493604481113,0.728355415877439,-1.2067048709354,-3.02838398357772,5d6e1de148a6dd001903e08b_day1_block1
55,d1r2,0.760210555161603,-1.87117624297646,-2.52267402366344,0.785341913094781,-2.05353904255344,-2.84730586633176,0.785388022463726,-2.0170214979435,-2.80149700670489,-4.36000464147372,-4.44996802180754,-4.30042272392044,-4.26772623320827,0.785186061084729,-2.0715585525566,-2.9024786585525,5d6e1de148a6dd001903e08b_day1_block2
55,d2r1,0.770184760989757,-1.93162666269442,-3.39753999081606,0.775657304016436,-1.73189444851431,-4.04781562213981,0.777541300343306,-1.86000520270169,-3.67986763035097,-3.4652448213537,-2.59098747142993,-2.07923226873438,-2.66123118641758,0.783470137017349,-1.90511357270063,-4.45563064878318,5d6e1de148a6dd001903e08b_day2_block1
55,d2r2,0.868272430366896,-2.6349604383396,-3.45774439870145,0.891118676572906,-2.75192773373085,-3.73169604377906,0.869345230697628,-2.70924147008333,-2.8865843145973,-0.0139996466604763,-0.057154354171988,-4.24928142685852,-4.22031757786185,0.891684537838815,-2.77268321996968,-3.93807564895733,5d6e1de148a6dd001903e08b_day2_block2
56,d1r1,0.512074135446262,-0.611976017296585,-2.84249048539454,0.454488404059593,-0.426786148382135,-2.88881905712497,0.436070218214379,-0.446895837551092,-2.70397800595577,-5.00723182203916,-5.02302148081981,-4.57980376779138,-4.53746196126723,0.508370049676349,-0.418778435827205,-3.0045034762405,5d6ff29b6fa93a001d61fc06_day1_block1
56,d1r2,0.338336732319243,-0.935151609221294,-2.2984603270775,0.357849248716239,-1.0737764723832,-1.43998306859148,0.290218247634456,-1.12734016680063,-1.74601634647848,-3.23388503391098,-2.0526645017373,-3.00839592401748,-2.56584931748144,0.385707512438375,-1.21488791860797,-1.5127889171615,5d6ff29b6fa93a001d61fc06_day1_block2
56,d2r1,0.793799515342089,-1.41501489173905,-4.06439173297554,0.782657428462022,-1.63640093981802,-4.29767341114305,0.780284325288984,-1.59119916385802,-4.27128811228539,-5.1677430743208,-5.09359858659741,-1.15709001856893,-1.23850993982597,0.783943934449954,-1.92876357903319,-4.37295920360781,5d6ff29b6fa93a001d61fc06_day2_block1
56,d2r2,0.772226900746508,-1.44765317314132,-3.90854880900553,0.764126368124892,-1.09335427117623,-3.88748239589362,0.77031775300838,-1.00129818653666,-4.15601937798619,-4.54117799175364,-4.77036839724486,-1.73592560642469,-1.60210982134786,0.762256827693059,-1.06711027063253,-3.85497331661586,5d6ff29b6fa93a001d61fc06_day2_block2
57,d1r1,0.596636803542905,-2.28598089561143,-4.26056036180743,0.605494702388705,-2.71151087694239,-4.73377457407049,0.605287057162456,-2.60852012219186,-4.70975349527049,-5.32169459716085,-5.27877851894936,0.256104161699047,0.197154294665184,0.605530003387142,-2.97585388678534,-4.74277362208657,5d7e6ca9e7d6cc0018914ee9_day1_block1
57,d1r2,0.599248073630125,-1.94126110849954,-4.35011526719139,0.605351943700689,-2.5249067448111,-4.73208842820816,0.604752341802317,-1.96885408700753,-4.70876280797977,-5.32323666955524,-5.28142647101754,0.466856223457068,0.460543410013875,0.605530041068128,-2.78625037935893,-4.74592596165053,5d7e6ca9e7d6cc0018914ee9_day1_block2
57,d2r1,0.588661079492795,-1.85060547662952,-3.92900439065243,0.596934076428172,-2.51351850283715,-3.77886130285203,0.581404262019867,-1.99048481821811,-3.55222681654292,-5.27862213286996,-5.10917186872584,0.0396684937742939,-0.0287272703235521,0.605505128469958,-2.97149375783253,-4.07420461369451,5d7e6ca9e7d6cc0018914ee9_day2_block1
57,d2r2,0.520251400238818,-1.65580718947115,-3.1868981927185702,0.558821003102233,-1.7706620437233,-3.79740304169216,0.550541611586387,-1.71415109962582,-3.92027663559747,-0.634773350314232,-0.443785465037506,-4.16273759728128,-4.26391323573586,0.587359761055795,-2.17274819800268,-3.17028943776371,5d7e6ca9e7d6cc0018914ee9_day2_block2
58,d1r1,0.409079809094944,-0.878891635758253,-2.28584947566741,0.310230927282317,-0.771515280278096,-1.32981403081981,0.267730514596274,-0.850970794881786,-1.34000534227208,-5.46199216749226,-5.4437871749951,-4.3015011107333,-4.30932231374811,0.325521618146837,-0.820046284198616,-1.33564247241784,5d8a205752aa930001c7eda8_day1_block1
58,d1r2,0.528492542921236,-0.746310309981092,-2.06269651777773,0.520304086453842,-0.827709169797438,-0.832595392419713,0.479818489754737,-0.871125486204664,-0.844174430826439,-5.43445625431683,-5.31466493856021,-4.36536451961328,-4.33248914320537,0.305349917879337,-0.871246031885874,-0.745839379767693,5d8a205752aa930001c7eda8_day1_block2
58,d2r1,0.518841112893624,-1.01742625856782,-1.10975699169847,0.370418709303869,-0.943852048564086,-0.977397380246003,0.412349877434679,-0.976236306010185,-0.952438734066393,-5.18884901024888,-5.2147968942117,-4.243793907188,-4.19408590571263,0.288984607803986,-0.86283158200521,-0.995529610289907,5d8a205752aa930001c7eda8_day2_block1
58,d2r2,0.314856016199834,-1.29146598134838,-2.42083400881474,0.407369352587061,-1.64158417316973,-3.02462998846171,0.411558363847859,-1.47455414725911,-2.64105633809998,-2.14941852742702,-2.39308966501914,-0.0152973808702849,-0.303669597462878,0.380541758154085,-1.09174375268205,-3.3177150080354,5d8a205752aa930001c7eda8_day2_block2
59,d1r1,0.780283401427159,-1.4709968002683,-4.22337653237792,0.784721134523759,-0.767941949656149,-4.66510119725842,0.784007660819318,-1.23041782940429,-4.68201749546793,-5.24412772969176,-5.24043037590895,-1.09906947833904,-1.15882091233359,0.78475155082723,-0.665571967443069,-4.66365567899086,5d8aa1e3eab19600163d9ab7_day1_block1
59,d1r2,0.572722065026923,-1.66077158163135,-3.2146535226315,0.614329657466865,-1.24144271414516,-3.86986818720954,0.59693669103708,-1.58712423621712,-3.57466794206914,-5.20918295770039,-5.19427914458377,0.164470244565052,-0.101936239306124,0.631215789088036,-0.733848259223576,-3.60022973707784,5d8aa1e3eab19600163d9ab7_day1_block2
59,d2r1,0.656746413091411,-1.86476922225633,-2.35151908391589,0.624762031113922,-1.90687353430759,-2.03450173747021,0.607102906529284,-1.92717500063144,-2.02023791932596,-3.58601976898769,-3.45632352354951,-3.42587482607913,-3.45117181520831,0.677821920393032,-1.84667256300704,-1.76485446502451,5d8aa1e3eab19600163d9ab7_day2_block1
59,d2r2,0.877776063762582,-2.45368714358401,-4.08219518360726,0.894707839144872,-2.85592881596479,-4.53513024238107,0.894654560414551,-2.85086669369277,-4.51498955591533,-0.289468915961215,-0.35061833485117,-4.50442333468983,-4.43324971403501,0.894737442636003,-2.85924471954681,-4.54991463481139,5d8aa1e3eab19600163d9ab7_day2_block2
60,d1r1,0.530183857816285,-1.63677104901556,-4.3203245458986,0.537677949449724,-1.64930326098285,-4.66732564803548,0.536673560932942,-1.66517423890264,-4.68781350083643,-5.2734016384621,-5.27534310265473,-4.64769891481634,-4.63320005327313,0.535986657507144,-1.64385834898835,-4.70963264634856,5d9de192a26f37001211d3cf_day1_block1
60,d1r2,0.561195891676438,-2.33938470640554,-3.04469089465319,0.537351750181938,-1.86585047177595,-2.23657710579066,0.54325595024405,-2.11145079728972,-2.30268816518844,-4.93972177537938,-4.54546937449583,-1.05365583689066,-1.04583853019136,0.583000747952392,-2.07571092472236,-2.14021198391215,5d9de192a26f37001211d3cf_day1_block2
60,d2r1,0.616941129780555,-2.93605280093475,-3.32742221623262,0.61650182352745,-3.3231288931748,-2.55679230182048,0.610983700277459,-3.34577549674634,-2.49804077102408,-4.217067415868,-4.27643222143761,-1.11295856748538,-1.11177855355374,0.660570176101249,-2.35991821318302,-2.10289439569571,5d9de192a26f37001211d3cf_day2_block1
60,d2r2,0.585720924478083,-2.70695702385343,-3.74471860096685,0.511192237566316,-1.82565190858248,-2.25287846573039,0.529412424122381,-1.66649423624953,-2.6139637464944,-4.84873205001906,-4.81075207787538,-1.15152915242605,-0.924772303811172,0.508628874215575,-1.82439537834115,-2.27615691572803,5d9de192a26f37001211d3cf_day2_block2
61,d1r1,0.725772677125125,-1.27788255934391,-3.51805040372332,0.730487406007184,-1.16928498218737,-4.6226361150993,0.730027007519771,-1.18765164755194,-4.56810481912719,-5.2664418180977,-5.2498173792962,-4.63932359748654,-4.59586057875965,0.732557155377488,-1.16293175403576,-4.63457608377153,5daf65969975f80015854b5e_day1_block1
61,d1r2,0.786175429003184,-1.15062391158853,-2.65641987277697,0.789937676131575,-0.90949353050507,-3.31916430589858,0.775188098215338,-0.985558287093287,-2.93384447432202,-4.85375605462338,-4.98477350603637,-4.50804783292246,-4.47409720514327,0.787046471581617,-0.877857129101549,-3.6564160938744,5daf65969975f80015854b5e_day1_block2
61,d2r1,0.717896818016109,-1.34104555579276,-4.23963364322061,0.731216394578384,-1.36764516887495,-4.72365284392883,0.731237544808176,-1.37357863287767,-4.71108753817288,-5.31550702068349,-5.29064808722105,-4.6365555383285,-4.60589176886061,0.731068837696378,-1.3675145745007,-4.73395550400524,5daf65969975f80015854b5e_day2_block1
61,d2r2,0.717624606067857,-1.28215064179322,-3.51600193790852,0.731656926350442,-1.19438506430132,-4.57266249938622,0.735285489088664,-1.20705701165951,-4.38408495784553,-5.25773408297293,-5.21826474221487,-4.62823794238189,-4.59773721952239,0.731233100479493,-1.18926045728256,-4.64451361045339,5daf65969975f80015854b5e_day2_block2
62,d1r1,0.641329444787876,-0.87220697669624,-3.73828076395625,0.605886918809043,-1.16149882760252,-4.72994523131496,0.606147645057337,-1.17234079172473,-4.7231971517404,-5.30927674873011,-5.29285566664428,3.19058262046481,3.11405881657057,0.606715031859134,-1.12366655163502,-4.70390136742878,5db6fbd992a62e000c1d47d5_day1_block1
62,d1r2,0.602045502458915,-1.25329661417896,-2.57517762546121,0.594064590382007,-1.15682912963734,-3.14370665204597,0.588139751540601,-1.17573193463947,-3.24839396741531,-4.57462790845425,-4.41548707763498,-4.00069509714926,-3.8817124293044,0.641644382153558,-1.17028551238951,-3.0763465205925,5db6fbd992a62e000c1d47d5_day1_block2
62,d2r1,0.579660665606937,-0.317649262646215,-2.86176229030318,0.602734376081211,-0.383518941813241,-3.90029047018292,0.562040428777246,-0.165936688681492,-3.68780316388104,-5.16230245585142,-5.10344066285601,-3.3666531172066,-3.86051913433146,0.626658933281345,-0.69454135957384,-4.05715891539579,5db6fbd992a62e000c1d47d5_day2_block1
62,d2r2,0.680819909246945,-0.703480157620382,-3.65505123561504,0.661077083133923,-0.658551724149592,-4.14896923668119,0.660893277733856,-0.610927318544764,-4.02991304855893,-5.10917094277059,-5.02021585997728,-4.26550415659811,-4.16253560014718,0.662386043003048,-0.697194229200475,-4.21128769973752,5db6fbd992a62e000c1d47d5_day2_block2
63,d1r1,0.691393703305068,-1.66744481507684,-3.82539292596399,0.674903292355062,-1.87683218325108,-4.12216751370586,0.675516650730353,-1.86419266100104,-4.09237984057527,-2.80607475226453,-2.92862347385343,-4.36596634200912,-4.32676784933833,0.674494750108275,-1.88505211784544,-4.14227279555844,5db9e0044a8eb40431d5e782_day1_block1
63,d1r2,0.678988393109791,-1.59681748927154,-3.932848878634,0.672088096091368,-1.7229073123037,-4.58669131316372,0.675239292550805,-1.74043951101852,-4.51713446763574,-5.04322921476887,-4.98465015719015,-4.1751545354723,-4.08232521430981,0.67220935163887,-1.73970150864832,-4.59998063086724,5db9e0044a8eb40431d5e782_day1_block2
63,d2r2,0.775225813398261,-2.03569114906927,-3.77274200943808,0.783356250728229,-2.2622388417024,-4.49776071531667,0.783294804951993,-2.26299992216708,-4.47234701484588,-0.200505325700432,-0.199781904748615,-4.60769342147061,-4.57699497063755,0.783387818111758,-2.26118520129206,-4.51536274699108,5db9e0044a8eb40431d5e782_day2_block2
64,d1r1,0.600655181961544,-3.25520791997082,-4.38034727756777,0.605528866554941,-3.4163354163122,-4.7139816752914,0.605322856570875,-2.96298283231279,-4.67332116910632,-5.24178559967984,-5.19278842868225,-0.611143608295332,-0.662566105548523,0.605529557288138,-3.47418980514664,-4.7220070297028,5ddad5b6d69072a3fab25522_day1_block1
64,d1r2,0.606252509449265,-3.06503580534767,-3.79368503753626,0.610117362991059,-3.28947299278583,-3.92717572662772,0.607808805892332,-3.45810541683897,-4.000074445858,-3.28843676152613,-3.31853853460438,-1.37085709190523,-1.35886760228218,0.628557577598803,-1.84389971337151,-3.61075712418668,5ddad5b6d69072a3fab25522_day1_block2
64,d2r1,0.601009920652516,-2.41134267839357,-4.40309313158137,0.605255118799445,-2.19778334919839,-4.73085603399087,0.604747529203209,-1.74745492846181,-4.71123988080171,-5.32803146313022,-5.2907605160469,0.417670874076979,0.400537003855497,0.604983202891276,-0.944252109945824,-4.72651448160095,5ddad5b6d69072a3fab25522_day2_block1
64,d2r2,0.578216313606452,-1.55286044804944,-3.92585892494647,0.564910068377533,-1.9992515422785,-3.40773313688235,0.550704578748783,-1.78510730286057,-3.63705820311119,-5.25090275388961,-5.13050832443161,-3.47339227650766,-3.67513603156942,0.599004108976893,-2.85222628473267,-2.37769114782512,5ddad5b6d69072a3fab25522_day2_block2
65,d1r1,0.604288996086684,-1.66290338790514,-4.15834486233266,0.603880898315395,-2.02310617879955,-4.65661714294614,0.604329634475658,-1.86075409928266,-4.66775232065205,-5.24217799354416,-5.2293877859975,0.661825317459899,0.685240702307148,0.605528217201437,-2.55229994360593,-4.72117242717813,5df5143f58a5c738d0e197af_day1_block1
65,d1r2,0.576509151014779,-1.9007539071557,-3.61116825619908,0.604921096817317,-1.99402463146158,-4.64259242960947,0.604974332192293,-2.02417702945873,-4.62680333347744,-4.19214743608987,-4.10082052530786,0.796289494205288,0.774079541842982,0.605512117492576,-2.44754368924831,-4.68604392955822,5df5143f58a5c738d0e197af_day1_block2
65,d2r1,0.606369261846631,-2.64900359140508,-3.89633928758841,0.60718684928654,-2.98925467831226,-4.25778437721089,0.606351516343165,-3.16903438636162,-4.24343413451394,-5.00082979456479,-5.03547498004763,-0.390900994648458,-0.362296937758685,0.613858824307734,-1.344341370807,-4.33245438820615,5df5143f58a5c738d0e197af_day2_block1
65,d2r2,0.624103403528266,-2.4780840156385,-3.05504521029806,0.613746527096604,-2.97733768456881,-2.6214211248413,0.603418263458212,-2.91102257819596,-2.65170735039921,-4.17537041734225,-3.9471090144245,-0.902728021405848,-0.994913010044175,0.64705543917721,-2.03522272055661,-2.35353450334292,5df5143f58a5c738d0e197af_day2_block2
66,d1r1,0.629373109254241,-1.77731648432375,-1.98631124732224,0.482612613761278,-1.97966234092246,-3.54985621876376,0.48373694614612,-1.98883191793762,-3.20563852477834,0.694709071329237,0.997571664836599,-4.3347759752891,-4.23204860827303,0.482210226363419,-1.97475839047412,-3.71865582537421,5df924a11e2e586a0fa62643_day1_block1
66,d1r2,0.673783752289995,-1.95852375583415,-1.63782287573003,0.500629270109513,-2.15007792922174,-1.53476224844791,0.53176757749358,-2.16844548942304,-1.37456943683401,2.70351719725899,2.71458080394916,-4.31380199186214,-4.29077793232598,0.500481875348123,-2.14093597607289,-1.64303999651478,5df924a11e2e586a0fa62643_day1_block2
66,d2r1,0.671962502066794,-1.58112973609813,-1.68800391607086,0.572773910416558,-1.92290118372437,-1.21508152859348,0.543764767087296,-1.95602616550406,-1.2766495279834,2.91882540289834,3.05649931368214,-4.12432839293487,-4.07053114159023,0.501749418756297,-1.90875945632238,-0.693812618614108,5df924a11e2e586a0fa62643_day2_block1
66,d2r2,0.483132062916629,-1.78246793458785,-2.20828986623382,0.519570853076969,-1.79398431721536,-2.76988215573051,0.509608296115752,-1.82041513365727,-2.92763785281559,0.855513125050526,0.859222402573675,-4.57744005165791,-4.57823355548709,0.45651254965158,-1.73867950387226,-1.10982999593023,5df924a11e2e586a0fa62643_day2_block2
67,d1r1,0.646577872535378,-2.29975750098966,-3.54208179032934,0.630179739212945,-3.14093885592103,-2.63707360476919,0.617829540177144,-3.33611308792785,-2.79035252766214,-3.81848988495225,-3.794681177912,-1.43859634927091,-1.48207669046377,0.672066419417886,-2.32191700751566,-2.1029446075888,5df97fcd11d8796fd29e85e3_day1_block1
67,d2r2,0.664677661818006,-1.8066113701025,-4.26335424879514,0.671597678922784,-1.94477745224685,-4.73073420056422,0.671628280425916,-1.94166347430241,-4.72423628270621,-5.30439494599818,-5.28052227901972,-4.66474875406014,-4.64791016108142,0.671579878419521,-1.94662563043351,-4.73510453155036,5df97fcd11d8796fd29e85e3_day2_block2
68,d1r1,0.553159964639501,-0.543512992712225,-3.00513470085034,0.504005578940286,0.201339684471978,-3.889928069439,0.508289225680672,0.144851557324659,-3.78591512352221,-5.04233950509676,-5.01577269697094,-4.17100346192314,-3.87882760358788,0.48372077922328,0.255444675166215,-3.9294153598839,5e120c2c8dffa088ab11ce9e_day1_block1
68,d1r2,0.413746197423723,-0.515492937039056,-2.18074173177123,0.425146445187071,0.137863583311981,-3.67924798136901,0.389916182864098,0.00717376360581991,-3.26620335098136,-5.1616887029059,-5.21821029582615,-4.39625912360802,-4.37997581849647,0.423803620250794,0.211589564625032,-3.97270962325149,5e120c2c8dffa088ab11ce9e_day1_block2
68,d2r1,0.553368015387351,-0.241708795130899,-3.42036596851294,0.500583686804572,0.0504795276302168,-3.9488344680724,0.499266340061738,0.0610928059115247,-3.89985000309357,-5.11653739580352,-5.10146936050962,-4.53429102370413,-4.49946892461037,0.505706209279476,0.0256767487357156,-4.0432954469682,5e120c2c8dffa088ab11ce9e_day2_block1
68,d2r2,0.509808983670443,-0.270257957330669,-1.97512470462948,0.477476072888352,-0.0703523494697527,-2.70339300423354,0.485975930680809,-0.122688316282922,-2.37105807397343,-5.21237973628812,-5.26273825783606,-4.55836548639201,-4.5047036440797,0.463102201186447,-0.0465335566394177,-2.98540659371002,5e120c2c8dffa088ab11ce9e_day2_block2
69,d1r1,0.673553538986514,-1.8444641038916,-4.28409452337012,0.691096597383005,-1.87569728031925,-4.01230324278371,0.68133892410966,-1.90558285095432,-4.36982525830309,-4.50685968156204,-4.89978247641679,-4.52500233476517,-4.5838074856851,0.699335360123921,-1.74504937054564,-3.36585114740707,5e1b3b93f07b72359c0c4ffe_day1_block1
69,d1r2,0.694196260952686,-1.75939388649587,-4.17224330889495,0.736641255737918,-1.54523370372638,-4.37566068656342,0.734206377150456,-1.59791610947152,-4.39811527831961,-5.07107351985347,-5.04580189034122,-4.21513042048844,-4.31925884196585,0.732364107811662,-1.48339770234932,-4.46371307808013,5e1b3b93f07b72359c0c4ffe_day1_block2
69,d2r1,0.709991160318369,-1.64300604087392,-4.16827138062291,0.707424933598463,-1.8353431267141,-4.42223110374884,0.71051210785497,-1.82445419980614,-4.4543093596462,-4.75506310587887,-4.82733686020286,-4.45411361932376,-4.45263476915005,0.70459265338309,-1.84434449270614,-4.39056205610636,5e1b3b93f07b72359c0c4ffe_day2_block1
70,d1r1,0.572132790195043,-2.41641386367425,-3.37726081856833,0.530518528993737,-1.80186063501271,-2.15020106269331,0.521401761850952,-1.78167948547636,-2.15339274430413,-5.52115016451364,-5.47313751345534,-1.00566187902074,-0.926834983766446,0.583484477299325,-2.07629082711661,-2.09389696795564,5e2ac2737916f010b330807f_day1_block1
70,d1r2,0.571218403499489,-1.76051880418083,-3.45320785839466,0.56268804796751,-1.78586660911563,-2.26717548720711,0.535634464308351,-1.80035253252869,-2.2678810468765,-5.27592221278752,-5.23802039823121,-2.18674966398584,-1.98875381766058,0.582919229094665,-1.88512066164301,-2.19937527813515,5e2ac2737916f010b330807f_day1_block2
70,d2r1,0.58056048929649,-2.66750019087613,-3.73920761959274,0.531420936589973,-1.67974591387511,-2.89943076931385,0.548062336955864,-1.64744819231847,-3.02083379973255,-3.73456655967398,-3.80824576463037,-1.31685503566661,-1.18291705015207,0.529584862883866,-1.75740290548551,-2.92367193233522,5e2ac2737916f010b330807f_day2_block1
70,d2r2,0.55255709855459,-1.97052529605603,-3.05988797115976,0.508038057750568,-1.76356670345258,-2.20125180236057,0.51309014545627,-1.71192999484003,-2.20699819253809,-5.30324546686356,-5.2208441482088,-1.12203694928328,-0.881473234417296,0.50650036567745,-1.78750009141681,-2.21813176022436,5e2ac2737916f010b330807f_day2_block2
71,d1r1,0.56689031941724,-2.08365304344662,-2.7304723245388,0.571410605498585,-2.05774286817815,-2.55551143652153,0.558068501176418,-1.84358222356609,-2.54336555683688,-5.46301291660526,-5.37718500989203,-2.29787247542967,-2.2182528717758,0.544870232449459,-1.73238815847104,-2.73539492093875,5e2f448d3d8aa150310b677b_day1_block1
71,d1r2,0.542948508387057,-1.88164490398427,-2.54193379424825,0.562958932187726,-1.742668534949,-2.85842570607824,0.551173433283831,-1.71417195650111,-2.89329095660732,-3.75582075978492,-3.61298281479644,-3.93543448135922,-3.85583100373148,0.540661134785652,-1.65730212763294,-3.01805041211775,5e2f448d3d8aa150310b677b_day1_block2
71,d2r1,0.584554519253984,-2.14490399433072,-3.81748253220361,0.606540176960003,-1.58315319501708,-3.94053142607543,0.590145238865195,-1.64361414277124,-3.76017240168292,-4.13974602674331,-3.73270987758219,-0.0066231352466449,-0.0362108203718968,0.605552813408888,-2.58466178801855,-4.42490101702495,5e2f448d3d8aa150310b677b_day2_block1
71,d2r2,0.60069005958169,-2.87079595620815,-4.36626254956482,0.605529462790204,-3.26419550061656,-4.71264872713253,0.605056897149168,-2.97626231264766,-4.67586317487348,-5.31341492319755,-5.26467813428038,-0.142409926249806,-0.124711253847923,0.605529989669231,-3.29386723703905,-4.71848300236871,5e2f448d3d8aa150310b677b_day2_block2
72,d1r1,0.505771143571732,-1.42424542665168,-2.78899882509333,0.495992169129059,-1.02630070473933,-3.42836091433331,0.487104380869676,-1.05357276890006,-3.24767598751274,-5.02212321857349,-4.98489378671796,-3.84740566096761,-3.73544317337915,0.506864174385153,-1.05760937073777,-3.57540408933598,5e31a1526ef37a1879a94441_day1_block1
72,d1r2,0.54898529976453,-1.77702465696776,-3.10190543887286,0.506688379943037,-1.56955508553887,-2.66187013941586,0.504138619362309,-1.22419557818468,-2.55429600176106,-4.28355984106164,-4.19091456129197,-1.02639437519034,-1.00859827691932,0.508503233829283,-1.69187420979746,-2.72468163436173,5e31a1526ef37a1879a94441_day1_block2
72,d2r1,0.47444758633628,-1.59996101205001,-3.53324450226132,0.465789890530684,-1.43780998707173,-4.31008383226975,0.456017424387321,-1.45578029943393,-3.98286194578749,-5.31190276346221,-5.27198505365387,-4.55415956505445,-4.51060948574082,0.462112401654493,-1.43335049029637,-4.41049776710143,5e31a1526ef37a1879a94441_day2_block1
72,d2r2,0.474875413569329,-1.52568244788136,-4.15827955908771,0.464562292117102,-1.65385051489914,-4.7208596513784,0.464384226364742,-1.64500942743041,-4.70737096112932,-5.3047690629879,-5.28118975544587,-4.61157374088305,-4.58503814298398,0.464653229996565,-1.66520090919403,-4.7241454466414,5e31a1526ef37a1879a94441_day2_block2
73,d1r1,0.571638858897875,-0.42246132818067,-3.11080777706252,0.452720648272848,0.327567153898748,-3.15869349657848,0.48108698524074,0.320753753240463,-3.18190204611076,-4.92193413089198,-4.72982299777277,-4.52368151285999,-4.39913575557754,0.456509771524006,0.383137011460287,-3.38593862741812,5e3595a26bf31c539ce452ae_day1_block1
73,d1r2,0.558901742264208,-0.139837444081688,-2.7629937010983,0.558750650796631,0.226869125763618,-4.32583827296559,0.5583526954963,0.247403979804414,-4.24975500119674,-5.16166705729101,-5.13479273933687,-4.61413658213386,-4.60496810580291,0.548215959314595,0.227868675137665,-4.36552322285372,5e3595a26bf31c539ce452ae_day1_block2
73,d2r1,0.627096006285709,-0.151097829498294,-3.43598621991897,0.593411307857982,0.239305309771379,-4.12398790437963,0.587770526611857,0.253460045805498,-4.01167764157593,-5.11674584097555,-5.04897730834977,-4.42610986503549,-4.3405954603266,0.588652176690811,0.245179244143171,-4.18860630208115,5e3595a26bf31c539ce452ae_day2_block1
73,d2r2,0.578069807421278,-0.36850994235182,-2.25269527459758,0.403661493205464,-0.36463852343725,-0.667310045139224,0.345759430127207,-0.366018841373412,-0.956652938767074,-5.29756394281888,-5.20697696990961,-4.37708156584592,-4.30015200524425,0.377394717421305,-0.336935948971753,-0.747253933130561,5e3595a26bf31c539ce452ae_day2_block2
74,d1r1,0.665089388477145,-1.75074833795872,-4.31475226788156,0.670672064400036,-1.88833442489298,-4.70997063182559,0.67111291312495,-1.89250575727466,-4.72055798187778,-5.3002995955229,-5.29636825359318,-4.6551006238919,-4.64429222869522,0.667936020050155,-1.83275910540543,-4.60940721432707,5e397a0c1e419f000c5805b1_day1_block1
74,d1r2,0.618405865311041,-2.77240835490577,-2.91402372545192,0.605488322902143,-3.55462028796767,-3.01405847660525,0.60548052475695,-3.53322857494846,-2.94582744974882,-3.73874197034926,-3.86518730206263,-0.932568589258917,-0.87364365503443,0.605492533616947,-3.56785475656304,-3.07375937111208,5e397a0c1e419f000c5805b1_day1_block2
74,d2r1,0.663536025457979,-1.87632439988599,-4.11899944241656,0.609837887001736,-2.06735178892572,-2.84217481252297,0.637586485548007,-1.97236335219018,-3.67081376563265,-3.41052964461907,-4.23279048217055,-4.36643622161311,-4.45176792121963,0.605391584833741,-2.28147001511362,-2.85533528137636,5e397a0c1e419f000c5805b1_day2_block1
75,d1r1,0.597007130978335,-1.76104962792517,-4.32166171498011,0.605529781015773,-2.55469626079648,-4.74254681204371,0.605272728401453,-2.23065356043354,-4.72757898239362,-5.34042062136408,-5.31365064787756,0.628371025993388,0.806067413070017,0.605530186967796,-2.65566750245042,-4.7457252175799,5e399832a6df461b2f4db341_day1_block1
75,d1r2,0.596442134960579,-2.80259278318502,-4.20293637893146,0.584995877335964,-2.17783602999818,-3.83928982093354,0.587263411890437,-1.73033599083389,-4.00625390134781,-4.51781211529577,-4.62184079993804,-0.591485232074083,-0.529918017937138,0.605254603384356,-3.09443703716122,-4.40018242718629,5e399832a6df461b2f4db341_day1_block2
75,d2r1,0.599401617824819,-1.79264404755145,-4.35815652392092,0.605370985028846,-2.05713164724821,-4.7375327779812,0.604773971722052,-1.66717298444431,-4.71277556080586,-5.33059047665391,-5.28658541050484,0.710096430678566,0.698789605042624,0.605115076128211,-0.915801490802623,-4.73175264382129,5e399832a6df461b2f4db341_day2_block1
75,d2r2,0.598637788676889,-2.66457999307185,-4.31440255806759,0.602988962481588,-2.21222843713787,-4.59991228310992,0.598642307936715,-1.85942034286076,-4.45078861257373,-5.1985490648414,-5.02099868519897,-0.284684939016001,-0.413615324704384,0.602434441059246,-1.11932095661764,-4.61298136348448,5e399832a6df461b2f4db341_day2_block2
76,d1r1,0.541912513742919,-1.56134220851484,-4.18421309067411,0.531725847601455,-1.68640966810288,-4.63001014161115,0.533366615399863,-1.68963873374121,-4.6689423932005,-5.15556788998806,-5.18106308730963,-4.07936048329927,-4.04974166385704,0.518793888081123,-1.57945599748861,-4.28246545073601,5e3af1046218720332ff9cea_day1_block1
76,d1r2,0.461831579743689,-1.5621253098623,-3.5173962404312,0.466487756524455,-1.64418685127493,-4.27300023173317,0.46576833506509,-1.64458940769877,-4.12062620384991,-4.10257228146354,-4.12254737868257,-4.35964015717291,-4.31699816586051,0.467389184618328,-1.66569753453222,-4.27812531977694,5e3af1046218720332ff9cea_day1_block2
76,d2r1,0.489105347033479,-1.65941281283053,-3.88199206249704,0.469892524236901,-1.78405650727362,-4.25463788181328,0.470062045606669,-1.77468296327371,-4.24225531866274,-4.51004935053643,-4.51337865002641,-4.51568856699463,-4.49507371143505,0.469767082168712,-1.79087438869768,-4.26205544350759,5e3af1046218720332ff9cea_day2_block1
76,d2r2,0.51137568992995,-1.72968200556626,-3.97824568779752,0.489738783212283,-1.81033269718054,-4.12909654015672,0.489835559658088,-1.80112912369027,-4.11488926405671,-4.56990757044637,-4.56297853948521,-4.56716464592054,-4.54423330182981,0.489593604247575,-1.81706093478291,-4.13720241541474,5e3af1046218720332ff9cea_day2_block2
77,d1r1,0.593941569652375,-1.03860551290156,-3.11193990798983,0.516872374185588,-0.987514667058761,-2.49646185215118,0.515433066149054,-0.968385579258416,-2.4899316873426,-4.37673343123316,-4.47524525097496,-3.05814710176073,-2.99042614394312,0.502043388798189,-0.921127319092516,-2.5096443445958,5e3e8306f5f3e50dedf05fbb_day1_block1
77,d1r2,0.494381237170769,-1.72052517830119,-2.68150800725181,0.451965591399522,-1.07914426061739,-1.77119749753937,0.472300465245524,-1.50436347045769,-1.89065428771507,-4.62788793800881,-5.13252380953476,-1.53190584670128,-2.91574437595958,0.485482444334875,-1.3900915849419,-2.13388580722166,5e3e8306f5f3e50dedf05fbb_day1_block2
77,d2r1,0.512547462813755,-1.61975010445983,-4.25929840367436,0.519742725898085,-1.07701156914281,-4.49171001308368,0.518156489558693,-1.29520609649942,-4.50277465611022,-5.12123522798641,-5.1384710990182,-2.63314852301909,-3.35137801934854,0.532184617289725,-1.10091575154548,-4.6640912775879,5e3e8306f5f3e50dedf05fbb_day2_block1
77,d2r2,0.4920502891582,-1.55976577198814,-3.98785220859644,0.459722949650613,-1.50182593618384,-4.09966470136601,0.462049212047705,-1.51414884016205,-4.05746881856993,-4.94239879546763,-4.88887838419192,-4.34155029867488,-4.24521096765586,0.465944663122161,-1.51277308647842,-4.22302956797544,5e3e8306f5f3e50dedf05fbb_day2_block2
78,d1r1,0.660273221078698,-1.80801180742041,-3.22887871102529,0.664452525769448,-1.88073126055231,-1.96250855561731,0.605026456786353,-1.90101392610283,-2.01396912190851,-5.50507879490565,-5.46132502806687,-4.11597273377043,-3.98487626934127,0.638919853469344,-1.8936539882927,-1.97692532950742,5e3f7b673ba9991dc9cabcfa_day1_block1
78,d1r2,0.505775828686322,-1.67699988149799,-3.3045852534501,0.458595507242133,-1.80510058432296,-3.77952463987597,0.464016022703957,-1.82412044586116,-3.75036194622502,-1.52184710145885,-1.61603291500419,-4.55173085439304,-4.5376561759227,0.458721847108724,-1.77638278516691,-3.88681135040497,5e3f7b673ba9991dc9cabcfa_day1_block2
78,d2r1,0.612201730570935,-1.65845980703262,-2.59429498706905,0.732068552070691,-1.67560736614207,-2.02027754101455,0.718504086381326,-1.73894630394501,-2.03696757448089,-5.73272745507171,-5.63352756669977,-4.46296972614518,-4.43182676535974,0.717221924939023,-1.67239033829777,-2.05486158364643,5e3f7b673ba9991dc9cabcfa_day2_block1
78,d2r2,0.629051005540621,-1.65234623118034,-2.9249368329405,0.509427449265782,-1.82828961892577,-1.81538198912555,0.548283144762215,-1.84957911716123,-1.83073995206467,-4.98143901456869,-4.7413945823823,-4.53332703609639,-4.4180138403646,0.505824968948212,-1.83004903936501,-1.89668560277477,5e3f7b673ba9991dc9cabcfa_day2_block2
79,d1r1,0.462530718931025,-0.981317645150822,-2.22345147485742,0.475247402681987,-0.959854604622421,-2.10009845263177,0.419077557645293,-1.02452603327713,-1.84466528946734,-5.5499881297172,-5.57496946280312,-4.42273045299098,-4.39039388106715,0.478090397110233,-0.840233270160133,-2.49343927253497,5e47e2ba8b051d28255d9c7c_day1_block1
79,d1r2,0.220554898827015,-1.92509904346174,-2.39038429399205,0.105391738874544,-2.57364473290415,-4.21212720216409,0.105620140199662,-2.5399364097228,-4.07125553778747,-0.214700755894617,-0.185595939059556,-3.7326682650524,-3.78157786296607,0.105304056412279,-2.59422278649519,-4.29319187637557,5e47e2ba8b051d28255d9c7c_day1_block2
79,d2r1,0.366073138521387,-1.86400910134367,-1.93952687386139,0.149198810455162,-2.01101331873597,-1.56163439079765,0.185248852168083,-1.95808142912277,-1.56011903581739,-5.08835359084875,-5.13387825104848,-4.36869660724562,-4.19657178031936,0.103684317086961,-2.04052377807721,-1.5245705652112,5e47e2ba8b051d28255d9c7c_day2_block1
79,d2r2,0.216075824369312,-2.10745708524592,-2.28940093940249,0.197930066304966,-2.62909382891816,-3.15787403625289,0.153949074402851,-2.58552052831859,-3.53114337732634,0.39226185504686,0.436472339775807,-3.26467363449991,-3.38527332649471,0.560414254367074,-2.70167719151528,0.853479934979529,5e47e2ba8b051d28255d9c7c_day2_block2
80,d1r1,0.539324201260107,-1.38206414890372,-3.14137442292538,0.517063927560806,-1.53462484119239,-2.72331147209098,0.497759476700074,-1.48509648070813,-2.56208326420319,-3.74801049224369,-3.99014406047923,-1.01939066593867,-0.807651154271169,0.517544370326555,-1.62127366443991,-2.9477362450092,5e584733ec63b405afea7c4a_day1_block1
80,d1r2,0.421727084615384,-1.77314369134217,-3.12580841881546,0.394627121259663,-3.47778950340243,-3.86981365847406,0.394723228000246,-3.4446425237697,-3.72687927968496,-3.61789117034182,-3.5041381451035,-0.578151428886189,-0.520275324708645,0.394586273611491,-3.49527651889843,-3.95673352635162,5e584733ec63b405afea7c4a_day1_block2
80,d2r1,0.431502196852224,-1.47428778607507,-3.67034373851345,0.273506838846399,-2.00154988661865,-0.86933964848559,0.323253208073584,-1.66551352469325,-2.26141900646898,0.328535075612747,-1.86571652416863,-3.10661904162445,-3.21626715881694,0.305392106635725,-2.07630784815605,1.65020344484714,5e584733ec63b405afea7c4a_day2_block1
80,d2r2,0.290952177745818,-1.35533849853032,-1.92061268482095,0.149864887613193,-1.49891744878634,-3.61746616523866,0.167801192492032,-1.47304506814673,-3.18768428989394,-2.98440654509551,-2.09072911001903,-0.260695049626672,-0.869335827675849,0.218809619538364,-0.850814038458299,-3.64808077589579,5e584733ec63b405afea7c4a_day2_block2
81,d1r1,0.469359768341788,-0.486378181556123,-3.85680367332333,0.468572228767322,-0.581551828990276,-4.15448205703823,0.449559313652471,-0.475373417149967,-4.30089987962828,-5.19146711552987,-5.18350410677875,-3.60235698573177,-3.90140237178763,0.454772817507985,-0.402637857941063,-4.38869103916266,5e5a5b54eeb21024c29e99cc_day1_block1
81,d1r2,0.479671682255768,-1.09653074595526,-3.95275995992279,0.476778593410507,-1.0815516528794,-4.40968757161939,0.471707223627338,-1.18564843542596,-4.53281348387121,-5.07887483423359,-5.1448052958997,-3.60061217174958,-3.31563238853082,0.460078934240536,-0.97243833602913,-4.52537276036101,5e5a5b54eeb21024c29e99cc_day1_block2
81,d2r1,0.457063442787258,-0.856472871411349,-3.62086628226085,0.43147720177804,-0.581535172914797,-3.6979974933916,0.431581191221437,-0.547270703650956,-3.79724950524246,-4.96738779728046,-4.97973996718952,-3.85733729990156,-3.68452518055041,0.43890046066342697,-0.53922488090413,-3.96920617168295,5e5a5b54eeb21024c29e99cc_day2_block1
81,d2r2,0.417079784598402,-0.942550084517658,-3.45849585047244,0.406414051934525,-0.880536875811008,-3.92796239033038,0.398000073304765,-0.917324459140595,-3.68116883410051,-5.19637091412404,-5.14552941372425,-4.42559287280168,-4.30939669049915,0.411031627047374,-0.897458934706567,-3.97502311857329,5e5a5b54eeb21024c29e99cc_day2_block2
82,d1r1,0.732502496003282,-0.630522642850611,-3.52148160667266,0.713426122075994,-0.582265304032102,-3.09343679522812,0.683361740025276,-0.612122837345348,-2.89472713823408,-4.97949326229772,-4.92376754286209,-4.33758815509438,-4.2620080094846,0.726066574896448,-0.57033104394684,-3.36980848677354,5e5e623737be5e1762ad4418_day1_block1
82,d1r2,0.721125757926001,-0.523240126627647,-3.13969333705381,0.69199307052766,-0.417201786494245,-2.95490660212559,0.672400761664111,-0.418786558543174,-3.00436277701406,-5.10165447599845,-5.08202060846437,-4.60264085654272,-4.57904650866483,0.715646603269464,-0.425669441280915,-3.18769182045106,5e5e623737be5e1762ad4418_day1_block2
82,d2r1,0.648754864063676,-1.32328000866033,-1.15634334342003,0.621412953837529,-1.4980430467738,-0.778815031801359,0.558517321836819,-1.49408144236376,-0.795106865490273,-5.94720986700782,-5.91381095002931,-4.40200695338792,-4.37644878820333,0.694880562513645,-1.53183744066199,-0.775076796714759,5e5e623737be5e1762ad4418_day2_block1
82,d2r2,0.554984377348212,-1.10542299168284,-1.17472671060986,0.516855931626336,-1.03943088709899,-0.851649978331323,0.495692137345506,-1.11214781776004,-0.825398778283365,-5.15187106749432,-5.12923489767894,-4.08044821413153,-4.10234722422788,0.540082276187344,-1.02821820027836,-0.928943764403236,5e5e623737be5e1762ad4418_day2_block2
83,d1r1,0.580667280849493,-2.85729770436468,-3.92512565907028,0.523973699657136,-1.83987020001453,-2.95835883526374,0.527181087728316,-1.80229128407702,-2.92500226395581,-3.20537509306794,-3.12956791014083,-1.37549336380284,-1.30452583950953,0.52403598208156,-1.8399189483612,-3.00910727317275,5e5efa5dec939d23c77a4dbc_day1_block1
83,d2r1,0.480340614350575,-1.87835697086435,-3.90222787273756,0.429885205650468,-2.29111841369652,-2.38085665364119,0.424890873601893,-2.1437646086363,-2.84260453119695,-4.15284850633567,-4.22785516741796,-3.81506744899246,-4.0976003303067,0.433422618936036,-2.00007896554133,-2.18644114191735,5e5efa5dec939d23c77a4dbc_day2_block1
83,d2r2,0.529891603655059,-1.644358563919,-4.17699152809412,0.536703145706945,-1.67049605099711,-4.65274614132754,0.535461437859704,-1.67421327692406,-4.64158006384862,-5.3113276969064,-5.29497056875126,-4.62315460022387,-4.59520741779673,0.535715340439827,-1.65887405126182,-4.70263743549473,5e5efa5dec939d23c77a4dbc_day2_block2
84,d1r1,0.322267378086656,-2.3928850715722,-1.35814012898812,0.19021254265819,-2.64054552183135,-1.33413875453244,0.179105285516231,-2.63039955371858,-1.38880135533661,2.69493127197968,2.89794140770786,-4.46582473478793,-4.42746076642915,0.18712844512896,-2.61543945623664,-0.749354810520827,5e681985a1c2de095ffdfd75_day1_block1
84,d1r2,0.143823172566467,-2.20433297694614,-3.614076797124,0.106635399636714,-2.63939335926913,-4.45828812824587,0.106557069743924,-2.60189907550325,-4.50965873716449,-3.13943644452244,-3.72795064775676,-1.86927144623789,-1.36181061424501,0.106697032345584,-2.66246139349229,-4.41342687252691,5e681985a1c2de095ffdfd75_day1_block2
84,d2r1,0.208897094635833,-1.8189735109776,-2.78425603046131,0.105828238916268,-2.67316626790916,-4.34574745748619,0.106209127920689,-2.65975788196823,-4.2688128158601,0.064735077938908,0.112938227964695,-3.14562547632077,-3.06279565599307,0.105647397739848,-2.68327139257026,-4.3912178955889,5e681985a1c2de095ffdfd75_day2_block1
84,d2r2,0.142576660379265,-2.24844112829545,-3.3422084456043,0.105565002658993,-2.74892262552375,-4.4426175416875,0.105764355560704,-2.74147593348815,-4.3982209001911,-0.108622335722864,-0.10314934333591,-4.34348334436509,-4.27948107500333,0.105461512253801,-2.75352514520355,-4.47062640369279,5e681985a1c2de095ffdfd75_day2_block2
85,d1r1,0.729097706971074,-1.47538319143584,-2.1759267042327,0.790328880636407,-1.48635382622216,-2.33304508880215,0.777045741499354,-1.42072520252959,-2.2172907135186,-4.62756727528163,-4.81520917531106,-4.09286327921889,-4.1368852551488,0.791262051968034,-1.56777388752869,-2.49903683951602,5e6e880e03cac4000c303b57_day1_block1
85,d1r2,0.676303028760759,-2.1713061391683,-1.7021106025747,0.49978374891221,-2.55545449629072,-1.12818813942252,0.457005399738631,-2.63723782171429,-1.53815231689811,1.77514355930221,2.0226737552223,-3.72416691126533,-3.77715050129461,0.693464882225745,-2.30265815436238,-0.0176233340049699,5e6e880e03cac4000c303b57_day1_block2
85,d2r1,0.771436380746531,-1.82464989736397,-4.27622425341795,0.783465324021184,-1.96140502181825,-4.73292244165899,0.782607996300379,-1.91752643516995,-4.6737821851349,-5.26800264366168,-5.18773712962559,-4.16590418986782,-4.03753000326437,0.783459871539513,-1.97976369961002,-4.73850259244966,5e6e880e03cac4000c303b57_day2_block1
85,d2r2,0.761618526420254,-2.01180846464579,-3.51217894038746,0.783524171734393,-2.24290921170057,-4.43008214286876,0.783518931920593,-2.24190091641229,-4.38894625755997,-0.554597521878052,-0.562873243353674,-4.63690246658762,-4.61103054325494,0.783526280865972,-2.2430973552404,-4.4577420515977,5e6e880e03cac4000c303b57_day2_block2
86,d1r1,0.577684039846351,-1.36287188639918,-2.6069350704101,0.498928818000832,-1.36014601342094,-1.99949624470223,0.502889178662196,-1.37499804443501,-1.91969300340085,-5.24068487992262,-5.30536528302732,-4.51974425665214,-4.48196052423017,0.501328090976975,-1.38999215493181,-2.05001444678916,5e7151f89ee7f606fb0f1d6a_day1_block1
86,d1r2,0.587482650685999,-2.07293729693456,-2.3129736433442,0.505937136109097,-1.81040746771351,-2.23733804318206,0.507679480873569,-1.79474781975995,-2.20962677991313,-5.27149763064405,-5.30761178688511,-1.37438770272935,-1.24088238116289,0.50530136509855506,-1.823482094773,-2.26212694931627,5e7151f89ee7f606fb0f1d6a_day1_block2
86,d2r1,0.611294639493581,-1.17318699681523,-2.40360003502716,0.582370033792991,-1.52213553840904,-1.42591607514235,0.533736971123877,-1.45007595912487,-1.22914917966948,-4.1878831630822,-4.12324143011097,-4.00933430063228,-4.0988036631001,0.598322060548735,-2.0081375033286,-1.79377093773579,5e7151f89ee7f606fb0f1d6a_day2_block1
86,d2r2,0.488883779199571,-1.60272628251461,-2.35128779452595,0.480319475594754,-1.52213780284857,-2.20066633315889,0.48719129413236,-1.50998208363954,-2.0429387566748902,-3.1718441006888898,-2.94808801108516,-2.31489849742602,-2.32652079973032,0.449067108479931,-1.58449398226596,-2.34085887380413,5e7151f89ee7f606fb0f1d6a_day2_block2
87,d1r1,0.696951525959788,-1.42190145225608,-3.00007851269848,0.681172277861825,-1.54726121089017,-2.44348489360664,0.68041661071016,-1.56699339850311,-2.28069306423115,-4.44832153576548,-4.75974496244259,-4.49820823643076,-4.46800872311487,0.68439615491813,-1.56702937782605,-2.53267179527476,5e73ded1027e893642055f86_day1_block1
87,d1r2,0.63260770410266,-1.8772259661713,-1.99497483169624,0.652339610101578,-2.18669689953099,-1.77970606040047,0.636363035252211,-2.14396448547194,-1.7989532240628,-5.87745414277836,-5.78920268018605,-4.27524929446597,-4.30972496156368,0.618572966380122,-2.11933999723848,-1.74018085076045,5e73ded1027e893642055f86_day1_block2
87,d2r1,0.70488262158249,-1.83675433841033,-2.80305075520075,0.70963654556023,-1.87541699723653,-2.15599867916958,0.695055465264367,-1.87848898957425,-2.16378462423612,-5.32469945838976,-5.25849130773557,-4.58188424407372,-4.56517188779296,0.727004529743718,-1.81251306408458,-2.01792720254832,5e73ded1027e893642055f86_day2_block1
87,d2r2,0.737786127335042,-1.79678080498101,-3.48470985459196,0.705296501997286,-1.91028097868425,-2.67042071229261,0.692412499366476,-1.92239450316547,-2.76239788584363,-2.70799099128296,-2.58991134086018,-4.43447805132507,-4.41602697258937,0.72237733210208,-1.82205732749572,-2.11768893954967,5e73ded1027e893642055f86_day2_block2
88,d1r1,0.604835154963309,-1.36688978898719,-4.1545411947577,0.604032503395902,-1.47441912723908,-4.5729823454737,0.600977683650873,-1.37392441661429,-4.53316527873181,-5.28809783372222,-5.24721808812595,1.13500882402168,1.183477011879,0.605499250769101,-1.70767701987843,-4.72254740896688,5e789ea35952c941b4e2b4f4_day1_block1
88,d1r2,0.523724744027322,-2.1080320678058,-2.98298284506615,0.532866591295311,-1.46561145390806,-3.88339780243134,0.5223922391886,-1.51848177410534,-3.75568609252013,0.102790139055831,0.174585177814916,-1.41465637274956,-1.39363750870116,0.548618615180473,-1.43983023871295,-3.83291853792044,5e789ea35952c941b4e2b4f4_day1_block2
88,d2r1,0.559426931496936,-2.51304104583488,-3.50262120191828,0.520270341059172,-1.84269702951369,-3.01898859317985,0.519829931473386,-1.84073677571773,-2.98700798087394,-3.66724812863847,-3.60174153461956,-1.48633279703489,-1.44211235730221,0.520634758623514,-1.84489980064211,-3.03782801026843,5e789ea35952c941b4e2b4f4_day2_block1
88,d2r2,0.573169589015901,-2.04314510923077,-2.63819668195323,0.513367959608178,-1.72627811249754,-2.0548279244123,0.536978085082592,-1.62089310613773,-2.36746048509554,-5.68908234850865,-5.5179300844033,-1.01019535411817,-0.728518463601044,0.509173618862913,-1.76198394895651,-2.06386991138606,5e789ea35952c941b4e2b4f4_day2_block2
89,d1r1,0.41928795263654,-0.318381794986072,-3.58467248468858,0.388420472417732,-0.0479148718340181,-4.41264907603922,0.393978721273336,-0.0972360033429695,-4.33145177560546,-5.18026391273211,-5.15771498015513,-4.53184996560299,-4.48569494387223,0.383464847994657,-0.0352105500407893,-4.47149498068551,5e7a02573c2d45034af62eb9_day1_block1
89,d1r2,0.49854555812282503,-1.10835672149024,-3.57849629949462,0.393307595011639,-1.20492291671741,-4.1641248940583,0.401790698686737,-1.18274158093457,-3.69659884315215,0.0698788235923969,0.125228985718993,3.15858275889246,3.15944878841905,0.394790394207318,-1.23572310726375,-4.3122579871498,5e7a02573c2d45034af62eb9_day1_block2
89,d2r1,0.46080987206263,-1.08863324168835,-1.91363856399563,0.381148687700302,-1.07039993202173,-2.8398554852861,0.373417079267451,-1.37640905263409,-2.6939685223509,-2.70581943995996,-2.77661389222118,-2.26540428101047,-2.19101533348519,0.3675406051373,-0.976396378460577,-3.24794121715951,5e7a02573c2d45034af62eb9_day2_block1
89,d2r2,0.436978606217869,-1.3610133086523,-1.95414958167762,0.436761214415892,-0.886128307670765,-3.59699027724345,0.439978134744577,-1.0255104462119,-3.10503572119719,-4.29751171207886,-4.38351979206777,-4.0555599976437,-4.07168501188921,0.446183894821487,-0.901655994146785,-3.93485540497303,5e7a02573c2d45034af62eb9_day2_block2
90,d1r1,0.666797056019136,-1.17191712574089,-3.0669325028932,0.595345057861606,-1.15772725139375,-1.70442397558263,0.536728680461969,-1.13247289058157,-1.62402306585174,-2.26656846679749,-1.58075490243251,-2.68862140166362,-2.35468509753822,0.675933377750997,-1.26921406572323,-1.44602727123471,5e7a5584718c83035a42519c_day1_block1
90,d1r2,0.716157226737077,-1.10178793466619,-3.61379353534888,0.749134007609434,-1.07650475347626,-3.95753236820019,0.746356047424,-1.08551176443479,-3.9655182391998,-5.09269925770073,-5.12170401212612,-4.59482614929425,-4.57218470448327,0.764970199646733,-1.13074398244965,-3.41796612381425,5e7a5584718c83035a42519c_day1_block2
90,d2r1,0.747714963868849,-1.60943029879917,-1.81994521696765,0.738416034541719,-1.63011761335257,-1.42049466258055,0.702968217801515,-1.6416918005308,-1.38826224485731,-5.46538991788842,-5.3230906403208,-4.44111017117011,-4.39068344919055,0.725574707074123,-1.56694013630369,-1.45940525487519,5e7a5584718c83035a42519c_day2_block1
90,d2r2,0.521779246750304,-2.05906331127422,-1.87793986636178,0.619369990410032,-2.08239005302728,-2.94300906040939,0.608714256146855,-2.55556217374748,-2.36653727180544,-1.6763446625488,-2.24126348730434,-0.10503945279476,-0.445282447591287,0.608919627889705,-2.02511322561199,-3.27381241780122,5e7a5584718c83035a42519c_day2_block2
91,d1r1,0.544523241455182,-1.48105375285924,-3.13999730110834,0.66047522098131,-1.1234594896378,-2.40788880675331,0.631835156018241,-1.87360338326714,-2.54793055583388,-2.45016584328418,-1.88613111907718,0.00932934225416153,-0.0417688294697838,0.618995596895707,-0.408361290537719,-1.85125644983435,5e81041375b8e47f1bdf2aa4_day1_block1
91,d1r2,0.412691062407455,-1.09077518702743,-2.59406139954109,0.353119755157815,-0.539946960620627,-1.81120029102389,0.311422095898325,-0.546768032898344,-1.8368699383085,-5.1033128682139,-5.03701069998091,-2.51764620512669,-2.61533520383928,0.383105678528966,-0.759460928505816,-1.82190402292835,5e81041375b8e47f1bdf2aa4_day1_block2
91,d2r1,0.542453392134943,-0.5432436315871,-3.71675501966457,0.521079759489171,-0.334055168214821,-4.22235122348116,0.508290770186193,-0.350847511446099,-4.12257971557114,-5.13691143300395,-5.09343896100756,-4.57641459865439,-4.5645729452204,0.527706792588743,-0.336616912551814,-4.37723448975307,5e81041375b8e47f1bdf2aa4_day2_block1
91,d2r2,0.563175006772042,-0.600282764637405,-3.81537158794081,0.536167827224625,-0.506915327116887,-4.43049838480791,0.535781840453611,-0.490678623475855,-4.35493626108813,-5.18795714083308,-5.14894498225402,-4.60213513112089,-4.58753998292178,0.527141510910576,-0.441027707505224,-4.38993891385658,5e81041375b8e47f1bdf2aa4_day2_block2
92,d1r1,0.403704848302235,-1.23429946002668,-4.08354782760446,0.379123002443495,-1.10751912647053,-4.17359965836452,0.38441308367667,-1.09583050019823,-4.3866123541513,-5.1363622984224,-5.15054406141919,0.676415246309281,1.41741040174647,0.373699172561823,-1.01877650528541,-3.77746659358449,5e819f632b3c3888b8b4e6d7_day1_block1
92,d1r2,0.355128491260176,-0.875074972567794,-3.14455751623696,0.311926283491207,-0.786710638275394,-2.35320806082823,0.279508203807393,-0.76822324975135,-2.32395600936216,-4.73921324508731,-4.50570607702507,-4.35228419426269,-4.24098647135626,0.323592079565404,-0.79064530094228,-2.53980871672721,5e819f632b3c3888b8b4e6d7_day1_block2
92,d2r1,0.390717592405413,-2.07923801206197,-4.16978833796607,0.343019694165966,-1.37875807522786,-3.11294556715814,0.365907746012876,-1.33579100128384,-3.83255254202419,-3.83937735979452,-4.46882565783296,-0.121145113627424,-5.31625992618301e-6,0.332699511450816,-1.38195994592815,-2.84672509397856,5e819f632b3c3888b8b4e6d7_day2_block1
92,d2r2,0.349978777423569,-2.20069265532836,-3.68877804499553,0.382803989088883,-3.37030847409589,-2.77608080901944,0.388675172163758,-3.27180891086153,-2.81917220816529,-3.77754152677292,-3.75605134762394,-1.53336927547474,-1.83700172538706,0.336010417480451,-2.55927855653682,-1.96357903979626,5e819f632b3c3888b8b4e6d7_day2_block2
93,d1r1,0.64099589033474,-0.82458904764719,-3.59349607715458,0.629203083715872,-0.971564749379327,-4.34903186217388,0.623099094955186,-1.03876614533209,-4.38214445935328,-5.09308308961405,-5.07592234862893,-0.388429685875111,0.0306548130707687,0.634451134294413,-0.342151959460656,-4.31171460162435,5e81c7b87412d48be61aaaab_day1_block1
93,d1r2,0.554748252885464,-1.07667889532751,-2.1225351048187,0.562747338033784,-0.670288175110728,-2.71292102523506,0.566670313693764,-0.98778187896324,-2.30288525628332,-4.77871353141284,-4.98653050051518,-2.8381051805989,-3.37130611843126,0.578836924677717,-0.637022170893486,-3.54509418418076,5e81c7b87412d48be61aaaab_day1_block2
93,d2r1,0.48019536174156,-1.37760739686092,-2.99140930760024,0.424777407548909,-1.28367440733347,-3.02055760274289,0.410661430024722,-1.56470503209864,-2.76209272745933,-1.90726111725205,-2.90710452312697,0.6304572140973,-0.622175955242801,0.463801320177327,-1.15177075456175,-2.49654167474868,5e81c7b87412d48be61aaaab_day2_block1
93,d2r2,0.537998910992068,-1.15917943707098,-4.14850110271395,0.535823691341682,-1.18088585651055,-4.71063177428285,0.535431003017484,-1.19611233426141,-4.70247261329423,-5.29664471927425,-5.2739555177879,-4.58535226725364,-4.55665516543958,0.535855512658145,-1.15416047056746,-4.72127556488701,5e81c7b87412d48be61aaaab_day2_block2
94,d1r1,0.606915028303989,-1.29483664923692,-4.23711096163671,0.606407487014978,-1.20587811847073,-4.70918382182357,0.605981224384643,-1.23244550168622,-4.71632059005428,-5.29006779518453,-5.28220389371416,2.21155973039992,2.32850870528424,0.605737656005878,-1.43029212766273,-4.73085551106114,5e82288d93f92105424b8301_day1_block1
94,d1r2,0.617935654145797,-1.39585443957189,-4.1610965971815,0.605890280659616,-1.19229057357151,-4.72594015911375,0.60566772803329,-1.36382055613572,-4.72566960005355,-5.290703967401,-5.27317249280467,1.76010661463463,1.82105701501512,0.606589299220943,-0.754102225514133,-4.70783695262682,5e82288d93f92105424b8301_day1_block2
94,d2r1,0.575605826356259,-2.08418338027452,-3.77946813169957,0.528291872250577,-1.27412524628187,-2.35739966040658,0.510688012417266,-1.32559588314831,-2.48290789844784,-4.28583392894026,-3.92195542438801,-0.557170330668844,-0.406253607646572,0.581384032550857,-0.890516851620163,-2.17098438220405,5e82288d93f92105424b8301_day2_block1
94,d2r2,0.598921045637646,-1.59848879821664,-4.33638486788138,0.605550730894293,-1.52046878018016,-4.73728741721348,0.603715903307673,-1.50524314707025,-4.7000716283423,-5.33007647629306,-5.26149100025214,1.34868774787735,1.23307110391886,0.605218407759911,-0.962949138786154,-4.73605624014337,5e82288d93f92105424b8301_day2_block2
95,d1r1,0.577734258051429,-1.36251384253111,-2.37818771929586,0.529964105980616,-1.45760585941571,-3.84906021573827,0.522407533236314,-1.4379649299886,-3.61594959578959,-0.540244607805306,-0.659765016268688,-4.39966279082178,-4.33684511510206,0.533856191421535,-1.45805069802997,-4.02318796208412,5e823271acf2d506608ffec4_day1_block1
95,d1r2,0.431990270464452,-1.68905436887406,-3.10803115990869,0.33205012709192,-1.77921674899472,-2.0601720658739,0.322942404485793,-1.76465386369488,-2.02137293802922,-5.55942901051767,-5.49692260753637,-4.57697199160282,-4.55099752230189,0.379073454054667,-1.79582870889147,-2.01389937776293,5e823271acf2d506608ffec4_day1_block2
95,d2r1,0.648787142870755,-2.49919054844789,-2.5451626608479,0.605476524506664,-3.64599062680377,-2.92109724464431,0.605467509768705,-3.63239789678372,-2.77068298457477,-3.50319495424887,-3.86341690293911,-1.46721212272991,-1.4331757891425,0.605482502394954,-3.65272895009077,-3.05228357159764,5e823271acf2d506608ffec4_day2_block1
95,d2r2,0.583585760189916,-3.10435666542155,-3.96114412733723,0.527235489461751,-1.8764330975773,-2.80081128700757,0.532782108742949,-1.89965726980349,-2.82759516736863,-3.19916732247947,-3.13151063182989,-1.45079958322619,-1.38168314243934,0.54219534332044,-1.68534217251248,-2.76305015322302,5e823271acf2d506608ffec4_day2_block2
96,d1r1,0.587414615048607,-1.18520504042012,-3.28038691419659,0.509224316696551,-1.32097526757497,-1.84084448247856,0.474949972827807,-1.39846023875583,-1.96824111084205,-5.20689757394695,-5.05674625732761,-4.30280947773466,-4.08287204475977,0.521456681924923,-1.30080278560565,-1.85071461646699,5e8250404ba18a9794746a0f_day1_block1
96,d1r2,0.614736175172348,-1.31928864923315,-3.78908180372873,0.642099302909265,-1.14761343929592,-3.89106881613298,0.625226921989774,-1.16686607411257,-4.21164084840127,-5.14296511520285,-5.19819635288886,-4.41459888164425,-4.40955678102746,0.63477218545049,-1.14676728306954,-3.88765744653292,5e8250404ba18a9794746a0f_day1_block2
96,d2r1,0.666069884212442,-1.56774643653317,-3.06757012982909,0.615878955160756,-1.46992133337695,-2.24890332775484,0.59302001054071,-1.59512660501636,-2.1816262165686102,-4.86323014345373,-4.97553825397101,-3.64225938864269,-3.23275031432632,0.621571100333491,-1.45785950495493,-2.35627860383484,5e8250404ba18a9794746a0f_day2_block1
96,d2r2,0.559618796028141,-1.76975965520441,-2.92188166843753,0.534188767090833,-1.56130950340406,-2.31370576786011,0.559747319305257,-1.58171085438802,-2.73391902559987,-5.15069475800037,-4.76627332985408,-3.25198229750051,-1.7362349061684,0.531389837664403,-1.57761272273838,-2.39345024857706,5e8250404ba18a9794746a0f_day2_block2
97,d1r1,0.500796606112539,-0.763315023597674,-1.82604824665379,0.634965132286721,-0.557577958839079,-0.880257981440117,0.55628258515948,-0.658352120959398,-0.868000049459243,-5.08788605728542,-4.66595924496977,-4.17210544318813,-3.84262009859196,0.650157769528949,-0.518453995138098,-0.871233146044435,5e830f59e432f201ddcbc319_day1_block1
97,d1r2,0.312267074149812,-0.978635707832163,-1.8287317667914,0.210009825810554,-0.946786239028534,-1.07768496766533,0.212340018327874,-0.896939066905837,-1.3298065276222,-5.74568776397365,-5.6661081330325,-4.36627910232676,-4.33108160353591,0.140122660419197,-0.964176484270264,-1.03155531543446,5e830f59e432f201ddcbc319_day1_block2
97,d2r1,0.386150602323062,-0.817578366295623,-2.37685445788226,0.368248821064124,-0.0947512751228476,-3.84423226599574,0.369179387813939,-0.109499439801711,-3.62835175859396,-5.24635134510135,-5.20680048445243,-4.19122207582166,-4.01273757112139,0.398226419005709,-0.110365732277716,-3.91944002702725,5e830f59e432f201ddcbc319_day2_block1
97,d2r2,0.6068398792558,-1.118338011335,-3.7899532780856,0.594757681550077,-1.17487582917855,-4.5414661374007,0.595523713599393,-1.17118841292418,-4.53326086115412,-5.04595718492103,-5.0289616862633,2.44067310262141,2.31026012088093,0.602904897521304,-1.02602985892252,-4.66622174059987,5e830f59e432f201ddcbc319_day2_block2
98,d1r1,0.666308679857114,-1.93242967440338,-1.91911722910494,0.65051411255201,-2.1845118233917,-1.60742405648434,0.643235357147199,-2.20841034399651,-1.6186365363073,-5.91806031503797,-5.84757194394038,-4.47893592794678,-4.39624978375192,0.675865975621761,-2.12548571886939,-1.62432190531849,5e83115cfd935f024dccab48_day1_block1
98,d1r2,0.442278351985752,-1.76179135209568,-2.27393483823048,0.500830054425732,-2.09788560605167,-1.6400347051983,0.444360741612138,-1.99710207766463,-1.6528346496578,-5.84322215325138,-5.79385811266325,-3.4957964955898,-3.69232002187082,0.595143314826637,-2.03199989966707,-1.54961088318433,5e83115cfd935f024dccab48_day1_block2
98,d2r1,0.625263785367434,-2.26826971061108,-2.29807985651217,0.602630864762066,-2.76180679321067,-2.05621544395069,0.597824611065744,-2.78076419758211,-2.0425248438341,-5.88736139768233,-5.91439714118298,-1.73562969436126,-2.10810870573166,0.605494803369113,-3.14356214073196,-2.0879208606682,5e83115cfd935f024dccab48_day2_block1
98,d2r2,0.71884519144626,-1.9176994377032,-2.50144196687609,0.672701637970697,-1.84736265010476,-2.11997839077092,0.667067444588836,-1.87704425837585,-2.08528394978379,-5.57845155643265,-5.61676853207781,-4.45290494753887,-4.47351606716357,0.646089216117441,-1.83515086584967,-2.11589600455745,5e83115cfd935f024dccab48_day2_block2
99,d1r1,0.688882800899394,-1.40318696674608,-4.01076203536343,0.672018324857521,-1.4225087633551,-4.45032705690295,0.667266596427263,-1.37954830085635,-4.27715339896248,-5.21306926773319,-5.15190080287782,-4.02748525437559,-3.92946286727141,0.672688053695233,-1.47028939010954,-4.46740504117139,5e84ca2ee2eb0609745d0a92_day1_block1
99,d1r2,0.659801893246949,-1.55762254910114,-3.07647107995148,0.657843456592836,-1.6693978972224,-3.70048720982916,0.660986520302062,-1.70567903839981,-3.80558483775132,-0.995937227248808,-0.970221997563152,-4.15058656993026,-4.16941100897324,0.673939049893415,-1.66531708543319,-4.08899834679782,5e84ca2ee2eb0609745d0a92_day1_block2
99,d2r1,0.667014541253779,-1.73855960772363,-4.2312964210114,0.672301909997651,-1.78951744517298,-4.6177380197262,0.672413828667873,-1.7749292346486,-4.58911026472812,-5.2482173035876,-5.22431775780066,-4.56791128033588,-4.54661490156922,0.672203871282954,-1.80051240682725,-4.63591701386052,5e84ca2ee2eb0609745d0a92_day2_block1
99,d2r2,0.695833584653985,-1.6746809641044,-3.28225363138992,0.685186737677859,-1.8798013937475,-3.2219227018868,0.687301529576125,-1.8612033372964,-3.14912081103728,-3.3817713143989,-3.66972357870652,-4.59313347675846,-4.56968289825733,0.683624297286739,-1.89120623608027,-3.29775051773615,5e84ca2ee2eb0609745d0a92_day2_block2
100,d1r1,0.60669328603657,-1.19444796382348,-4.24969103197354,0.606694192011248,-1.10067705457783,-4.6292058105469,0.604957681213788,-1.09489274298516,-4.65069783058026,-5.18756758503658,-5.19813454084613,2.21097084148963,2.36760115330751,0.604957343837489,-1.04137201259551,-4.68800422811433,5e84d9c7499bf00a9692a5c0_day1_block1
100,d1r2,0.59832702135568006,-1.64941847341883,-4.30763340642343,0.605538253337761,-1.65802287575726,-4.73912295736853,0.605485516363392,-1.74333731806623,-4.73590375906801,-5.32460651098071,-5.30486625846418,0.976807447517735,1.08156205828052,0.605192066026697,-0.92296589544288,-4.73364791191694,5e84d9c7499bf00a9692a5c0_day1_block2
100,d2r1,0.560297570238195,-1.55720975103158,-3.14205815909492,0.565162784847063,-1.18766456843927,-2.54086531255889,0.548319965589452,-1.16215522290722,-2.50722389995312,-4.76265861228906,-4.72160843092224,-0.857716320493118,-0.767111151160065,0.581689645846285,-1.67343165715142,-2.51857002467562,5e84d9c7499bf00a9692a5c0_day2_block1
100,d2r2,0.600348058832404,-1.25017505125589,-4.21753627710541,0.604726928059791,-1.19289924133197,-4.71216344904102,0.60489831288862,-1.20959533221613,-4.71392202675509,-5.29343990418991,-5.27884399053629,2.26988067008736,2.20454080210545,0.604886333222897,-1.05869527684698,-4.72140681438392,5e84d9c7499bf00a9692a5c0_day2_block2
101,d1r1,0.507750571023039,-0.310472638004364,-2.99583151971099,0.499951324362452,-0.116382014268284,-4.19135353078542,0.482406894410441,-0.102779959410381,-4.11980462247279,-5.03644987047753,-4.98789179806807,-4.29621789957762,-4.26302224553615,0.521107505920019,-0.124356464326338,-4.09758891253922,5e8c7f9f5aee10011be49201_day1_block1
101,d1r2,0.591245999016271,-0.478792945970043,-3.21883342464806,0.569493683410223,-0.128158690237663,-4.27190114858271,0.570936339433153,-0.164900054653799,-4.23322608318457,-5.06928273759894,-5.0166560754971,-4.0817435950036,-4.05593268789218,0.582387854881497,-0.219042199775448,-4.39529803656072,5e8c7f9f5aee10011be49201_day1_block2
101,d2r1,0.536288202003889,-0.718696539748498,-2.73022742661848,0.570596332101762,-1.36346518927409,-2.64868328519262,0.581300418894347,-1.56362030578615,-2.56775754513199,-4.74309048988113,-4.97067828253858,-1.10729451940163,-1.30466528591582,0.599272808709047,-1.40957880439237,-2.68161035622889,5e8c7f9f5aee10011be49201_day2_block1
101,d2r2,0.588206425450974,-0.885461154886939,-3.36631247705151,0.634370390382504,-0.781541390808884,-4.31982262257937,0.625698593093341,-0.881601326053619,-4.42016264478245,-3.44462899303418,-4.02819654281617,-1.46167723295005,-0.11081126311929,0.654172862034682,-0.642226868672765,-4.20533447894411,5e8c7f9f5aee10011be49201_day2_block2
102,d1r1,0.528100833073482,-1.21177028557594,-1.68499144514622,0.559978300268733,-1.13581893449589,-0.962436466476575,0.440161142231811,-1.08528924015082,-0.954029853948416,-5.79121606832778,-5.69511619701048,-4.14267959285405,-4.06949442942154,0.61331522480956,-1.19836562111074,-0.935886821585351,5e8e03539acb27066c117f7e_day1_block1
102,d1r2,0.390977992691142,-1.66480832292271,-0.97388808243115,0.317908850912889,-1.88123662610782,-0.714444825103723,0.358646468211064,-1.86373400160506,-0.719276003206181,-5.93752469149641,-5.87989545920395,-4.47977174088036,-4.45357946224425,0.310062095808715,-1.89773079781665,-0.718663706326826,5e8e03539acb27066c117f7e_day1_block2
102,d2r1,0.364778516683181,-1.37787899955661,-2.85458547748326,0.363495186988873,-1.46417590648563,-1.76026654445732,0.317287581455956,-1.45293444683146,-1.67962445782012,-5.71155050532145,-5.6802022771188,-4.31852393998208,-4.24345406678407,0.443698091294945,-1.51522963583899,-1.60924381282222,5e8e03539acb27066c117f7e_day2_block1
102,d2r2,0.315272360506341,-0.848391729490695,-2.88269691096216,0.250661057169479,-0.638146604465877,-2.79786660702491,0.266445072756519,-0.690717963760274,-2.82971457621993,-5.07776521447434,-4.97598275492375,-4.27590526118978,-3.99173856277355,0.251538354024146,-0.645320630687293,-2.97543234052551,5e8e03539acb27066c117f7e_day2_block2
103,d1r1,0.729081755741657,-1.21940773294333,-2.79059001567085,0.651732302270794,-1.1223151022339,-1.53969911488862,0.656492443218258,-0.864574688698469,-2.20485819065536,-4.3682467262419,-4.28853122672919,-3.71776708360108,-3.00572873112089,0.713611365996428,-1.1592283676576,-1.42619365692833,5e8ef2059eeb7a1af7502f3c_day1_block1
103,d1r2,0.776037799785004,-1.78546969629083,-4.01825746573845,0.785271026172498,-1.29362246017747,-4.61954445353151,0.78440952423424,-1.50555818846957,-4.65041846130678,-5.15382032896445,-5.15234228534395,-1.07725254183326,-1.12136704910849,0.784019337769978,-1.51655928007265,-4.70927545512967,5e8ef2059eeb7a1af7502f3c_day1_block2
103,d2r1,0.673189558481144,-1.70080445275149,-4.17081272367023,0.681371834161807,-1.44465893701928,-4.34141137092999,0.67676195946228,-1.50103106684935,-4.47112346774939,-4.99411294507983,-5.07512274080839,-3.29834389418737,-3.39840831594599,0.679702232703846,-1.4655438487643,-4.36322924872647,5e8ef2059eeb7a1af7502f3c_day2_block1
103,d2r2,0.593681005760553,-1.58904734771674,-2.26294097135087,0.629524250270054,-1.35579287289841,-3.14498113741418,0.601484744374016,-1.25782111259646,-2.95118786642164,-4.33129033275803,-4.19682030029196,0.0786321685768396,-0.00254757058151551,0.622418208236582,-1.56161723277935,-2.98566656437244,5e8ef2059eeb7a1af7502f3c_day2_block2
104,d1r1,0.537749436878965,-0.962059108017654,-3.05672331219533,0.487161966811168,-0.698380636471869,-2.63566048331318,0.477723458706273,-0.616881218716577,-2.44265945725017,-4.37542252738525,-4.35085104822732,-3.03997043103396,-2.9869612209371,0.469051062235061,-0.792278963522515,-2.78260758006142,5e8f740429529124dfc3e7a5_day1_block1
104,d1r2,0.397188806629713,-0.951707813253453,-1.32551023864962,0.542225653277813,-0.132271772991883,-1.29676360013565,0.561086439766464,-0.0212669385260242,-1.16616450284896,-5.01947605909052,-4.75183541264373,-1.38292979036224,-1.55150880105342,0.495185175045292,-0.565474095557168,-1.42799449458708,5e8f740429529124dfc3e7a5_day1_block2
104,d2r1,0.651131737801463,-0.741026952172437,-2.28691811790931,0.658576835245847,-1.1979997158569,-2.63607359258366,0.65637782954063,-1.00804897134318,-2.92985177935772,-4.01974346546845,-3.54717591946185,-2.10772590037875,-2.37362134999716,0.683260835877156,-1.40070416302103,-2.85254516023323,5e8f740429529124dfc3e7a5_day2_block1
104,d2r2,0.737308183140112,-1.87943034149617,-1.52889683710908,0.70959139489988,-2.14536370102175,-1.30726599128791,0.730095810847487,-2.18714366802659,-1.2192750118813,3.1765243552713,3.17238998213394,-4.28735213102166,-4.21815240632455,0.72585973002305,-2.17462208762404,-1.4187163402253,5e8f740429529124dfc3e7a5_day2_block2
105,d1r1,0.463723915059805,-1.39968071867738,-4.08463674645676,0.465817280934889,-1.79442324142346,-4.68363534413135,0.465818729654956,-1.77030800972649,-4.67591116060093,-5.15837003570423,-5.15362609843443,-2.37492397611921,-2.43873923752255,0.465829434698001,-1.8087804395346,-4.68845036632454,5e90ac47f9c9d13bd8831182_day1_block1
105,d1r2,0.51449212423036,-1.62670502870932,-3.84688379907638,0.50525943514548,-1.913494456214,-4.39737347593345,0.505842633628563,-1.90809328533276,-4.38191142662892,-0.786723556052325,-0.923790680728133,-4.21031045721009,-4.09690111849166,0.504852547318762,-1.91707400298567,-4.40877593322687,5e90ac47f9c9d13bd8831182_day1_block2
105,d2r1,0.474632611575296,-1.76471132103961,-3.79389177887171,0.475202711778831,-1.75593481078215,-3.0250217068241,0.446340106215768,-1.78040422276135,-3.0334525800637002,-5.12932111286298,-5.07540214723134,-4.31163448720939,-4.37286133269868,0.478677575080058,-1.78222480995354,-3.06236573973351,5e90ac47f9c9d13bd8831182_day2_block1
105,d2r2,0.439362052120549,-1.70544482652172,-3.05511194565677,0.484639994443361,-1.99891248504172,-4.19274174764944,0.485051061073452,-1.99402565363091,-4.05732358503284,-0.346044021546092,-0.486585355585723,-4.37309894244352,-4.16570917844261,0.484501837592197,-1.99628945504923,-4.26071048724507,5e90ac47f9c9d13bd8831182_day2_block2
106,d1r1,0.5867015523572,-1.63126848851967,-3.56681288055711,0.602760521879142,-1.86812188625095,-4.66522279439392,0.603590907770798,-1.66372606418417,-4.67154235240619,-5.13946883323802,-5.12892357138635,0.71056839016571,0.684799430941246,0.605526276170246,-2.4713674895646,-4.73010260471409,5e918b7bf9c9d14abca01622_day1_block1
106,d1r2,0.561931459432283,-1.61842399537683,-3.36350578615126,0.513401500749297,-1.71592277338261,-2.75999509457557,0.513770870385206,-1.69729048397678,-2.68466190125269,-3.91543235792535,-3.96363884847017,-0.678815091192623,-0.588894663968596,0.51360312724758,-1.7281252860347,-2.82210284758706,5e918b7bf9c9d14abca01622_day1_block2
106,d2r1,0.565972928284003,-1.86803788208909,-2.08985740472001,0.608574882590497,-1.20462839193293,-4.34579709979098,0.599888556809617,-1.62865816374331,-4.03660627750578,-3.88107119053281,-2.84599678633578,0.608492657780569,0.392865155023525,0.605518541337748,-1.78552806125768,-4.60165938353647,5e918b7bf9c9d14abca01622_day2_block1
106,d2r2,0.574080100501815,-1.23829843092456,-2.97536067250507,0.599986527199502,-1.41093220192349,-3.05897787293694,0.593281159690309,-1.48411702194762,-2.76116491391106,-1.70396038544063,-1.92520089544086,1.63698433732749,1.54461428231811,0.571202937254547,-1.02761410281998,-3.03037963757822,5e918b7bf9c9d14abca01622_day2_block2
107,d1r1,0.612774817492615,-1.63176139057521,-2.31066466508028,0.63442736131221,-2.05245522597086,-1.73008153684591,0.610709489727702,-2.07335000667408,-1.68061873678885,-5.84121004624552,-5.83964126278003,-3.72043780134314,-3.76122891962423,0.616298357027955,-1.93865970525917,-1.80603751108089,5e9457c08b4a3c2b2955976b_day1_block1
107,d1r2,0.726422018081159,-1.60337136617858,-2.42867441718065,0.734875144913838,-1.62939328748561,-2.08303153215559,0.74513576760794,-1.68204222619494,-2.07720738185989,-5.26138591580019,-5.2062077090909,-4.40590111579052,-4.39120312957081,0.711910844075071,-1.6674849982608,-1.95255070737165,5e9457c08b4a3c2b2955976b_day1_block2
107,d2r1,0.578697612264082,-2.36854594526059,-2.90029465847381,0.60551010420597,-3.48647492128579,-2.3990117610404,0.605504432551899,-3.44328680946695,-2.36652563142385,-5.40974338836625,-5.4917311196739,-0.691887276135806,-0.629392061196034,0.605513001364407,-3.5093056163495,-2.4304588764768,5e9457c08b4a3c2b2955976b_day2_block1
107,d2r2,0.596646680656461,-2.43249946377611,-4.16523039868666,0.604827511207848,-2.31975759269681,-4.66127243287149,0.604094675906378,-2.35076451600047,-4.60808684937285,-5.26370445705854,-5.19886793501418,0.0385198663090116,-0.0518129135816402,0.603942875544047,-1.0569228777578,-4.66271192489166,5e9457c08b4a3c2b2955976b_day2_block2
108,d1r1,0.488851980756479,-1.65215833631094,-4.12686227854535,0.468002664589949,-1.5385568184037,-4.48626424250814,0.465995842785832,-1.58312175690667,-4.48954080509538,-5.15072822064305,-5.12761975599395,-4.52884839652822,-4.55930847612596,0.467234662737821,-1.56726730701565,-4.51689744090456,5e970d4756bf8c19bc35b39e_day1_block1
108,d1r2,0.478308532694319,-1.44512648232248,-3.94241695749575,0.469101510669702,-1.43586428789391,-4.43173323343447,0.477238755788684,-1.44043529909616,-4.2480111256485,-5.30841457865047,-5.24020440575767,-4.62217320768155,-4.59852864093566,0.469534829791352,-1.4521717809014,-4.43230209597572,5e970d4756bf8c19bc35b39e_day1_block2
108,d2r1,0.474055782574915,-1.78504929071337,-4.34805839223576,0.464723372390576,-1.89067621717203,-4.72959675994793,0.464657252486114,-1.88257754373639,-4.72565174405357,-5.32739366487351,-5.30772823029015,-4.68022873534476,-4.66567047317421,0.464757544520596,-1.89613070898486,-4.73232750902579,5e970d4756bf8c19bc35b39e_day2_block1
108,d2r2,0.509139620717593,-1.74835630001679,-3.90472413727207,0.468928616347612,-1.74699268549754,-3.78150838864038,0.454318094876791,-1.77997866114634,-3.44553107099927,-4.69082054814583,-4.51771768516146,-4.56256717701749,-4.53840816869869,0.469977158376905,-1.75469048706182,-3.82128948713275,5e970d4756bf8c19bc35b39e_day2_block2
109,d1r1,0.567221489305424,-1.36862515817829,-3.95339136254798,0.533485791570116,-1.33973140116619,-4.0970662017652,0.527387096705551,-1.35199117333029,-4.0406059940434,-5.258472109914,-5.2318205871604,-4.57151424485034,-4.52399829858612,0.535966474184636,-1.32579519077127,-4.35192197997095,5e986435a93c9104ab935f20_day1_block1
109,d1r2,0.542197736485857,-1.52637003148255,-4.15932413863394,0.536728968527252,-1.46719061551422,-4.69831258985008,0.536324951495132,-1.47097290669759,-4.69689538027465,-5.29437148058008,-5.27628022640322,-4.6159610902622,-4.59149960918977,0.535917707376253,-1.46626043932923,-4.719248827936,5e986435a93c9104ab935f20_day1_block2
109,d2r1,0.54516561470158,-1.77952397286119,-2.24134166427661,0.539375720633688,-1.69229410886202,-2.27590760769871,0.540166241442775,-1.72631354767613,-2.07779117817841,-5.54355096224125,-5.61737456820143,-4.08988850045248,-3.93716376132906,0.530870244555028,-1.62164454320944,-2.58745877793735,5e986435a93c9104ab935f20_day2_block1
109,d2r2,0.511810452293194,-1.59493195773922,-1.93268502821878,0.540775028029679,-1.59581780706124,-1.98128811833778,0.526794728770154,-1.63299350875461,-1.88657450520972,-5.27532713286725,-5.37844353192662,-4.51689949158572,-4.48983887807063,0.580235497950117,-1.59950203691569,-2.02630659783165,5e986435a93c9104ab935f20_day2_block2
110,d1r1,0.799732816994329,-1.20731853179192,-3.70940698681391,0.795172936978852,-1.23025199768616,-3.91778271311936,0.802436128685713,-1.07673314464638,-3.98264993002857,-4.86156506465994,-4.92658957456352,-3.41268037787176,-3.68803534956861,0.791185069343919,-1.49126168025255,-4.06062430092066,5e992379f1bb6715d48226e0_day1_block1
110,d1r2,0.770479590904939,-1.57476313471198,-2.73380261665995,0.776658413399935,-1.4045065206078,-3.31264658374098,0.765763874768106,-1.37031078389918,-3.1276818457549,-3.35525172715691,-3.22987126079642,-2.84797632843544,-2.87454869860769,0.767731207383507,-1.31677976533939,-3.24466095686624,5e992379f1bb6715d48226e0_day1_block2
110,d2r1,0.759985967834578,-1.82915979261711,-3.36684016016208,0.755144709492133,-1.83045034383943,-2.14176125597567,0.742343347971494,-1.774364744166,-2.43354664416824,-3.6596972643697,-3.38430352708446,-3.94004640576257,-3.68980242190451,0.73857899042065,-1.74494646451955,-1.98485149916159,5e992379f1bb6715d48226e0_day2_block1
110,d2r2,0.704634022429792,-1.76927123476419,-2.01816642779985,0.756451519185282,-1.7464162216896,-1.77471139770638,0.740554374547563,-1.7426740727584,-1.76551792685821,-5.65726994176711,-5.61653411418233,-4.4167769910652,-4.36481967762516,0.737447609751802,-1.73689837175176,-1.7466291415204,5e992379f1bb6715d48226e0_day2_block2
111,d1r1,0.488013226711542,-1.22534331350772,-2.83542797938696,0.428605990105869,-1.46320809866841,-1.6525277217136,0.392864833060921,-1.44100613447949,-1.70745656426125,-5.70840024564234,-5.62176942310581,-4.03491856320315,-4.01071383971879,0.479041250017772,-1.480634270779,-1.62517767279839,5e9d57aa39a763000dfe2c85_day1_block1
111,d1r2,0.25449924676175,-1.46653623601789,-2.78628753891643,0.212957890027663,-1.0938769311851,-2.37615975421912,0.227111634344668,-1.11611158874935,-2.31579233540701,-4.77326708563425,-4.49868540826795,-3.07800484444054,-3.26805473358921,0.167376368645938,-1.02690927988829,-1.97731971083837,5e9d57aa39a763000dfe2c85_day1_block2
111,d2r1,0.364604992871842,-1.47854295429619,-2.74638777360437,0.264116873001789,-1.20344651103004,-1.30839701474882,0.223481532935263,-1.18831061137924,-1.59025100904929,-2.08198514643975,-2.37542375267853,-0.822590057786331,-0.730849673757534,0.296543403490546,-1.44233201522515,-1.75362738892397,5e9d57aa39a763000dfe2c85_day2_block1
111,d2r2,0.508473830699601,-2.10670603073433,-2.42320457540529,0.436739739954902,-2.61210272582304,-1.54942837466496,0.518692139455517,-2.19232139893874,-1.70038261175824,-4.17188638181832,-4.74412518444661,-1.75029975640256,-1.83821724091943,0.572600599110452,-2.75762516378681,-0.884149795049769,5e9d57aa39a763000dfe2c85_day2_block2
112,d1r1,0.548983885533664,-0.899819308263923,-3.50241590252361,0.504719176283562,-0.524337343209102,-3.55833270951845,0.49701844220819,-0.579319442376673,-3.54261066318055,-4.89992147669608,-4.88756385816219,-3.47463815684239,-3.80559255019462,0.52110921050923,-0.669907253189735,-3.89927857359646,5ea6e375aa693d07612de8d8_day1_block1
112,d1r2,0.430541401508011,-0.767708988985309,-1.87460881678887,0.351864523450279,-0.315623968116242,-1.83230531650742,0.319452307833943,-0.277935347524332,-1.93403847327391,-4.85229733540989,-4.64384393432068,-3.9542548808167,-3.68245254327313,0.430135112734896,-0.426534757038474,-1.9431236842103,5ea6e375aa693d07612de8d8_day1_block2
112,d2r1,0.561163887086757,-1.24446943268817,-2.80413706701478,0.523459086033809,-0.931394454294579,-2.81241075129366,0.501706380044573,-0.975376277293676,-2.68653988681813,-2.80749567831102,-3.00053593633326,-3.16301181423126,-2.98933058203152,0.523286141226277,-0.959509579321355,-3.12939927907927,5ea6e375aa693d07612de8d8_day2_block1
112,d2r2,0.538112397817449,-1.29295125049294,-2.23738437747203,0.538241923581022,-0.694239439474765,-3.56742629964535,0.52172875969723,-0.947946249306599,-3.17866844115852,-3.60221548824229,-3.37888107376705,-1.55551144164476,-1.30534784360835,0.534025336252811,-0.873059358034146,-4.07553527440816,5ea6e375aa693d07612de8d8_day2_block2
113,d1r1,0.567676372379099,-1.36522475154753,-3.2088393261775,0.501784295001674,-1.49143754826399,-1.54652686977396,0.459783030424277,-1.5496178241893,-1.76157501847773,-5.44392930943581,-4.6919960164926,-4.0509418219485704,-3.04246409014226,0.51749278309724,-1.4857028935764,-1.50712981422794,5ea9690bb6019a050f5dc013_day1_block1
113,d1r2,0.339408891216961,-1.4679123698348,-1.70536140519468,0.406528521194311,-1.62071827649672,-1.40813551165679,0.423544893977901,-1.59628551166772,-1.36856332027578,-5.79062736353819,-5.81771450094807,-4.35281969812896,-4.38058801961144,0.354091197750168,-1.51078431607537,-1.43322648985731,5ea9690bb6019a050f5dc013_day1_block2
113,d2r1,0.349596568417976,-1.58964791957926,-3.14141181496014,0.132638924660081,-1.45362058517667,-2.13980453248504,0.216511544533489,-0.848836096724993,-2.55716352369604,-1.02024830078087,-2.49626815004022,-0.176448859397925,-0.074129733797009,0.123859476023608,-1.13393284478367,-2.1556425431233,5ea9690bb6019a050f5dc013_day2_block1
113,d2r2,0.430053588630723,-1.53040540684937,-2.78110519056471,0.474112129869081,-1.70788281371484,-3.91285104921152,0.475051231525547,-1.68175397768395,-3.82576769047312,-0.634158982904468,-0.665561279686682,-4.16772891128792,-4.09351348476608,0.459884200763363,-1.65688081118615,-3.99142532632011,5ea9690bb6019a050f5dc013_day2_block2
114,d1r1,0.588530496281334,-1.407744290036,-3.0018668584859,0.561531840126722,-1.46319673043253,-2.79377481954283,0.546618009223737,-1.39646353995425,-3.00661599381028,-4.83355479964221,-4.79711474909313,-1.36080041089315,-0.803900763739213,0.545040748762264,-1.18604117016473,-2.46678237519752,5ea997a0a4cf5b0c47b6840d_day1_block1
114,d1r2,0.591688396720091,-1.62609328222165,-2.741844232534,0.557597533877962,-1.02048807513937,-1.80225677568039,0.530082847955871,-1.2961984272493,-1.88327365208414,-5.41965596214489,-5.44765070469358,-1.40866802442949,-1.45752235835391,0.604597669592813,-0.688988557412905,-1.77920886313067,5ea997a0a4cf5b0c47b6840d_day1_block2
114,d2r1,0.711618662647349,-1.03890305457968,-3.21461545833519,0.734321900014384,-0.986019295902495,-4.31576572439478,0.734099247212728,-1.01411729131798,-4.08197133504495,-5.20105202497649,-5.19119528329227,-4.39555612541913,-4.31457276825068,0.736023952566526,-0.985700513287264,-4.34629301035555,5ea997a0a4cf5b0c47b6840d_day2_block1
114,d2r2,0.60283007185094,-1.5434725841844401,-3.5642122947048,0.605770802678613,-1.93005500114615,-4.70967441574133,0.605609672425159,-1.91686788039355,-4.66281741869606,-5.31250526945393,-5.30044874474845,0.989824065966723,0.749824777657818,0.605529417674595,-2.26848153904449,-4.73390901323236,5ea997a0a4cf5b0c47b6840d_day2_block2
115,d1r1,0.593495784093339,-1.29578970493021,-4.22221479444311,0.604307745491637,-1.09951800039333,-4.69132277437372,0.604877949817624,-1.47111497058698,-4.7110487683599,-5.28222864255495,-5.28799092464176,1.04919562076953,1.32221720182144,0.604714848299754,-0.729781679007577,-4.66712704395758,5ea9d59f653dfc135495c2bf_day1_block1
115,d1r2,0.595431765946848,-1.48436984310765,-4.05784886368707,0.605669122851568,-1.59407801753607,-4.7382654192793,0.605642039040301,-1.65670304469002,-4.73457427296179,-5.31884743105281,-5.29933326056379,1.15710217575689,1.29425069731135,0.605854983424099,-0.951141820960631,-4.73301097601563,5ea9d59f653dfc135495c2bf_day1_block2
115,d2r1,0.6241440197152,-1.62970925239023,-3.28723662199307,0.605490170814153,-3.4251816943389,-2.35672311326747,0.607738882161434,-2.73715615746599,-2.3845713655638,-4.78489625389942,-4.97040992790795,-1.2113395230834,-2.1665358051282,0.60550859162862,-3.53849054480196,-2.47767311273093,5ea9d59f653dfc135495c2bf_day2_block1
115,d2r2,0.610919404810966,-1.74591670209491,-2.85140156416413,0.604652517697328,-2.01297942490241,-4.0702542670744,0.599016066704825,-1.9775558006574,-3.44894169681175,-5.248686662437,-5.36320336806775,0.192123665455797,-1.06699237305763,0.605500260399467,-2.18492498298897,-4.43284501889902,5ea9d59f653dfc135495c2bf_day2_block2
116,d1r1,0.543967231663777,-1.09388969788237,-4.18728420419749,0.535408507829373,-1.01874628832902,-4.68651648573775,0.5349891883439,-1.02984997820449,-4.67432423427226,-5.27500228569328,-5.24723312878251,-4.26605130222193,-4.20365005812947,0.535629387260756,-1.05231311126936,-4.7167239711948,5eaafded3bb47c09107ec0e2_day1_block1
116,d1r2,0.509140635607959,-1.54418925383711,-2.06256627759128,0.488030225138864,-1.38905327907341,-2.48739892446813,0.491915511414235,-1.33543796485096,-2.29420542522262,-4.26915680684886,-4.62155919308486,-3.7082351859123,-3.64898300523163,0.488847610402239,-1.45817624194041,-2.68553454963636,5eaafded3bb47c09107ec0e2_day1_block2
116,d2r1,0.530182399219484,-1.4691815528988,-2.26542712507187,0.515528194382714,-1.48127868976612,-2.6379518465671,0.51288450267285,-1.51316012864197,-2.52843980541796,-4.64879732732892,-4.69085092256419,-4.22269143365096,-4.19206438557819,0.51425433634616,-1.4930074914575,-2.80133755253233,5eaafded3bb47c09107ec0e2_day2_block1
116,d2r2,0.541671769048646,-1.36479007022072,-3.34628699700698,0.502186871599166,-1.49115140294699,-2.8146558526252,0.500017005851806,-1.47065927727291,-3.00556935286806,-5.22303763073849,-5.17688254057024,-4.58401467029979,-4.5401111211819,0.524886271727077,-1.46003270325831,-3.08830566846775,5eaafded3bb47c09107ec0e2_day2_block2
117,d1r1,0.427734177597094,-0.478384581932604,-1.55876707366335,0.444589480550609,0.279985554380497,-3.08615366568796,0.433341683647187,0.254167992829567,-2.75156904053326,-3.53950673853423,-2.81040477496298,-3.59904310694284,-3.39509810187198,0.423961547831843,0.426551345923069,-3.39696504931536,5eae8818c1324e55836aa477_day1_block1
117,d1r2,0.263970917501568,-1.24968577592366,-2.20159882729097,0.149020342184833,-1.29313676420161,-3.17289281676722,0.198690855328316,-1.66344375749994,-2.59770396446403,-1.13650286212661,-0.0592620416634462,-0.318445776483926,-1.29649141098764,0.131669253614373,-0.641928519777601,-3.49799247769313,5eae8818c1324e55836aa477_day1_block2
117,d2r1,0.574341008885569,0.0348541047229393,-2.91779568272375,0.641854209220976,0.273702715745665,-3.84096218758205,0.63010218285737,0.299277804969344,-3.86684573015876,-5.05423443449499,-5.0302840468965,-4.36807117868678,-4.39890865393899,0.600963415700819,0.353099913042595,-4.02280436802564,5eae8818c1324e55836aa477_day2_block1
117,d2r2,0.709617050993826,-0.64052382427342,-3.51494557129004,0.684015601822862,-0.580012151018903,-4.48822948980565,0.682640685567592,-0.337080678630434,-4.2991351569622,-5.04347479361999,-4.8809361949993,-0.868520108340504,-1.2337467133531,0.667761268441784,0.292914882797567,-4.35638412182676,5eae8818c1324e55836aa477_day2_block2
118,d1r1,0.594738609121654,-1.23282246627808,-4.13276067109817,0.606849063083541,-1.29253033168218,-4.57555673365617,0.616887303192476,-1.24471513373673,-4.28146888524484,-5.25993899150093,-5.04906098708514,2.52490412020467,2.14492966055745,0.604311571183281,-1.04687951794947,-4.689352504597,5eaee5791eaaad06ab45818c_day1_block1
118,d1r2,0.60380593476645406,-1.38537397884112,-3.2292114333323,0.400755000326722,-0.918915010038448,-1.46788944490543,0.532879986095108,-1.12278627633798,-2.2767256280152,-0.54814027847806,-1.49449534128438,-0.773560245040883,-0.595076490213102,0.504346444715806,-1.02453161561903,-0.627232908190991,5eaee5791eaaad06ab45818c_day1_block2
118,d2r2,0.536855523939153,-1.7897495200219,-2.57746648578136,0.515343572767436,-1.91948176950369,-3.08951498234545,0.511011404834706,-1.91944837418434,-3.00156320215939,-3.14065939915509,-3.3108550889002,-4.66284693329007,-4.64642050037504,0.547234364983243,-1.90374207217167,-3.12236200410371,5eaee5791eaaad06ab45818c_day2_block2
119,d1r1,0.575970365624392,-0.572905459311548,-2.87958188399523,0.553434728533198,-0.361173413401122,-3.86742264685452,0.541994745321295,-0.468669171523517,-3.45416344733896,-5.16318997757637,-5.22059177183719,-4.57312502362017,-4.5122905326294,0.549846522581302,-0.337673625992093,-4.08161757251407,5eb14b3c30bd5922f1fcc4f2_day1_block1
119,d1r2,0.600669166791215,-0.577022192310789,-2.98137142476407,0.54578290988012,-0.402760809215415,-3.24533051114631,0.537682983018362,-0.432141336101134,-3.22810041273262,-5.0301765821275,-5.04329905710844,-4.49195499724233,-4.42985298357079,0.565405790749907,-0.428870015437247,-3.42787853296642,5eb14b3c30bd5922f1fcc4f2_day1_block2
119,d2r1,0.597131323199608,-1.16538783979936,-3.6611421731719,0.587100519322995,-1.18073398060267,-4.29209125039796,0.591625935212873,-1.11556047253957,-4.38564820420385,-5.1549615895366,-5.14781215387243,0.922628124745914,1.31679852873377,0.604117689904595,-1.45777269783223,-4.69797410428653,5eb14b3c30bd5922f1fcc4f2_day2_block1
119,d2r2,0.502259224610295,-1.05693629539628,-2.66097115692601,0.506122746376277,-0.678081624193825,-4.20744906786051,0.50870182670843,-0.62738541066404,-3.98773596226638,-4.88240251561541,-4.79980617611758,-3.91377473111583,-3.7790030442614,0.510062341117291,-0.715116688420558,-4.33769551264706,5eb14b3c30bd5922f1fcc4f2_day2_block2
120,d1r1,0.546476027609203,-1.0788614918882,-2.66819451591534,0.535948958386103,-1.17884037901686,-4.02886256736008,0.532526926388561,-1.14718057955312,-3.86596211622095,-3.42533320539113,-3.67857377297181,-3.83776673152282,-3.9057941940624,0.542007688332133,-1.19693472632056,-4.08170177729508,5eb58476f88d4008fa483809_day1_block1
120,d1r2,0.523337094266411,-1.15607290188964,-2.71304698680851,0.471992890391304,-1.03376037620801,-2.27604787340271,0.453284067142304,-1.02358126918543,-2.22565436398651,-4.93197962061164,-5.01293872810787,-4.52626476091473,-4.45019424845287,0.478174098144589,-1.04368090481358,-2.3695706650818,5eb58476f88d4008fa483809_day1_block2
120,d2r1,0.546943055149199,-1.34116630456288,-3.30496930515323,0.602395380478407,-1.37610392612917,-3.44367013776544,0.576643740408725,-1.43286531521015,-2.94387122552717,-0.564359398569274,-1.08246597773148,1.52822784193063,0.852148465398252,0.591939469625178,-1.0364402301371,-3.49441584638499,5eb58476f88d4008fa483809_day2_block1
120,d2r2,0.3749500339536,-1.4555945161287,-3.80436110247046,0.42251745392731,-1.16964236806621,-4.20730579165802,0.406908271387294,-1.70755765247472,-4.31462244848718,-4.86555878295186,-5.06540287782386,0.620427567291671,0.54243978257975,0.511279840799411,-1.45458581742157,-3.05868492470279,5eb58476f88d4008fa483809_day2_block2
121,d1r1,0.343049988019082,-0.486135668591593,-3.41861767014123,0.317390659862672,-0.00311579663914895,-4.17630787320415,0.300481171190097,-0.0274001039696329,-4.03129236470691,-5.11285489257292,-5.04440707078143,-4.32530946392859,-4.27370143358536,0.322123653220749,-0.00599674223815121,-4.30701160182519,5eb5c2051cabb149a0636117_day1_block1
121,d1r2,0.201154787850125,-0.658005886645125,-3.25706159536194,0.147714845931304,-0.644216871928932,-3.90548700857857,0.135390174309494,-0.854513170388493,-3.60454256973456,-4.94916064718653,-4.92481271251384,-0.996869131488357,-1.58836948567964,0.129568309944175,-0.871296482203731,-4.30104052280829,5eb5c2051cabb149a0636117_day1_block2
121,d2r1,0.183449205201709,-0.94921248009937,-3.66614583552764,0.105101620552409,-1.19411222794075,-4.73484464737701,0.105055103381042,-1.30494040362601,-4.73471495084473,-5.31265051134389,-5.29762918308071,2.01908039384352,2.1452138196363,0.105022973906079,-1.27866570649142,-4.74667453560778,5eb5c2051cabb149a0636117_day2_block1
121,d2r2,0.398104319377555,-0.141156936004349,-1.76168440779447,0.259556835483298,0.00565457897575399,-1.53243560584044,0.234940314384442,0.00358073145908612,-1.50074925468325,-4.98154232075647,-4.97562208753204,-4.58561715526339,-4.55513483900891,0.22620982139291201,0.00796159078479932,-1.61930540204656,5eb5c2051cabb149a0636117_day2_block2
122,d1r1,0.695432618615278,-0.604607968408489,-2.42018505272877,0.562583924172278,-0.551178991828769,-1.56004579897328,0.540585012585165,-0.552846875588882,-1.53453634969969,-5.41374395287672,-5.37076101544211,-4.58958006575529,-4.56133908503937,0.569560125174213,-0.501866880062478,-1.62175400178115,5eb5c39a3c8a5b4ac2f06827_day1_block1
122,d1r2,0.489120475341951,-0.998187546680155,-2.98346993680307,0.467914236459069,-0.824301482808291,-2.57014280008294,0.456010031940128,-0.848888176574873,-2.6515854690512,-4.87924891001361,-4.69143336043415,-3.84196503636985,-3.78121291283473,0.477967516435458,-0.807368129107124,-2.84080205228294,5eb5c39a3c8a5b4ac2f06827_day1_block2
122,d2r1,0.492914487356795,-0.789232976549426,-1.67533392916029,0.480244215138125,-0.990461804234477,-0.965269461860577,0.375343531189556,-0.945948571602851,-1.1667059242697,-5.23360388177624,-5.12202851660903,-4.07042922229047,-4.10303655039176,0.587788192161454,-1.38545991714661,-0.875720662691867,5eb5c39a3c8a5b4ac2f06827_day2_block1
122,d2r2,0.72065545839019,-1.00646791279042,-2.46038768859412,0.758736531559683,-0.865117852898521,-1.54514949376195,0.746217914676976,-1.01326527262927,-1.53963613414488,-5.05982450106174,-5.34300241840134,-4.03695259201478,-4.24631143445341,0.779923863715646,-0.762475688994284,-1.76733720634917,5eb5c39a3c8a5b4ac2f06827_day2_block2
123,d1r1,0.489195404153083,-0.785416749022193,-2.84682672593634,0.363503787003483,-0.64649412809919,-2.53848014107018,0.372012577197703,-0.859175661421178,-3.48655072904143,-5.00420063076798,-5.05056889154724,-1.25727658284373,0.595247802273794,0.394950752679275,-0.898752864965612,-3.25965863530387,5eb71d89ed8104645e640ad7_day1_block1
123,d1r2,0.500620769980894,-0.515222156801778,-2.58562708400412,0.268612713471716,-0.238377703765109,-1.99549743748993,0.332364113833752,-0.383613287709219,-2.28025160921514,-3.77336450975548,-3.30827014401108,-3.20353357696065,-2.43477806807125,0.298451065264725,-0.0585178907872694,-2.16377328588497,5eb71d89ed8104645e640ad7_day1_block2
123,d2r1,0.576066397558845,-0.317989482621672,-2.40549412618209,0.516340899448877,-0.239789705401856,-2.16645454865028,0.484523138415126,-0.221444760696851,-2.06596525007337,-5.10867906008551,-5.10345050447012,-4.3497139881633,-4.37224618765636,0.527664901291703,-0.143963494620419,-2.47429909913554,5eb71d89ed8104645e640ad7_day2_block1
123,d2r2,0.522865510500967,-0.663949941180687,-2.08944841637433,0.535699488997441,-0.09875427109502,-3.60950542792619,0.525436891325073,-0.234288362222116,-2.90151176609614,-4.83753863856831,-4.24151563733387,-3.88943958193978,-3.83564708472132,0.540002021157548,-0.080348388930823,-3.90252071385488,5eb71d89ed8104645e640ad7_day2_block2
124,d1r1,0.468760401092708,-1.4357559616443,-3.66377372524474,0.459669986379172,-1.39009902763348,-4.39056821686279,0.451806793099856,-1.58150252973183,-4.12132675110072,-5.09341658140194,-5.02346693194326,-2.79023780596391,-2.57027426832997,0.463642723340952,-1.38007383608034,-4.5368058619142,5eba67722278131afae1d2f4_day1_block1
124,d1r2,0.470181632051954,-1.85469200185633,-2.49085172385884,0.493512597776346,-1.90307556387563,-2.49493730225034,0.493576951656002,-1.89800836312602,-2.44953603904023,-4.85429735845915,-4.9500149252591,-4.57314560186855,-4.53919336741891,0.49328797537115,-1.90672459668314,-2.53487158771377,5eba67722278131afae1d2f4_day1_block2
124,d2r1,0.471643499618755,-1.83511391901315,-3.77566471559566,0.518780113099729,-1.85798458327691,-3.39921161512649,0.493759159100011,-1.86096587607204,-3.93306741571975,-3.99335546905739,-4.49780202768376,-4.6020852106358,-4.59808165428606,0.531890068797888,-1.86168077865534,-3.09002315923418,5eba67722278131afae1d2f4_day2_block1
124,d2r2,0.466036019324468,-1.50772932169188,-3.9685187517862,0.499927551013354,-1.41371093458432,-3.85395704829455,0.48263087869219,-1.48768285602451,-4.26203660247197,-4.5626692343645,-4.87228328450368,-3.953444665105,-3.94925006083082,0.511297042147444,-1.25383848166203,-3.24152473804036,5eba67722278131afae1d2f4_day2_block2
125,d1r1,0.569329879325264,-0.655414302733312,-3.55491143979996,0.577600731526497,-0.866745529757814,-4.53082584989223,0.583966915348427,-0.951184596368478,-4.5364111497,-5.06646772548039,-5.06307009536594,-0.0534837006785777,0.293243782569985,0.552033301625291,-0.576939805729305,-4.50000062289496,5ebbc84205594f1b921a6a50_day1_block1
125,d1r2,0.464238024194286,-0.312800970180559,-3.38989900545898,0.430944933629319,-0.0450520492082954,-3.44203157337115,0.409697679231588,-0.120217754713202,-3.3207784696471,-5.04532269243325,-4.98340329507763,-4.34669656949261,-4.12942493006092,0.443765139203242,-0.011790399270907,-3.67533062531539,5ebbc84205594f1b921a6a50_day1_block2
125,d2r1,0.508146826277591,-0.384358681620294,-3.20735441708398,0.410862197580628,-0.112266217717438,-3.34274829650306,0.419483683905031,-0.0964384986703593,-3.38510429385282,-4.96315463682852,-4.96409093397163,-4.31666253754974,-4.23365567140586,0.424152035979997,-0.109867230623472,-3.51660770085494,5ebbc84205594f1b921a6a50_day2_block1
125,d2r2,0.498176873364297,-1.04860185989849,-1.93865321174531,0.497815807225864,-0.287305304282221,-2.15950684892681,0.494044330845328,-0.394831767606266,-1.83372047041223,-4.80424714015739,-4.61403417081214,-4.41476906623435,-4.30996819755313,0.532153780526825,-0.259549706806649,-2.47327966582401,5ebbc84205594f1b921a6a50_day2_block2
126,d1r1,0.655829205602685,-1.53905322587262,-2.97038016786176,0.630076451937826,-2.03949790923711,-1.84220527524674,0.611038898484848,-2.07891914163298,-1.92462577371195,-5.74580536118723,-5.70454676510047,-3.61316017021649,-3.51175933912581,0.66241359637575,-1.89053851735453,-1.83961379936061,5ec01682e4414a413071229d_day1_block1
126,d1r2,0.63310710894665,-2.12070895624339,-2.77948830429473,0.60122834560445,-1.92611853514556,-2.73417963010957,0.603358512386126,-2.66179815965839,-2.65898031432056,-4.19860932936516,-4.38398065319265,-0.218954014663789,-0.379746183429036,0.607998644048804,-1.91195631539173,-2.90435827365039,5ec01682e4414a413071229d_day1_block2
126,d2r1,0.575787266813365,-1.53222461973753,-3.00774330586174,0.528682139348924,-1.53690561196576,-1.96430678717554,0.50268672606152,-1.56299604244655,-1.9478008296484,-5.62156934575249,-5.55453909310555,-3.66007580619807,-3.33336276252306,0.57469143113782,-1.62676641700498,-1.93059277158383,5ec01682e4414a413071229d_day2_block1
126,d2r2,0.567519202395399,-2.13979998521336,-3.01286175969715,0.603824732514017,-2.30380322808286,-4.21668919090122,0.601569165500457,-2.29929904074509,-3.89478048275793,-4.46833830028143,-4.53327280095297,0.314541654526975,0.161781109431338,0.605404508303064,-2.60165368982587,-4.4035052556957,5ec01682e4414a413071229d_day2_block2
127,d1r1,0.567823867201326,-1.20231132496919,-2.56420833624465,0.537042143360223,-1.29911232792749,-1.5371691231628,0.526879112303599,-1.31634726793829,-1.47330655162581,-5.60692091539299,-5.56239490660381,-4.37615342949789,-4.24195205621348,0.52841552802083,-1.27928739601622,-1.61929358600562,5ec12ed7a66dbf01c7d740c1_day1_block1
127,d1r2,0.536529214298063,-1.65341437637301,-3.69182336887438,0.348340020837259,-1.42545249005308,-2.29117865957427,0.371715551171475,-2.11917432220594,-2.44750324666478,-3.51054629714513,-2.96915033926809,0.230778805082186,0.280372518406284,0.363391599743743,-1.70960428413479,-2.19493729137546,5ec12ed7a66dbf01c7d740c1_day1_block2
127,d2r1,0.447505464661935,-1.56245930630538,-2.87922180130593,0.401938743059249,-1.73369658878659,-1.76811416017493,0.390484527117684,-1.59419024350614,-2.05990445183361,-5.56668256374969,-5.47399109966946,-3.54253276443666,-3.70544531119649,0.504358248562089,-1.44009753441072,-1.76227312238363,5ec12ed7a66dbf01c7d740c1_day2_block1
127,d2r2,0.201754224210184,-1.19446758784935,-2.50462627579947,0.232996589604919,-0.872016040670736,-2.46062528787205,0.219237172197808,-0.934432167989362,-2.58501350466951,-4.22205467376695,-4.46714742740559,-4.37308023346292,-4.4095398013304,0.468966116335291,-0.61690401453857,-0.28077417819067,5ec12ed7a66dbf01c7d740c1_day2_block2
128,d1r1,0.556521995533161,-0.970939104864298,-1.1605464918892,0.471405997801486,-0.911603740902479,-0.814369901634963,0.478921532664225,-0.976642882684357,-0.726208029370061,-5.55897258021152,-5.63446220640557,-4.44095139865256,-4.40484075678344,0.574966261149458,-0.764871846229348,-0.999605778838651,5ec2c5ce3ec49b0dcbc4264e_day1_block1
128,d1r2,0.533898224464814,-0.440326800596214,-2.61267588377576,0.461325011387898,-0.466793189823933,-2.8452640631089,0.469208374012519,-0.451454615123747,-2.84178685224747,-4.2524243910285104,-4.36424508628677,-4.34931280124227,-4.31726698351883,0.500704722275479,-0.472262052804403,-3.02419907960779,5ec2c5ce3ec49b0dcbc4264e_day1_block2
128,d2r1,0.463097266863319,-0.625182193287937,-1.91315538584213,0.431241765394803,-0.358818185914761,-1.90594446945526,0.416919648623139,-0.355157854131768,-1.85631924995535,-5.19984173035863,-5.20117607218853,-4.50871833084373,-4.46028483532648,0.458522402237343,-0.328769147744232,-2.07925405081521,5ec2c5ce3ec49b0dcbc4264e_day2_block1
128,d2r2,0.348920684156231,-0.454806121192248,-2.36293931574312,0.338682640912411,-0.041094841561421,-4.19221827398157,0.328536910915168,-0.0834162162347854,-4.01952812296431,-5.15399856676299,-5.16521612313386,-4.6353750509172,-4.60338180956842,0.356947587117318,-0.03114816826269,-4.17676746645727,5ec2c5ce3ec49b0dcbc4264e_day2_block2
129,d1r1,0.60784685676555394,-2.14811743046353,-2.96358145892339,0.52943239801406,-1.63345646994376,-2.15522374637943,0.535900195137191,-1.64158804773661,-2.23912183465094,-5.39959061923468,-5.06561303430817,-0.74748638597245,-0.61030441676047,0.521169705076882,-1.67045791608644,-2.1785217397041,5ec3f25d9cedf7287004cd26_day1_block1
129,d1r2,0.602312677024229,-2.42981842460936,-4.24157909149846,0.60533354203018,-2.72340826926151,-4.71473945558068,0.605430894153439,-2.89628827888491,-4.71359245172328,-5.29243922499355,-5.27690139374632,0.0636670725153343,0.097144403752811,0.604549984340477,-1.05727395083899,-4.7013051301985,5ec3f25d9cedf7287004cd26_day1_block2
129,d2r1,0.661638094776314,-1.76127148323129,-4.14595585984836,0.610447553928745,-1.88736644962848,-3.02589851888057,0.639120992040431,-1.78692036195822,-3.81175724577083,-3.63052200839887,-4.39288709924288,-4.28214072509598,-4.3850897615077304,0.569337950953266,-1.819190818667,-2.3352501834567,5ec3f25d9cedf7287004cd26_day2_block1
129,d2r2,0.600677701544671,-2.64530216365211,-4.36665705193437,0.594428024661153,-1.09531219537579,-4.37232651265871,0.599978335779622,-2.26329203167651,-4.5461127771915,-4.93125813785793,-5.06627607597965,-0.253033697471238,-0.376029742265692,0.59612721762833,-1.54060884688379,-4.3029936782335,5ec3f25d9cedf7287004cd26_day2_block2
130,d1r1,0.514771892565377,-0.784935453378166,-2.75118846191797,0.488250806774031,-0.901763725175403,-2.94360312864158,0.480523732660494,-0.851002867976389,-2.85402078161949,-4.33126708423308,-4.44418519472166,-4.13270710839942,-4.23024186374991,0.47001565963318,-0.927609512138525,-3.09575161342925,5ec3f6e9c5bce209aa88a16a_day1_block1
130,d1r2,0.42471791637691,-1.50241904012574,-2.27623415157201,0.397632261079364,-1.4796641389004,-1.79488946148818,0.374850713324095,-1.4201686232561,-1.82260424633331,-5.6329557700352,-5.56060361046397,-4.02714710856337,-3.98682426254409,0.414440315497357,-1.47449415918867,-1.80472542912574,5ec3f6e9c5bce209aa88a16a_day1_block2
130,d2r1,0.408819258397253,-1.63380673840314,-1.75488963286429,0.421823931645866,-1.70518561382691,-1.44243360675388,0.399925059473515,-1.78073500984426,-1.39295438260507,-5.8534278464994,-5.87371486648119,-4.28742330187009,-4.30405142714689,0.336402174370526,-1.62819648857594,-1.50117743043876,5ec3f6e9c5bce209aa88a16a_day2_block1
130,d2r2,0.465137297572083,-1.38062603310983,-4.11498071729821,0.460939723573392,-1.29193208100913,-4.5613336912499,0.460054384547453,-1.3116369437075,-4.54943510527883,-5.21367533806478,-5.18784142536322,-4.47342521089565,-4.47466159162871,0.464894434444327,-1.32524249757148,-4.67431178700301,5ec3f6e9c5bce209aa88a16a_day2_block2
131,d1r1,0.512999437860521,-0.933584666344155,-3.67540334481983,0.530685204744438,-1.11479945734036,-4.43394281842699,0.5249563942987,-1.0258340766982,-4.39471604003135,-4.58155334935425,-4.62145419057795,-2.97960355656186,-3.17587313154917,0.534370393051006,-1.18839142606924,-4.50425652051679,5ec79d5d4f89b82002134fe1_day1_block1
131,d1r2,0.465589111567231,-1.79943423854928,-4.15537735034459,0.466314136453273,-1.89406777153968,-4.66538855668477,0.466423048819607,-1.8874830457923,-4.65370685156225,-5.22899387822724,-5.20466601805327,-4.6603103761959,-4.64354994759065,0.466246485713605,-1.89882763268252,-4.67310922665856,5ec79d5d4f89b82002134fe1_day1_block2
131,d2r1,0.516614942298417,-1.56488834270004,-2.7573166030906,0.555526362337876,-1.64015360218795,-2.27864912999915,0.521809961502811,-1.68337449021789,-2.30623576152198,-5.13999848796225,-5.14704871025012,-4.47757872671947,-4.48536766839353,0.608586032684396,-1.64672537332833,-2.02780028217336,5ec79d5d4f89b82002134fe1_day2_block1
131,d2r2,0.666925569823688,-1.24034670678234,-4.1168570223157,0.67323875922607,-1.58609631544169,-4.67178880503971,0.672499333983295,-1.5518423148114,-4.68763686745546,-5.21217026707554,-5.21141264206892,-3.0581570010257,-3.24400638287401,0.679395705784334,-1.26703907609402,-4.48181132005884,5ec79d5d4f89b82002134fe1_day2_block2
132,d1r1,0.550201541168769,-1.18878814725343,-4.02539819409382,0.495962629141081,-0.879240775457517,-4.04461137726578,0.519629675939747,-0.907568123653893,-4.28377979786339,-5.02137773930157,-5.10021921460187,-4.32565956688427,-3.67570442583285,0.490468973236382,-0.888237584784018,-4.03072435645831,5ec7ec01fc75cf27b5dd16ee_day1_block1
132,d1r2,0.433322768384069,-1.83122832785447,-3.38824614987403,0.431491872093683,-1.4570417618582,-2.54677106353126,0.418771885900305,-1.89899411979354,-2.68793461467095,-4.37766012583615,-4.41865729063546,-1.35411639910915,-1.44257990293779,0.417063393682796,-1.85010489553239,-2.79819187081266,5ec7ec01fc75cf27b5dd16ee_day1_block2
132,d2r1,0.57610676480764,-1.63536168838119,-3.74841177209459,0.53452327945316,-1.65993678723819,-2.50485120961518,0.523416374957637,-1.60038218312726,-2.57707703431214,-4.41533445206785,-4.19503336891184,-0.647976241890425,-0.426217928963587,0.536437417332423,-1.45668888680259,-2.56075630213109,5ec7ec01fc75cf27b5dd16ee_day2_block1
132,d2r2,0.550975805423337,-1.95034422925256,-2.94375274111959,0.521596362868486,-1.71314854467647,-2.35066941219456,0.52637029296951,-1.67074322992242,-2.28845196370802,-5.04370191434171,-5.10219125154981,-1.27947939908847,-1.15091859019511,0.517731039161815,-1.76758924539367,-2.38841923184762,5ec7ec01fc75cf27b5dd16ee_day2_block2
133,d1r1,0.767827232190326,-1.5819900954742,-4.06978412089765,0.783502988058162,-2.00226206560452,-4.71746886839172,0.783686097393823,-1.6857348643364,-4.68432797598291,-5.22946842819441,-5.18577524012827,-1.15802916515784,-1.16270109028747,0.78345991992836,-2.08200560345164,-4.72553898648654,5ec9adfa68f3910f2f3b0fde_day1_block1
133,d1r2,0.598669460685782,-1.80456620469218,-3.65855300903732,0.504365897397286,-1.91792681329737,-4.18037030479612,0.504384867050333,-1.91486016332654,-4.13098504236533,0.252992671532195,0.288036925451476,-4.6446020592808,-4.62134777592758,0.504336565167971,-1.92028750627393,-4.21034678398599,5ec9adfa68f3910f2f3b0fde_day1_block2
133,d2r1,0.63192617498354,-2.22502857906736,-3.31646168055429,0.59406336975022,-3.34003898474117,-3.04112166122486,0.599764566381378,-3.37299751222462,-3.00378205193729,-2.77832212381322,-2.89849721491629,-1.31305675357824,-1.41393884779258,0.548334992418428,-2.32061965611884,-2.11376946389166,5ec9adfa68f3910f2f3b0fde_day2_block1
133,d2r2,0.648184000792126,-1.76609141951321,-3.82531911685313,0.602386252166813,-2.09463955416512,-2.65597934308998,0.602886069419763,-2.1148404542872,-2.72810569123601,-3.53460750248914,-3.53378887170839,-4.0289589791869,-3.95503163985635,0.605352270759703,-2.39835681366545,-2.71091876543484,5ec9adfa68f3910f2f3b0fde_day2_block2
134,d1r1,0.601396860597938,-2.69758963438502,-4.28524611772264,0.605528456273905,-3.50543113274873,-4.73425167801341,0.605528013836633,-3.47031743501263,-4.73112047957494,-5.17367774938546,-5.18377668226367,-0.719935117087034,-0.62089363529653,0.605528645333035,-3.52898396536066,-4.73613236618468,5ecd69b060c5700bd5a5b000_day1_block1
134,d1r2,0.687940389259143,-2.04463217411145,-2.62646961390257,0.787075381121403,-2.0238630720155,-2.12966204427208,0.771757674123219,-1.94180981998,-2.06149707359451,-5.34338999711247,-5.05396466551206,-4.2997134705492,-4.08466964532207,0.786894248149192,-2.05511323828964,-2.1854240919625,5ecd69b060c5700bd5a5b000_day1_block2
134,d2r1,0.741187101237424,-1.7297469218687,-3.01623008028663,0.818210674784781,-1.71713563477476,-1.80663783702718,0.810368563966009,-1.84921414606371,-1.93577687410945,-4.34275722677607,-4.57483071515738,-4.10760400461685,-4.31656463474675,0.858545284838305,-1.58299314570422,-1.57980081539704,5ecd69b060c5700bd5a5b000_day2_block1
134,d2r2,0.752824731326231,-1.46323009490629,-2.90213859696372,0.79042666906935,-1.26687740068362,-2.11738791918438,0.812611630175039,-1.28484060770795,-1.88696846930348,-3.43500180381995,-2.99396122258491,-3.74666387740889,-3.78891353678226,0.795275865904311,-1.33445327839599,-2.29939206519737,5ecd69b060c5700bd5a5b000_day2_block2
135,d1r1,0.568746776457669,0.0465894385911049,-3.21809603642786,0.528686218633407,0.45227792754459,-4.23368425887207,0.521327856369705,0.480762821554676,-4.13407484536725,-5.14389343116605,-5.08643556507162,-4.58323791959143,-4.57807314693391,0.532578691162304,0.431704072094019,-4.28375156036494,5ecedce7a487421459510f51_day1_block1
135,d1r2,0.468525884049509,-0.751502556709282,-2.20439604552694,0.500424355000171,-0.802226562894289,-3.29173683581189,0.492432486123983,-1.04078558939981,-3.23648545321227,-4.31965773093611,-4.28941723698285,-1.8878900561779,-1.86904167184804,0.452392476998162,-0.321976058903992,-3.45619967087872,5ecedce7a487421459510f51_day1_block2
135,d2r1,0.449100447768416,-0.367214104858065,-3.01200059093923,0.413736471412554,-0.707939388429861,-3.88987373589183,0.425698960148607,-0.60936536860366,-3.76013298254773,-5.10681787434714,-5.12233358042081,-2.50518231719793,-2.90885433174617,0.396211786084295,-0.352998715134647,-3.81839061130134,5ecedce7a487421459510f51_day2_block1
135,d2r2,0.534648778548967,-0.247560564606174,-2.33664277396788,0.413386020444605,-0.0383296044949808,-1.87265749559546,0.393310669876933,-0.117677582985039,-1.86452143210266,-4.79378811517722,-4.88370033101043,-4.3480093421915,-4.37917569649684,0.425290264227637,-0.0311284384189873,-2.08925702339756,5ecedce7a487421459510f51_day2_block2
136,d1r1,0.533618400265682,-1.3784705622672,-3.63613329700263,0.53169502093586,-1.35906675647057,-4.21420133435408,0.524818263953913,-1.36144352709182,-4.1249194269268,-5.2773058578633,-5.23756413365997,-4.57925957799148,-4.54348215266053,0.540986642514927,-1.35560807202409,-4.35616331026947,5ed259838cd1b21bd2119ef0_day1_block1
136,d1r2,0.452896707532173,-1.95249708826582,-2.896296221619,0.472811771188621,-1.92956742737308,-2.56326622436554,0.458121483971718,-2.00064654775543,-2.38277221696001,-5.7504458993022904,-5.77901434387825,-4.02539477754787,-3.82451478648283,0.479699195185855,-1.93087465773643,-2.65192427395233,5ed259838cd1b21bd2119ef0_day1_block2
136,d2r1,0.591672174185896,-2.14561917119741,-4.14725376629468,0.60544059288257,-2.62578697762204,-4.72936587117625,0.604856344112865,-1.9692960644885,-4.70125149336108,-5.23978642713156,-5.18325208112054,0.370765173272879,0.358078159297997,0.605528875464046,-2.8759903173449,-4.73998478185513,5ed259838cd1b21bd2119ef0_day2_block1
136,d2r2,0.651678640853518,-1.87065340448594,-3.9338994049843,0.605494608452317,-3.317136029282,-2.89195432240065,0.616895871225632,-2.69331371193082,-3.13136871157497,-3.70929684784531,-3.8557476802366,-1.72717636125496,-2.80431641240506,0.605502334320345,-3.51583292178958,-2.94514600720066,5ed259838cd1b21bd2119ef0_day2_block2
137,d1r1,0.571881381414477,-1.58738518584802,-3.07103213076074,0.50764151960946,-1.80877971858401,-3.34264145559232,0.507358772254398,-1.79281681111819,-3.20387223109389,-2.38585549790093,-2.61325023598204,-4.48603728973213,-4.44537834370797,0.507889619561118,-1.82001368489857,-3.44576344254956,5ed2642d95ed8f1d41451c02_day1_block1
137,d2r1,0.553814449278688,-2.30743921062141,-3.29384799141942,0.547417799730162,-1.77695692403846,-2.78841948139743,0.532458248170392,-1.8061211199595,-2.86808886783532,-4.03239890609305,-3.87208383585648,-1.47657553328973,-1.4532982886482,0.537671351040269,-1.57194115653776,-2.87638758395507,5ed2642d95ed8f1d41451c02_day2_block1
138,d1r1,0.52824042004693506,-1.52033950623065,-3.08742267864962,0.496645969327313,-1.50771580030034,-2.83787116559543,0.509620161939003,-1.54791008631386,-3.39541187290796,-4.57911859383255,-4.34398678882768,-4.07428065931106,-3.71671462095114,0.526096890032024,-1.43662755481069,-3.30574114430427,5ed77f0ef8efa803b4086a89_day1_block1
138,d1r2,0.534113502788737,-1.71242079674018,-4.29022238773305,0.534762948372857,-1.8669549318107,-4.71773092376274,0.534765378788147,-1.85786515442663,-4.71278803736402,-5.31041421904703,-5.28928171937257,-4.65742222982103,-4.64270004530274,0.534758331783125,-1.87359594176855,-4.72113677417039,5ed77f0ef8efa803b4086a89_day1_block2
138,d2r1,0.529557318225682,-1.53888933703603,-3.23719185925437,0.533100188628673,-1.5893187988384,-4.29138661364243,0.527442585096889,-1.56650074591939,-4.1540904617462,-2.43830032104569,-2.52045845270474,-3.46226730615474,-3.42389776317732,0.537872940615736,-1.55969608714223,-4.3525998998373,5ed77f0ef8efa803b4086a89_day2_block1
138,d2r2,0.460784385867207,-1.52441975532037,-3.93196101115086,0.465649693085661,-1.74777905590799,-4.54067556108723,0.466021107761544,-1.74123055412431,-4.50725865067019,-4.01730959645597,-4.02484380225393,-3.81064880698557,-3.73984440477415,0.465864567028738,-1.76213419196496,-4.5457415654792,5ed77f0ef8efa803b4086a89_day2_block2
139,d1r1,0.520916160767648,-0.474410652701935,-1.83177018036226,0.478880009212009,-0.207432488736788,-1.24478449622476,0.433922233952855,-0.238505619399551,-1.18174538650168,-5.08956612654721,-5.01751727201121,-4.44927694371326,-4.40684235215836,0.336750226368583,-0.125548386389893,-1.37296661098965,5ed88badf02f123918a17e36_day1_block1
139,d1r2,0.53187257380879,-0.577483404052302,-2.47568421168011,0.535467913718821,0.172997134254742,-3.48329692450705,0.494709520296733,0.060776705150782,-3.29185978102923,-5.06927474562973,-5.0353977332849,-4.4602061159797,-4.04635414315971,0.567927186280872,0.163450955102868,-3.44113174064641,5ed88badf02f123918a17e36_day1_block2
139,d2r1,0.530729061234509,-0.157563090902664,-2.74227608574232,0.53672975992679,0.0239871602455973,-4.06669674954398,0.521854549333434,0.0320092782734625,-3.87634589513966,-5.1239607596492,-5.09051518828235,-3.51008844808197,-3.73241585826858,0.532162983393836,0.20702499275519,-4.07790085337541,5ed88badf02f123918a17e36_day2_block1
139,d2r2,0.536853787191416,-1.12394048480456,-3.12894710685542,0.535864678571409,-0.942614655728525,-4.01229806822967,0.516330572272752,-0.869726243602826,-3.68910988156476,-4.69977819377209,-4.62399907853301,-3.49443232629138,-3.33976321885397,0.578376756913086,-1.66890642480064,-3.96000272593169,5ed88badf02f123918a17e36_day2_block2
140,d1r1,0.483299713115693,-1.27798922257318,-1.92923681485126,0.507227126403298,-1.28973686590737,-1.45565963589698,0.465705200910738,-1.28492555280512,-1.46609645379113,-5.57000386873608,-5.46999362529236,-4.48008106260353,-4.44959476567397,0.463965704067086,-1.2237830448755,-1.5087715918928,5edd5e49f5de7ba631ac5199_day1_block1
140,d1r2,0.4862270860658,-1.16167362498572,-1.76291083989232,0.509453649999539,-0.925400479580513,-2.45802386870115,0.482215963580277,-1.04385606457901,-2.07009140336327,-4.77839133458593,-4.96041871752636,-4.47762591452897,-4.44138355960095,0.473827581287892,-0.847942211734429,-2.86325820887104,5edd5e49f5de7ba631ac5199_day1_block2
140,d2r1,0.526428603922818,-0.790742744677645,-3.42632734845189,0.518781540548805,-0.637756861079793,-3.97491335583208,0.505384846924672,-0.645947018762198,-3.90904381605149,-5.1781885861339,-5.14881623277524,-4.59505312927243,-4.56154042928795,0.53169583037339,-0.630438893031381,-4.14141892626463,5edd5e49f5de7ba631ac5199_day2_block1
140,d2r2,0.566035022024334,-0.865725696959111,-3.74274116782961,0.53913645369642,-0.719486287127803,-4.53437858135398,0.540075285799086,-0.734729014081855,-4.51757154356079,-5.14459459843621,-5.12127929538077,-4.44379760430825,-4.2575937418386,0.540394489521886,-0.715521852571987,-4.58116679859271,5edd5e49f5de7ba631ac5199_day2_block2
141,d1r1,0.675226391829608,-1.01529272250834,-3.86565901032555,0.658238006123546,-1.07197605706809,-4.0984796021007,0.660150996349458,-1.0850863553908,-4.22403461623495,-5.10551941935783,-5.09700993017031,-4.32288863304223,-4.20185013038293,0.669422898305171,-1.09716612550564,-4.3641568769441,5edeef385ae5f81a082be62a_day1_block1
141,d1r2,0.590903092720615,-1.31964638237915,-3.88914963136145,0.575956865767022,-1.37845449000204,-3.08898891261328,0.559091769192608,-1.26282814846519,-3.21200908976439,-4.78116476065273,-4.7030422846067,-3.72360049665505,-4.03154139959104,0.59709500289372,-1.87955453221718,-3.49241301684216,5edeef385ae5f81a082be62a_day1_block2
141,d2r1,0.607922133616838,-1.19341830541874,-2.72910496933794,0.636501844044559,-1.21858418456224,-3.1132758911839,0.613350801228,-1.2856962896119,-3.02864015005658,-5.10286232310267,-5.02069164242723,-3.11327413410207,-3.2359903381653,0.604338862180023,-0.95379977190504,-3.38904452889997,5edeef385ae5f81a082be62a_day2_block1
141,d2r2,0.597311416064375,-1.31978149269361,-4.29179677620839,0.605519506802346,-1.32430484755981,-4.73971684381427,0.605494592677144,-1.40117938297159,-4.73883907206624,-5.33445853569875,-5.31806116225937,2.03806821021798,2.05256019524322,0.605527829845341,-1.61475185571373,-4.75145271602797,5edeef385ae5f81a082be62a_day2_block2
142,d1r1,0.593909458968773,-1.24772200960821,-3.91014959727345,0.594526448079898,-1.19801608965677,-4.3044097103239,0.58200931175935,-1.16647511522524,-4.08665821196814,-5.08745790900211,-4.92674014543487,0.564904423026471,-0.400163113446809,0.595787520909029,-0.954615309397112,-4.4205058377079,5ee4cd1991c33b1d0e704180_day1_block1
142,d1r2,0.601177377569732,-1.44416969393561,-1.3884406103919,0.641427888417391,-1.3624268470956,-1.35067994161627,0.594481589735992,-1.45236081457391,-1.34595950804834,-5.55280295423414,-5.54555400515306,-4.38195903342629,-4.35723759301395,0.573688713526558,-1.24022928514396,-1.40981394675496,5ee4cd1991c33b1d0e704180_day1_block2
142,d2r1,0.607057045443711,-1.65804887767043,-1.98760954123151,0.601708763356828,-1.3706306324281,-2.99707834636812,0.597934376819247,-1.41420325688832,-2.66529747893292,-4.22335116233569,-4.32389987884829,-1.36574356185868,-1.72175087770458,0.576441037311341,-1.18052745667356,-3.07593123219336,5ee4cd1991c33b1d0e704180_day2_block1
142,d2r2,0.652831382162693,-0.942479905413299,-3.53924744575892,0.637046220427963,-0.815971323160284,-3.21682012756107,0.62316553353423,-0.85484744392160406,-3.28417812783523,-5.07076146382439,-5.11532926635351,-4.50519948736418,-4.50562882538354,0.647839878767587,-0.787083818145305,-3.56917247825041,5ee4cd1991c33b1d0e704180_day2_block2
143,d1r1,0.780678207806912,-1.17343245408097,-3.58354552140598,0.834364040507169,-0.985809307052267,-2.62521066697548,0.825592552899502,-0.975812995877436,-2.84116980896757,-3.73163044441326,-3.74824251866238,-2.69966503029197,-2.40715356478888,0.874989898866609,-1.09041240163753,-2.01808568843071,5ee6538dbdd1d7012eacad5d_day1_block1
143,d1r2,0.785814713469617,-1.87553263541944,-2.41534998658687,0.787118953862451,-1.52256112996989,-2.06204967768544,0.780393005092528,-1.49534622094294,-1.96072618715558,-4.8212570634423,-4.82735259387103,-3.63898689486242,-3.60158192744649,0.790600167128896,-1.63116019480656,-2.25000239536663,5ee6538dbdd1d7012eacad5d_day1_block2
143,d2r1,0.740221733593193,-1.33493494576623,-3.36572997296993,0.764402161835138,-0.867575135686457,-3.96344376400855,0.754041740312489,-0.751008179868641,-3.68047738075258,-4.16648997499287,-3.8538129749464902,-1.44507125500636,-1.55516143645181,0.776357843090744,-1.20916424718235,-4.26553227334074,5ee6538dbdd1d7012eacad5d_day2_block1
143,d2r2,0.589193811266756,-2.16527367759577,-3.21915909908958,0.608661570532212,-2.52328261900285,-4.17061851229603,0.60709068240382,-2.9409031132903,-3.93484171033538,-5.02744154321124,-4.99251074910924,-0.132008986573923,-0.309390350392284,0.605527353167197,-2.95752388193955,-4.43847448107101,5ee6538dbdd1d7012eacad5d_day2_block2
144,d1r1,0.72862824442346,-0.879431131215564,-2.24800362579719,0.738875481296866,-1.01253094005094,-2.8687957066719,0.729914157957629,-1.01108970144127,-2.66778822595779,-4.94959016963572,-5.07257614181861,-3.50736646436671,-3.64255034491431,0.75094843076578,-0.995054426946503,-3.18479127989972,5ee7bb3aded1b807aac68f9f_day1_block1
144,d1r2,0.69213843653868,-1.22117870068995,-1.83576771959949,0.626551857674467,-1.30726881394524,-1.47512982375084,0.59618023443946,-1.31917924981446,-1.39169479777518,-5.42519079964801,-5.51476070188337,-4.33697180759354,-4.32022669837377,0.623132757252696,-1.28850398255958,-1.58214559658951,5ee7bb3aded1b807aac68f9f_day1_block2
144,d2r1,0.677260336425949,-1.28746438093136,-2.59033447560902,0.539376681511942,-1.4955538761978,-1.69251498495024,0.562413267693893,-1.49306064633593,-1.76776479493507,-5.36283254308799,-5.13722056497519,-4.31055729985925,-4.24098953151624,0.582328754740831,-1.5424241176186,-1.71825660556578,5ee7bb3aded1b807aac68f9f_day2_block1
144,d2r2,0.266706201380216,-1.75295860287617,-2.37979647131269,0.32068606141904,-1.69762853202435,-2.61702392975139,0.306104110845982,-1.70019986470596,-2.72574175746772,-3.45760410921777,-3.18130307571523,-4.48638006407501,-4.44671203634709,0.31786295524776,-1.69922476830801,-2.68995594810433,5ee7bb3aded1b807aac68f9f_day2_block2
145,d1r1,0.602520695701625,-3.03728067585331,-4.24020377774936,0.605516076029579,-3.55958948739449,-4.4266888959182,0.605516499301101,-3.52893026125136,-4.45595016485948,-3.8640556370736,-4.1613798101668404,-1.06583778057608,-0.931788002968975,0.605515684500111,-3.58190341769707,-4.40212744960668,5ee8a073772e10083190b932_day1_block1
145,d1r2,0.598506797978031,-3.10520320951924,-4.09171240360646,0.60550507580053,-3.63829181423551,-4.2769561958669,0.605502184188347,-3.62581668218302,-4.31083561386244,-3.21961558622339,-3.38209416284656,-1.70823250187076,-1.60004576611042,0.60550692058106,-3.64611434049718,-4.24955285526013,5ee8a073772e10083190b932_day1_block2
146,d1r1,0.556152721678685,-1.15709907827671,-3.90502223582945,0.536361996012594,-1.17778157469387,-4.50668005958942,0.533575456286683,-1.17040175320172,-4.41703108678863,-5.28087876377994,-5.26892823790032,-4.45302134047596,-4.45259825155355,0.533333694133667,-1.1409262827137,-4.57226631861232,5ee8c311b90cb31db14a10b4_day1_block1
146,d1r2,0.538168898427703,-1.24914095037873,-3.10863199048769,0.495717428049964,-1.3712929649982,-2.3314838653923,0.47734418524852,-1.36148309753067,-2.44377890161479,-5.1011268917301,-4.98021221542177,-4.45665050063441,-4.38018287548071,0.466090060693162,-1.36162984041116,-2.33471544539378,5ee8c311b90cb31db14a10b4_day1_block2
146,d2r1,0.728312059392803,-1.04597962944619,-3.74220345036239,0.733739276167444,-0.863261105332083,-3.66175294811426,0.712171451227712,-0.935100246957006,-3.616690284765,-4.78048787636329,-4.87486378468133,-4.32398330894925,-4.43260204258295,0.734364792493434,-0.839975670914666,-4.14913154487205,5ee8c311b90cb31db14a10b4_day2_block1
146,d2r2,0.61435939102615,-1.35044131961704,-2.81469330141117,0.611445104214437,-1.30055094838739,-3.31713998928281,0.607234329748355,-1.35166580491212,-3.08299943566121,-4.77573914536011,-4.86262288016901,-3.74013646594874,-3.65625345436188,0.599439397030336,-1.18179517382196,-3.6520206670594,5ee8c311b90cb31db14a10b4_day2_block2
147,d1r1,0.511889264887226,-0.97069720423721,-2.63768109997728,0.498757575630876,-1.5458081624008,-2.87882016751058,0.479765823592544,-1.32177242500895,-2.24090118450548,-2.73754510756905,-3.57478185307298,-2.60610698737807,-3.12620814727517,0.499825195512535,-1.68344963074014,-3.4038820281413402,5ee928ad79df37188757fb28_day1_block1
147,d1r2,0.463243430386976,-1.32091309091789,-4.04422775292683,0.468041226524664,-1.25792615279475,-4.57036470503629,0.471903434000832,-1.30109610795985,-4.37653095307049,-5.1713639304709,-4.98584583215499,-3.84215023738647,-3.90226925646631,0.46792895027694,-1.31751248441154,-4.58533164903996,5ee928ad79df37188757fb28_day1_block2
147,d2r1,0.51995354531452,-0.891640252736339,-3.5325385591112,0.472719603810971,-1.34370293890681,-4.38535332510835,0.471356406078928,-1.19661747947079,-4.2149553469454,-5.04849347708131,-4.96172105609295,-1.45014992992361,-1.63372308314399,0.470723469391532,-1.58554062933683,-4.46807786858271,5ee928ad79df37188757fb28_day2_block1
147,d2r2,0.513674126806127,-1.40666042514507,-4.0008422485746,0.530827279586278,-1.69561471143771,-4.53477077793964,0.532602419447905,-1.69956861368542,-4.56630785496171,-4.58076328320175,-4.63644935772804,-2.33471573734079,-2.28287581150563,0.51560930131466,-1.38848402659826,-4.16607191385418,5ee928ad79df37188757fb28_day2_block2
148,d1r1,0.625617887638299,-1.61013947698086,-2.07855224805732,0.695718621807106,-1.83076643258704,-1.73362100276732,0.692402260289139,-1.80937519091368,-1.69319764946358,-5.47860078618871,-5.6276647279137,-4.5287875008065,-4.50522318558702,0.694857775339189,-1.84000703969958,-1.82254618315604,5eea11e6ed016a0aa419796f_day1_block1
148,d1r2,0.683448177554048,-1.45297410493828,-3.5152162211759,0.662935694460726,-1.31857458780189,-4.08097961856438,0.664382378723192,-1.34305886206407,-4.10691746681077,-5.13105826897515,-5.08125126351979,-4.07506816320502,-4.06775863367528,0.668015782948912,-1.32348061289783,-4.34165621704515,5eea11e6ed016a0aa419796f_day1_block2
148,d2r1,0.621666715271956,-2.37194442539164,-2.56059013527526,0.605495259009265,-3.45795514111801,-2.34614858378813,0.603860299204879,-3.15397791036547,-2.27689139723724,-5.08215989806055,-5.13373092890882,-0.796357783176507,-0.874300432484811,0.605501459415751,-3.50673613427711,-2.39768600070106,5eea11e6ed016a0aa419796f_day2_block1
148,d2r2,0.494479007214385,-2.05508818080345,-2.9478151335606,0.394488856999554,-3.56815065202032,-2.26231798932486,0.39452070773154,-3.47554170074466,-2.17761345546535,-5.12403280138348,-5.30207838041513,-1.10718272688291,-1.12047148399357,0.394486600280746,-3.5926876846428,-2.33369489956446,5eea11e6ed016a0aa419796f_day2_block2
149,d1r1,0.604461132736176,-1.51378934479243,-4.14644092856333,0.604835488376722,-1.26837480228025,-4.71283254985341,0.605170342018263,-1.87849548372348,-4.71632027422421,-5.28777056724902,-5.27586152234627,0.733018306482484,0.710182282159154,0.603617263657177,-0.509377751016757,-4.6886497783294,5eea532620cb9a0b7aa2ce9c_day1_block1
149,d1r2,0.600563200323237,-2.06793626196797,-4.39396073706956,0.605567294877844,-1.74962401248459,-4.73902723747405,0.605485816867054,-2.03517856969029,-4.73786475893308,-5.33491606626195,-5.31777939463799,0.482314676178862,0.439909005444786,0.605526898808996,-2.53909382642809,-4.75181671413775,5eea532620cb9a0b7aa2ce9c_day1_block2
149,d2r1,0.538681508616193,-1.27435032159416,-3.45379572585131,0.382586703287989,-1.37874722396689,-2.1385245149472,0.400041882962234,-1.23532179216179,-2.11379127571676,-4.44669440019653,-4.10513309248017,-1.292121103293,-0.946335503628414,0.390248462005511,-1.8853962674455,-2.2987440628817,5eea532620cb9a0b7aa2ce9c_day2_block1
149,d2r2,0.400587054499746,-1.25081316323888,-2.92427613529394,0.401088896752306,-1.06759430175527,-3.65818331044155,0.392488097552477,-1.06453141977597,-3.49259223109122,-4.94695891983135,-4.96334847781048,-4.54965511828133,-4.51650237480587,0.398373596365375,-1.11154033800233,-3.70760287112543,5eea532620cb9a0b7aa2ce9c_day2_block2
150,d1r1,0.589257433866758,-1.48550636737268,-3.92335932537694,0.605526418399397,-1.949517659976,-4.73473634145438,0.605318602474717,-1.78290208706875,-4.7178058213856104,-5.2664764603753,-5.22769176692416,1.38933600610738,1.48917235293782,0.605528514895397,-2.15042952748703,-4.73918472744119,5eea9294e49275013fc4de50_day1_block1
150,d1r2,0.419669241923148,-1.41517526027751,-1.62642882222061,0.339096856959734,-1.61273437262712,-1.28124026913756,0.356004756278258,-1.54966176166636,-1.27587560622038,-5.71251790595061,-5.72363537910774,-4.01701213253697,-4.10981040035837,0.382410286286567,-1.48376841803242,-1.31828452251102,5eea9294e49275013fc4de50_day1_block2
150,d2r1,0.510798470679379,-1.56441750756671,-2.234363193091,0.495680506549465,-1.53222769628229,-1.65256737289671,0.468111945677842,-1.5981689534087,-1.61882467126988,-5.80646765639509,-5.81312380732912,-4.39684490044939,-4.29655965050817,0.510385696425182,-1.46413987857803,-1.72027937144985,5eea9294e49275013fc4de50_day2_block1
150,d2r2,0.47991371666012,-1.27836000069441,-2.25189318649853,0.266756048234786,-1.27402468483594,-1.38952294719273,0.322023212228034,-1.33600210857212,-1.48434975455627,-5.67985713767777,-5.57494789923463,-3.30107924941947,-3.05804158602215,0.33838670809722,-1.22892003201215,-1.3880002342706,5eea9294e49275013fc4de50_day2_block2
151,d1r1,0.397562497483785,-0.810642567428258,-2.10096556691978,0.141030023185712,-0.794327691829714,-0.910054457483339,0.226283730473446,-0.751425128077814,-1.11422376127034,-5.64495991691052,-5.5120685686911,-4.29550936899518,-4.21809480536396,0.122598464353496,-0.772072595044342,-0.958792959074152,5eec7e3fc1a268000977b80b_day1_block1
151,d1r2,0.517238843653116,-0.955599021472124,-3.92428371053713,0.480627656263789,-1.06522230637382,-4.53732230312,0.490603595922633,-1.01045181385898,-4.50344404204923,-5.21325856015407,-5.19037724734164,-2.95291453043841,-2.97727042481778,0.470377955572571,-1.12708840622,-4.54613477979433,5eec7e3fc1a268000977b80b_day1_block2
151,d2r1,0.525819872758498,-1.34147230277893,-3.58888200928908,0.530490054846777,-1.25863033698027,-4.5213898198416,0.532452958787644,-1.26035244298683,-4.56452235693498,-5.22591906441285,-5.21888969683611,-4.54359151244204,-4.50317343246489,0.521953248657404,-1.24681663840235,-4.3089718351968,5eec7e3fc1a268000977b80b_day2_block1
151,d2r2,0.498106017311472,-1.11376015186495,-3.57345613361229,0.453278303734091,-0.96281203031853,-4.09358155837232,0.470731268351587,-0.75753105915275,-4.16338751340735,-4.60190233881188,-4.69080821348909,-1.61706872046193,-1.5040687295455,0.451116288605317,-1.128720842772,-4.15126816111729,5eec7e3fc1a268000977b80b_day2_block2
152,d1r1,0.602027091305407,-1.11912317838516,-2.90630637173693,0.547528363669961,-1.20859923168547,-2.15750961131843,0.551445503005133,-1.18928537592529,-2.12558607642356,-5.19031503328833,-5.2625799948927,-4.18701270236206,-4.24017729257135,0.476463250403506,-1.04506553453314,-2.1366250187329,5ef20e9e780876000882c0db_day1_block1
152,d1r2,0.608102122388958,-1.42142661055405,-2.50149750299215,0.537659739781689,-2.47713774954669,-1.57263708752111,0.482654288144371,-2.29576245568002,-1.64791834733105,-4.64210827724184,-4.7985381983037,-0.764870995356152,-0.949217838847037,0.604276993980942,-3.17454531721823,-1.69237584912634,5ef20e9e780876000882c0db_day1_block2
152,d2r1,0.497225684271601,-1.07236369112329,-2.7713787831054,0.396746161501656,-1.30442457548808,-1.56506380589154,0.368776065425518,-1.23598630481802,-1.56976681551666,-5.61857921546317,-5.58268090772716,-3.97899459716501,-4.06012622139639,0.414651793344488,-1.3127516083807,-1.5929227717168,5ef20e9e780876000882c0db_day2_block1
152,d2r2,0.491590822827732,-1.55060579920311,-1.91946121898053,0.498790594895507,-1.49949108202689,-1.90769691607932,0.47960259207563,-1.56222374603133,-1.90048405971653,-4.48559005452203,-4.50486295401724,-4.37884304133736,-4.35028549272598,0.468372938567632,-1.34600482880733,-2.18140894285155,5ef20e9e780876000882c0db_day2_block2
153,d1r1,0.591352789566876,-1.25162940763462,-4.27778131277032,0.599723076204041,-1.07127857009171,-4.7092803242311,0.600013311568884,-1.16830391976273,-4.7095909155841,-5.30637799550617,-5.29452074188867,1.65800484583559,1.64911539117407,0.586326800682671,-0.893137962085257,-4.66530918013015,5ef21a210f31ff023a282d16_day1_block1
153,d1r2,0.560480424560536,-1.39560012344665,-3.86457481452803,0.546222418375079,-1.07397882227414,-4.16455533513201,0.559997892716861,-1.11461880534601,-4.10863256494748,-5.08719412188163,-5.03100732379574,-3.14581823519744,-1.99768108238243,0.538995566177558,-0.982118135941146,-4.42830670466738,5ef21a210f31ff023a282d16_day1_block2
153,d2r1,0.542705200755427,-1.43533501647985,-4.13277046647335,0.535408720133577,-1.42167212325924,-4.72428410530588,0.535749898082085,-1.4312162206448,-4.71639258971802,-5.31447090706447,-5.29389022935099,-4.62988465831999,-4.61255905545938,0.535532937545062,-1.40418455860625,-4.73680019820375,5ef21a210f31ff023a282d16_day2_block1
153,d2r2,0.581496153484874,-1.19641265272057,-4.10990050546683,0.549637586167414,-1.13979013446157,-4.45800168606581,0.557557943626191,-1.15523788649442,-4.43733474908599,-5.16777300031661,-5.15274742864652,-4.10312374951844,-3.23365463719257,0.545095046776888,-1.12659515741253,-4.50783336700635,5ef21a210f31ff023a282d16_day2_block2
154,d1r1,0.396469125023813,-0.456147125180047,-2.92692643946505,0.383877237654288,-0.442510008255946,-3.59642859816051,0.377069163039693,-0.431355368219213,-3.55875147856144,-5.24129591990927,-5.22878494041961,-4.46774183212592,-4.46046888100726,0.400200641375023,-0.439699840393659,-3.68523428759427,5ef5f63c7aa58727ac4f8588_day1_block1
154,d1r2,0.497708687286506,-1.61685037872135,-1.95336266749918,0.431060153515884,-1.70139435792867,-1.2670055695281,0.419921054523849,-1.76175621983401,-1.2623631784644,-5.90903032621869,-5.89761042240862,-4.37887656842988,-4.36512242233721,0.438885617058059,-1.4834232050666,-1.3402784892836,5ef5f63c7aa58727ac4f8588_day1_block2
154,d2r1,0.592861742076981,-1.49727460599574,-1.91611810049237,0.549563797618693,-1.61727662791081,-2.01297961586884,0.554950935780053,-1.66204218100816,-1.83958274731307,-4.89886493119842,-5.21869579457169,-4.50191041655294,-4.43481353648697,0.577761019828739,-1.61814175751755,-2.04084644488693,5ef5f63c7aa58727ac4f8588_day2_block1
154,d2r2,0.515554177493181,-1.5055445076948,-2.3446536259483,0.516811331361175,-1.57885632645679,-1.35735159428795,0.460675311393085,-1.57525550899132,-1.3395465123041,-5.63975762357783,-5.50268438999754,-4.24797874729209,-4.16362296751031,0.456623306182312,-1.46731965229393,-1.41337013892511,5ef5f63c7aa58727ac4f8588_day2_block2
155,d1r1,0.599553203182549,-1.2029673116591,-4.21679370347715,0.609350835024081,-0.77562248620474,-4.28902302492567,0.602977780482105,-0.915271331056549,-4.42886297408011,-4.75003379908027,-4.90327890996759,1.58424142023694,1.8471458878486,0.596182377013654,-0.658894870188277,-4.08630443570503,5efb11b64187a502399fdfc3_day1_block1
155,d1r2,0.584280863723053,-1.56580478721709,-2.23293060176279,0.559582781740976,-1.68687062882702,-1.65469546398184,0.538946526653084,-1.75945712532568,-1.60598479589626,-5.41594897374436,-5.45818997787346,-4.42806137754098,-4.43010217936721,0.548763496638932,-1.50596887495994,-1.71289483045699,5efb11b64187a502399fdfc3_day1_block2
155,d2r1,0.667362578105268,-0.356873500822172,-2.94739992721161,0.66388935145582,-0.0566299221867992,-3.79851140573224,0.647329854218387,-0.0784291489996968,-3.57134952144396,-5.10603163697676,-5.07506789010385,-4.58280279570087,-4.5499373323112,0.656071927770652,-0.0315203348490097,-3.96912067014873,5efb11b64187a502399fdfc3_day2_block1
155,d2r2,0.636535518576291,-0.904930512414641,-3.5733844007832,0.605483346935836,-1.28111095371909,-4.67653045651007,0.599962818512423,-1.24919695393526,-4.50242661402615,-5.2570751452397,-5.11839895253248,2.35254264760914,2.35160551315815,0.605093816742068,-1.01718927189856,-4.66578766784545,5efb11b64187a502399fdfc3_day2_block2
156,d1r1,0.595321319779783,-1.79332851389697,-3.58407771712494,0.608960416762106,-1.61356660875971,-4.38980988898137,0.608854196520251,-1.48770721357668,-4.19206221210036,-5.12073535262508,-5.08141579501561,0.44896543051569,0.242933765693522,0.606940780771083,-1.81867477042761,-4.49010903782798,5efb33ad6ad15505fd008366_day1_block1
156,d1r2,0.581791524164938,-1.54837412158305,-3.48892878173949,0.594396069221165,-1.24914797897196,-3.89426816426559,0.60077119184465,-1.25760712307629,-3.9420093305462,-5.23057124910129,-5.21479132791023,-1.10963230430516,-0.308569769431381,0.592629882495246,-1.12255765791614,-4.09110953912321,5efb33ad6ad15505fd008366_day1_block2
156,d2r1,0.639468030716621,-1.6502472299305,-2.56706103883559,0.649008118808025,-1.69167801299461,-2.08780071047237,0.642290077535252,-1.74376728480698,-1.9653647053747,-5.6226385698875,-5.64123272464923,-4.42970481822836,-4.41179417849738,0.680806832139202,-1.64898238042687,-2.17695469924613,5efb33ad6ad15505fd008366_day2_block1
156,d2r2,0.624309730681722,-1.15937231841201,-3.92076780448856,0.607392577183778,-1.06558613441726,-4.41606955953299,0.606939494860994,-1.05714808324167,-4.32376251410255,-5.14470675060344,-5.10775266910341,-1.03928664773503,-0.969676934191436,0.607595260849009,-1.11411632657517,-4.49097267229487,5efb33ad6ad15505fd008366_day2_block2
157,d1r1,0.772363422165115,-1.65261977118738,-4.30454133691186,0.780287368824569,-1.50380377196399,-4.63664360557609,0.781772870110246,-1.56129465839609,-4.67220609926702,-5.2077745571553,-5.23995491967737,-3.88617183192096,-3.97061860905542,0.767645882321394,-1.01867358105395,-4.24819440927496,5efc73e3306cce012d8342e9_day1_block1
157,d1r2,0.76637194551328,-1.75192348497098,-3.77535698159991,0.783644126232994,-1.95984579235328,-4.40280356873405,0.783584345566581,-1.8796835661676,-4.39682179944241,-4.35806262207982,-4.42275853826319,-3.24933958036401,-3.21930340596881,0.783622995189328,-1.99885056252998,-4.40247277304923,5efc73e3306cce012d8342e9_day1_block2
157,d2r1,0.872166074250259,-2.71838832897511,-3.80340029819147,0.893805293775398,-2.78511603495763,-3.95175776096446,0.889086445699108,-2.76550361842136,-3.04901558250733,0.217343723277101,0.169302997549919,-4.61938238646484,-4.56930357965113,0.894064186918453,-2.79048047517514,-4.14540987134384,5efc73e3306cce012d8342e9_day2_block1
157,d2r2,0.877776063762582,-2.45368714358401,-4.08219518360726,0.894707839144872,-2.85592881596479,-4.53513024238107,0.894654560414551,-2.85086669369277,-4.51498955591533,-0.289468915961215,-0.35061833485117,-4.50442333468983,-4.43324971403501,0.894737442636003,-2.85924471954681,-4.54991463481139,5efc73e3306cce012d8342e9_day2_block2
158,d1r1,0.61729527993265,-1.47572177482015,-2.94234994974578,0.540695327331334,-1.78479345155029,-1.65019320228176,0.510665342226811,-1.79263291337496,-1.63192973190756,-5.84415954499633,-5.81880000245362,-4.48782403983669,-4.44750585877385,0.515242562532083,-1.76804613805031,-1.67649327931572,5efc7c87ae067d024d35278b_day1_block1
158,d1r2,0.189345248965715,-1.84227574618631,-3.31896706345443,0.274359916326265,-2.27511607914824,-2.09065612670932,0.190084791672389,-2.50584001233842,-3.05607415419683,0.309871571333101,-0.00684344853192999,-1.62961306945138,-1.61072928347832,0.309566252481437,-2.05255423547439,-2.81802533540281,5efc7c87ae067d024d35278b_day1_block2
158,d2r1,0.53574289527524,-1.82202849081936,-2.9484618675619,0.511522762175617,-1.92759282328108,-2.99887648582124,0.510889693788241,-1.93336407953233,-2.92411847754452,-4.66191201594292,-4.73894894728486,-4.47450552932984,-4.41602473890242,0.512066918232013,-1.92321677649614,-3.05806662313535,5efc7c87ae067d024d35278b_day2_block1
158,d2r2,0.602107262610905,-2.29865152828291,-4.40626718793138,0.605530241273661,-2.91430366288699,-4.7507924275445,0.60559925770431,-2.61046134087659,-4.74259752666666,-5.34906057014981,-5.32420002567286,0.293557970851438,0.321354911362264,0.60553056828064,-2.9640485758407,-4.75394360438409,5efc7c87ae067d024d35278b_day2_block2
159,d1r1,0.650008248218472,-1.55196696048848,-3.94028406043903,0.672411166648011,-1.34796675638568,-4.63010433375287,0.671756294969732,-1.3752215375407,-4.61678104018527,-5.21115186758292,-5.19545665646568,-4.58535831415677,-4.57973750615802,0.671681460631979,-1.35155310595538,-4.67935127716111,5efe37abda112713870433a4_day1_block1
159,d1r2,0.696640981736306,-1.23822392142037,-3.24989072207676,0.702553841959592,-1.32460336131016,-2.02710062310457,0.669939665656926,-1.33135103987316,-2.06574390585882,-4.85741400340271,-4.58037013057065,-4.58843193355665,-4.56914395512144,0.702239892576323,-1.33430880869021,-2.07905058390421,5efe37abda112713870433a4_day1_block2
159,d2r1,0.481776439148151,-1.52075350991782,-3.62851110115751,0.513569177572889,-1.52757641774066,-3.04021582500729,0.494477594879908,-1.47625238419681,-3.29173385041433,-4.85336907700365,-4.81917343605829,-4.35081923297699,-4.22321466882066,0.528143496526087,-1.5377906597424,-2.65317906030619,5efe37abda112713870433a4_day2_block1
159,d2r2,0.529952543861773,-1.61402775710606,-4.29737172400764,0.53593848275438,-1.60333153879424,-4.72103742447247,0.535809242184711,-1.60333858708027,-4.70615926736194,-5.31615004947045,-5.28694185191184,-4.61503660785627,-4.59110627331783,0.535602661924433,-1.60781563107072,-4.7351892191713,5efe37abda112713870433a4_day2_block2
160,d1r1,0.585787473556309,-1.03671758829424,-3.80159359736679,0.605854248744049,-1.15997642696188,-4.69118723722105,0.604529329676711,-1.11420232894824,-4.67358688690298,-5.23767813848825,-5.19745926383681,2.46323381329507,2.49612262182829,0.605191438625919,-1.07338017188787,-4.72815027229109,5f00963a7535f20335a76106_day1_block1
160,d1r2,0.524736446209406,-1.70306516777496,-1.50669174365219,0.41864700893862,-1.35086291391856,-0.788533384238688,0.383620625315485,-1.37926461835828,-1.07328220015766,-3.91618339502954,-4.41462344634964,-2.75384378693396,-2.62476920025779,0.506219232615648,-1.57059666823777,-0.837491639282808,5f00963a7535f20335a76106_day1_block2
160,d2r1,0.5913227117343,-1.31464493644414,-1.54497567733079,0.535836414804303,-1.3751266895588,-1.13245429928068,0.50821889644993,-1.3255818042853,-1.09376471198746,-5.66275930397157,-5.59453344988877,-4.20090000298036,-4.13965990939578,0.458548896349167,-1.37370799304847,-1.13631281653239,5f00963a7535f20335a76106_day2_block1
160,d2r2,0.585084227550744,-1.18786864359926,-2.92617206063477,0.537919908788653,-1.19539332222648,-2.13553139538204,0.525697712620171,-1.10036824814063,-2.30352808028621,-5.15633650307107,-5.13624459974356,-3.67737774223287,-3.33190526006027,0.509417936347749,-1.0190170613157301,-2.18376557904336,5f00963a7535f20335a76106_day2_block2
161,d1r1,0.652490594432409,-0.794332774663297,-2.39364094341431,0.66964993081356,-1.31892361204858,-2.23202241272501,0.61673753953295,-1.15729656962891,-2.1204340032802,-5.18281198062579,-5.07363239011666,-2.09690053003769,-2.73345414488483,0.709985676396378,-1.18964163810895,-1.55531575350319,5f00b5edbb649a062ed67da3_day1_block1
161,d1r2,0.640898321011689,-1.32148018666295,-1.74370917571891,0.676664834086959,-1.4962892572196,-1.06528879064136,0.64383818712043706,-1.5627808186876,-1.07247802792186,-5.74307823030248,-5.71312360849466,-4.14741722390825,-4.11192732212719,0.628449655124432,-1.48448118990638,-1.09281411786561,5f00b5edbb649a062ed67da3_day1_block2
161,d2r1,0.621965655902575,-1.89678664722699,-2.8261942244645,0.60478008084724,-2.68362916097832,-2.98804709210558,0.583726513884521,-2.18679492545832,-2.52592035099466,-3.86136402714542,-4.39497713411931,0.0121999542064069,-1.51184637145732,0.6054821587759,-2.94721458495976,-3.08852127355077,5f00b5edbb649a062ed67da3_day2_block1
161,d2r2,0.55983363988251,-1.70558433034924,-3.4153269673568,0.488138829282359,-1.51003494612596,-2.28761419817865,0.532269981805923,-1.29520397563795,-3.14839854258454,-3.48200197381089,-3.95633936316619,0.130839408892384,0.289520918504319,0.516044833154609,-1.27645159899786,-2.36147129556745,5f00b5edbb649a062ed67da3_day2_block2
162,d1r1,0.599466692168804,-1.23483436178744,-4.19181537826257,0.605541260192788,-1.215128692775,-4.7380971806167,0.605303922239812,-1.14317002546429,-4.69547488535059,-5.33103870291207,-5.2689300014935,2.83186384941062,2.68596325115092,0.605292015060844,-1.1009573486317,-4.73737317973742,5f017065a015942b99c09df5_day1_block1
162,d1r2,0.578573640434455,-1.12850338717656,-3.92839909774057,0.605093878329101,-1.15150111937994,-4.72253485093558,0.605241359525781,-1.22290531148373,-4.72511506485308,-5.30052999727628,-5.28830333322774,2.47709304975932,2.52699657144617,0.605306760039486,-0.950257698447409,-4.73868105963923,5f017065a015942b99c09df5_day1_block2
162,d2r1,0.669056632519611,-1.24623838408188,-1.67475246618814,0.631399702861284,-1.18513772497798,-2.48520531180814,0.659319618087554,-1.22798075912704,-2.31437630312686,-3.54786252582601,-3.85183256934822,-4.21131588902541,-4.16364581422648,0.620250668227577,-1.19014849072973,-2.31776274335212,5f017065a015942b99c09df5_day2_block1
162,d2r2,0.591896027915515,-1.28405870164953,-3.95185225522723,0.599947247875672,-1.11181265066614,-4.64404646745027,0.601408651501992,-1.29088261570888,-4.65004062492288,-5.26798701591034,-5.26289785186157,1.51345911040108,1.63830320763439,0.589725066408552,-0.996328040864309,-4.52829768384778,5f017065a015942b99c09df5_day2_block2
163,d1r1,0.546552784980025,-2.22719271483714,-2.66221430919217,0.514803284101642,-1.7639364629116,-2.37108954062567,0.511631154340812,-1.77676841401004,-2.33924379917347,-4.97425703331096,-5.00769920070787,-1.19535246247623,-1.13469953915473,0.54666846015946,-1.62096314685152,-2.37870235300138,5f0471a92ec97b6d1aec7739_day1_block1
163,d1r2,0.603767048630046,-2.10076049021966,-3.06348613940402,0.509051103435647,-2.00699545593784,-2.30164291332395,0.511657150789135,-2.00478969484987,-2.25944096230569,-5.08954730580781,-5.08048824423672,-3.17550287477951,-2.87789897727306,0.508157767624719,-2.01617648148359,-2.33208101032084,5f0471a92ec97b6d1aec7739_day1_block2
163,d2r1,0.773545668440159,-2.02561838152307,-4.37556089894219,0.783447038359693,-2.11727703597413,-4.73975107034997,0.783450246831721,-2.10206130572557,-4.73335206171282,-5.30243347070964,-5.28141450716064,-4.44599725659188,-4.40468688732595,0.783445048863669,-2.12821052505248,-4.7440432908065,5f0471a92ec97b6d1aec7739_day2_block1
163,d2r2,0.623965741300682,-2.85262268379954,-3.16670643023348,0.605500350035036,-3.65853865820974,-3.23846600482717,0.605491049699177,-3.65194951009082,-3.21614485360778,-3.56385403034705,-3.52365938651326,-1.49939293401655,-1.4585323194802,0.605505349712042,-3.66280307901135,-3.24630940714223,5f0471a92ec97b6d1aec7739_day2_block2
164,d1r1,0.479174028817175,-1.22393531726599,-3.07769894849659,0.384989472591069,-1.41360203076448,-2.4541521195791,0.386176681489396,-1.32544488054448,-2.28902779861139,-3.93019469720985,-4.17762486299037,-3.58723276421223,-3.93202892174389,0.366444113228721,-1.31058513417884,-2.4680369868904,5f096a0d891eb81ec85b780a_day1_block1
164,d1r2,0.504303670007588,-1.786479927167,-2.15284520372715,0.503081896915766,-1.8011906706997,-1.43198705740389,0.456570128260578,-1.82604124444386,-1.40515858007304,-5.90099051011605,-5.8764704494755,-4.2868219658343,-4.15543758109209,0.449991584301527,-1.66266219098026,-1.47847090032695,5f096a0d891eb81ec85b780a_day1_block2
164,d2r1,0.390458263498183,-2.02219752986703,-3.91900118713696,0.36390177592787,-1.79308786459473,-2.18655408869362,0.36915739874553,-1.51403788737232,-3.09934124193351,-5.19691216983763,-5.1793684172232,-1.11749070792531,-0.483075316478985,0.437427662537109,-1.64932202431212,-2.06313057556869,5f096a0d891eb81ec85b780a_day2_block1
164,d2r2,0.378346214158893,-1.58310040870049,-2.58305274059058,0.267298575490144,-0.624857594178696,-1.89168340410521,0.274498638764462,-0.750493007200395,-1.87365735177153,-3.94699591201619,-3.84841175979775,-0.848031200054751,-0.902694047297881,0.359148650956595,0.12595431886934,-1.47198782422203,5f096a0d891eb81ec85b780a_day2_block2
165,d1r1,0.501442565872036,-1.56333945030959,-3.28068183161886,0.479224246866336,-1.53880597340156,-1.73558943180109,0.442786765284671,-1.57284994587038,-1.81113277477726,-3.24295884378515,-3.24049929754731,-4.34598064656588,-4.36413698670642,0.495709695783944,-1.54657347201372,-1.8811739674183,5f0b2e6b00d38741cb03f658_day1_block1
165,d1r2,0.516468746205007,-1.60137695397802,-3.45664326565026,0.435530026137268,-1.63959362793293,-2.41513965065101,0.463556289108168,-1.63473187772689,-2.81966628039316,-4.8860138239936,-4.94361826734701,-4.54035241740962,-4.54329738549059,0.400694748621029,-1.65648788733659,-2.11525587423027,5f0b2e6b00d38741cb03f658_day1_block2
165,d2r1,0.431837064228885,-1.79962231795328,-3.31329050984219,0.311086627390891,-1.91682066413616,-1.95356809560941,0.269042660259217,-1.87996279406949,-1.89700172158868,-0.0158375538814821,-0.087844784330909,-4.60765243436355,-4.53815374947321,0.395090045493514,-1.93528016726834,-1.68766050483955,5f0b2e6b00d38741cb03f658_day2_block1
165,d2r2,0.333156671158818,-1.11143015444403,-3.92737847576025,0.282972361972784,-0.564227467257078,-3.34099762063599,0.302981315870137,-0.775576921584945,-3.91606307661071,-3.8474369668832,-4.46755640513522,-2.62466906891579,-3.3673145951398,0.30884881185935,-0.680681285938974,-3.80625178962884,5f0b2e6b00d38741cb03f658_day2_block2
166,d1r1,0.605387794730881,-1.32513848461613,-3.55718849267788,0.601646305791078,-1.17772084350971,-4.59938647320362,0.603253786034102,-1.62047871702669,-4.52400984680473,-5.23752930045735,-5.22396691727381,1.22579272779028,0.98542789505593,0.601478755391267,-0.972976685367769,-4.57290870688365,5f0c72c24903aa5e4bfa5495_day1_block1
166,d1r2,0.610164968684523,-1.94615490559701,-4.17721325344564,0.605529353112953,-2.67305969273903,-4.74205542148707,0.60557908517579,-1.90163829488315,-4.72021244731983,-5.30725850733377,-5.26330607042094,0.469507393332597,0.443614498352289,0.605529819697536,-2.79006838538131,-4.74572745731312,5f0c72c24903aa5e4bfa5495_day1_block2
166,d2r1,0.603392009943454,-2.51543532845913,-4.29601834675516,0.60552933295792,-3.23321600557765,-4.71369995235076,0.605528824854327,-3.1895890031063,-4.71624451689024,-5.25562449631245,-5.2513633946405,-0.107423275597624,-0.0414672111896604,0.605529557270129,-3.26689589872659,-4.70814157575319,5f0c72c24903aa5e4bfa5495_day2_block1
166,d2r2,0.579151802808588,-1.52533418046816,-4.22486329090872,0.603794307863643,-1.49985049198487,-4.70828618531011,0.604413404316093,-1.49581177207479,-4.70780097971599,-5.28819088629468,-5.26866832102074,1.2516073207806,1.28728059311177,0.604423844684159,-0.96546533727885,-4.72216536855778,5f0c72c24903aa5e4bfa5495_day2_block2
167,d1r1,0.647722058031831,-0.651275731581454,-2.7565402659125,0.571360855240801,-0.505858415910994,-2.5280578845365,0.576087429403277,-0.5470806177574,-2.60841632622315,-4.98480355632004,-4.99855335037164,-4.52558997085528,-4.4520990010423,0.551753467883057,-0.498606565452741,-2.50719692270226,5f0cb319d29147695796a208_day1_block1
167,d1r2,0.599563276837471,-0.94917184902218,-1.3369372387189,0.607290557761663,-1.2908527785858,-2.07130807906265,0.588749451269989,-1.08344197296812,-1.71419030488446,-4.27743521618355,-4.58822854913734,-3.40234512860607,-3.84463921327757,0.61056323905082,-1.20981365113534,-2.30396920961986,5f0cb319d29147695796a208_day1_block2
167,d2r1,0.594839770669898,-0.657143649721284,-2.08017090422716,0.535563575445688,-0.933703277559375,-1.13103134174985,0.424188722756113,-0.805381859142374,-1.16448888985645,-5.46609017756175,-5.40869822646669,-3.7654775273576,-3.84811279015416,0.531105992117891,-0.929332367057154,-1.14215513009234,5f0cb319d29147695796a208_day2_block1
167,d2r2,0.616146825157671,-0.647952991910531,-3.19007516618015,0.580624836419129,-1.15588263668368,-2.79923985083816,0.58406139811995,-1.03762766078551,-3.31577484671044,-5.24022520863124,-5.20548821490965,-2.90350012323039,-2.13429619686442,0.598710281197712,-0.49176446381853,-3.68125062604639,5f0cb319d29147695796a208_day2_block2
168,d1r1,0.5928350092052,-1.21688481198995,-3.48692243951625,0.52338840874001,-1.06483709370092,-2.18329235545305,0.529534494645617,-1.14741921276835,-2.58189053458115,-5.18072870555448,-5.22430038262747,-3.39532108124381,-2.96040859651232,0.499785864343499,-0.623424958528032,-2.82319807951607,5f0e0e058a700b10c7ac250f_day1_block1
168,d1r2,0.727133200679088,-0.714293701966496,-2.50637450513138,0.644550613591233,-0.604666857949393,-1.98854372358113,0.645011626419059,-0.601106453492163,-2.09652733334178,-5.05700971406109,-4.94078934115401,-4.54700197338249,-4.51001839879088,0.720867658305625,-0.612979431084199,-1.99725837107682,5f0e0e058a700b10c7ac250f_day1_block2
168,d2r1,0.614198461388581,-1.27463985258219,-1.71881483170778,0.657168686199228,-1.22160341916432,-1.18414499084824,0.579938632808052,-1.27019398581815,-1.14281151703856,-5.78933433995011,-5.76244001709705,-4.32488486456255,-4.28608608013337,0.65043431397149,-1.18648280537797,-1.20781211728614,5f0e0e058a700b10c7ac250f_day2_block1
168,d2r2,0.289051540139624,-1.80481149546805,-2.09732014748107,0.250119247600948,-1.6462341164392,-1.70534373879269,0.238192154507909,-1.76574901994212,-1.70674769355923,-5.81393287174846,-5.8344030702864504,-3.80386901810602,-4.0208232014783,0.202036074144843,-0.784585422428805,-1.74084034713205,5f0e0e058a700b10c7ac250f_day2_block2
169,d1r1,0.667592749098415,-1.60935253296443,-4.335344690518,0.671124038732981,-1.55588398144707,-4.72242635988558,0.670570160490927,-1.56345822546368,-4.69706571233173,-5.31692923348056,-5.27683202123121,-4.54508376589237,-4.52527586063433,0.670913916317344,-1.53983516366368,-4.72555304504018,5f0e4bf8c7f97e18fb4473a7_day1_block1
169,d1r2,0.6587640079794,-1.39979306601331,-3.97668633785527,0.670845316328001,-1.42267150440105,-4.66714066870941,0.669903919053013,-1.42738536367312,-4.62198385704343,-5.11530495170945,-5.03528984409407,-4.4780985971617,-4.40945158821926,0.670569793669203,-1.41625116842195,-4.68455019625537,5f0e4bf8c7f97e18fb4473a7_day1_block2
169,d2r1,0.661537951799097,-1.50746648917016,-4.25468288711971,0.670663004593148,-1.5872282668851,-4.71399384958536,0.671010438045238,-1.60427698605251,-4.72011359479404,-5.30068736537226,-5.29127111911036,-4.64529070828627,-4.63233996954106,0.671234906219378,-1.57848944530063,-4.73289100457565,5f0e4bf8c7f97e18fb4473a7_day2_block1
169,d2r2,0.647371864661381,-1.44237994076231,-4.15172755155194,0.671201675522369,-1.48931328828649,-4.66056968394865,0.67019564636612,-1.50467107898454,-4.5618783750932,-5.29920857969089,-5.25131836949297,-4.58944401364348,-4.52885280118721,0.671560631975345,-1.4976368633426,-4.69335304956404,5f0e4bf8c7f97e18fb4473a7_day2_block2
170,d1r1,0.57758714818301,-1.0490281933216,-4.03789598584907,0.540414726749994,-0.340971285135358,-4.10991249563781,0.560116479934816,-0.55663600587155,-4.28005208061474,-4.89855607045776,-5.02727121600841,-0.121153883343241,0.698522561344484,0.592464622586949,-1.21006067397076,-4.61556754107996,5f0eaf80c42b540711cc68b0_day1_block1
170,d1r2,0.433154799371637,-0.533306984430073,-2.31916328393163,0.454675530824107,-0.380905680419226,-3.94048053910419,0.444608991651405,-0.376245991341659,-3.71686126755672,-4.55531606812997,-4.5080637846608,-2.66323571229517,-2.68827508723067,0.467146649310002,-0.499656146077722,-4.05106045636268,5f0eaf80c42b540711cc68b0_day1_block2
170,d2r1,0.528042961334559,-1.26039898933148,-3.56091647758847,0.456123802751332,-1.18894488496077,-2.91218235727377,0.429044882530302,-1.14656837938311,-2.96321564717464,-0.898923715780019,-0.812740391226392,2.60700453708083,2.65484031108549,0.579782198043957,-1.35993433513312,-1.86740795224695,5f0eaf80c42b540711cc68b0_day2_block1
170,d2r2,0.549363157411359,-0.421399646395235,-2.11343603792845,0.681366049075254,-0.0930361479722858,-1.14927454926505,0.661312822932032,-0.192231425721043,-0.966600500282146,-4.12474842902528,-3.51019191308951,-3.84203548230189,-3.4134692159041,0.670733286094589,0.0280830475368752,-1.26249686185687,5f0eaf80c42b540711cc68b0_day2_block2
171,d1r1,0.581945856658336,-1.54521686433543,-3.81710927978055,0.557154731528293,-0.91955473444734,-3.35308086201591,0.568136330260799,-1.39070507493826,-3.45587783525681,-5.17499606984435,-5.12607640592044,-0.768962835943171,-0.36580277502262,0.527280426723828,-1.09065284802181,-3.12951190384249,5f0ef22b86cd14000af6f8f9_day1_block1
171,d1r2,0.522382642330888,-1.42434255700898,-2.99579007186485,0.530761507936678,-1.5366330377858,-3.86250890489025,0.521429454934376,-1.48495416679981,-3.6312281992096,-3.43860868855053,-3.71341562375878,-3.38871790151713,-3.41747787355191,0.540391815501911,-1.49333460203994,-4.0259848550702,5f0ef22b86cd14000af6f8f9_day1_block2
171,d2r1,0.563579405668473,-1.68976494588431,-3.13155351919164,0.604430557330652,-2.30058342968697,-4.00889755729913,0.603742499012572,-2.02204142087025,-3.92596085577841,-3.54829638075376,-3.6056317948314,0.583568332171744,0.749375384982244,0.600163987331119,-1.00107513336336,-3.96683165208855,5f0ef22b86cd14000af6f8f9_day2_block1
171,d2r2,0.313040318327102,-1.66022937886626,-2.88612683694723,0.394530474789674,-3.37181251122803,-2.22243742959965,0.388912396764859,-2.69708563337116,-2.19729191237316,-5.27605917675222,-5.20700603378518,-1.42613069804914,-2.49013638848275,0.394494156533074,-3.53111705902849,-2.28350963335598,5f0ef22b86cd14000af6f8f9_day2_block2
172,d1r1,0.583037223408546,-1.13805962080435,-3.46259611477037,0.47745049923555,-1.3834591550513,-1.92175646936542,0.468585382805837,-1.26151922960774,-2.0237109582852,-5.03976610777124,-4.44520464918656,-2.26868831985865,-1.31308071057524,0.447336268899079,-1.38929034028671,-1.95676488580259,5f10400f3e46b01366f0ecbc_day1_block1
172,d1r2,0.482939896291129,-1.44990434627066,-2.32167315284442,0.426495947390818,-1.90685418102536,-2.06225457921845,0.425278479683186,-1.80548601073923,-2.11595214443979,-5.30347730700626,-5.19614864986852,-3.55171971767301,-3.75674368145105,0.456128402190247,-1.60943321143073,-2.19314312882724,5f10400f3e46b01366f0ecbc_day1_block2
172,d2r1,0.531044483031774,-0.966738413162982,-2.73011548145328,0.438033767828857,-0.870392379454161,-1.93485682128289,0.426625846903638,-0.849042559698371,-1.87444967780062,-5.06940825818179,-5.08099127298093,-4.5480524333513,-4.53873774893179,0.471979887433534,-0.906495416250602,-1.96903689931703,5f10400f3e46b01366f0ecbc_day2_block1
172,d2r2,0.378361621058422,-1.68501658183036,-3.68510569102612,0.357766465374767,-1.43838432342465,-3.49402038663249,0.371916750377349,-1.18044245017123,-3.95711084639763,-4.28871451124191,-4.57331846852673,0.176897312967153,0.306850519595426,0.391082031126745,-2.51318529629138,-3.97783403480848,5f10400f3e46b01366f0ecbc_day2_block2
173,d1r1,0.427768742201193,-0.45576160446753,-3.26274262149198,0.403484016680059,-0.391804827261399,-4.27372373156981,0.396964015645341,-0.374725832883105,-4.15530267135023,-5.13384707380739,-5.08995447510291,-4.47368268839107,-4.4614896186753,0.400021465330717,-0.406337331101556,-4.35716083868165,5f19373573579d191366b334_day1_block1
173,d1r2,0.384606582507925,-1.16336119419933,-1.45484249674214,0.298451494107122,-0.979185263370297,-1.21691690631541,0.267814230665261,-0.943162196671694,-1.17620094719525,-5.67338512654682,-5.66646096661573,-4.29479498840319,-4.27510658276206,0.350896709114486,-1.02538077678722,-1.22273568427187,5f19373573579d191366b334_day1_block2
173,d2r1,0.455072183968539,-1.04731889901667,-3.08615678324522,0.432796799109453,-1.08515854578792,-2.44714249201108,0.405593123913291,-1.07086622183315,-2.67684602141342,-5.31833682275203,-5.23170804223404,-4.51907382705527,-4.51012518654431,0.441867823894142,-1.09042195003267,-2.64688185969275,5f19373573579d191366b334_day2_block1
173,d2r2,0.539544754584381,-1.08239229011718,-3.47634460031031,0.534067229330997,-1.10284462217584,-4.38139351565657,0.531832004067824,-1.10489886570537,-4.27588013765789,-5.23956917772075,-5.23102064283073,-4.47940504169519,-4.43905498117906,0.539101122419932,-1.11530408904964,-4.45891032655927,5f19373573579d191366b334_day2_block2
174,d1r1,0.733823828886263,-1.29687906741377,-3.19632194278163,0.71716611125666,-1.37596930174241,-2.20098583166939,0.697012971647242,-1.44521626671991,-2.07721861252393,-5.45733446526528,-5.46678903816087,-4.50400120601653,-4.45605576895329,0.699033943220518,-1.22126702684357,-2.55983466096335,5f19da7290bc3308045f6b81_day1_block1
174,d1r2,0.686556220212701,-1.64187357159055,-2.44662569557858,0.678559944318992,-1.76998189684211,-3.34431784855901,0.678202537742206,-1.74767040838234,-3.15133219272568,-2.29132559504062,-2.64924920711394,-4.54356427337849,-4.52140112807904,0.677900927304977,-1.78630238908298,-3.47725292754303,5f19da7290bc3308045f6b81_day1_block2
174,d2r1,0.713063499930042,-1.52631079716445,-3.64169232991218,0.709593224558962,-1.70962373205587,-3.41857202748431,0.712155804601644,-1.67864675011635,-3.50084146385253,-5.00115424186682,-5.06807668618931,-4.40054185724786,-4.38647219427539,0.707449018816425,-1.73301334002603,-3.36113230314266,5f19da7290bc3308045f6b81_day2_block1
175,d1r1,0.548927617125898,-1.56601246566925,-2.78176468070284,0.482208629040323,-1.41452747983889,-3.3253949653693,0.482271449754968,-1.47686428218998,-3.10588531466817,-0.647751888911914,-0.86849790747784,-0.674120137023249,-0.585876781330042,0.487416672098755,-1.18739146443448,-3.41982522742936,5f1b5c4eff5fe735544f60fd_day1_block1
175,d1r2,0.627324307110566,-1.4765314062334,-2.61034148870661,0.526276416270309,-1.6636801314535,-2.68021697091268,0.526982419481044,-1.66157438750148,-2.44610027782981,-3.52643161171597,-3.99786998012126,-4.53499853765243,-4.51927641084337,0.531510255105797,-1.6472653093924,-2.98334984925118,5f1b5c4eff5fe735544f60fd_day1_block2
175,d2r1,0.537195803127778,-1.61082557476075,-4.02024618135793,0.535576249000265,-1.61078851765714,-4.62159258802706,0.540466895338897,-1.63544753635579,-4.44735070402018,-5.32120894132826,-5.25323523102393,-4.64588492182368,-4.55960373806257,0.538092535002281,-1.60257186948201,-4.61953732004486,5f1b5c4eff5fe735544f60fd_day2_block1
175,d2r2,0.473125739937366,-1.56066351279284,-4.12366436693238,0.470189759220346,-1.66639904090939,-4.54262206001351,0.467443791431208,-1.67012865480724,-4.61667774751813,-5.18311291508047,-5.21413789332019,-4.50732993069845,-4.49493706522335,0.475235312231488,-1.62641017031335,-4.35860093046921,5f1b5c4eff5fe735544f60fd_day2_block2
176,d1r1,0.535511999214144,-0.42401876042513,-3.34075781752761,0.482334349574281,-0.399180948705261,-3.68040368100144,0.473838773910998,-0.415992538345204,-3.57548846748224,-5.00512699208135,-4.99645685625616,-4.57884013563061,-4.54512791467233,0.504552121901148,-0.402052324480588,-3.86255296324063,5f1cdbaab6464a599f2bba6a_day1_block1
176,d1r2,0.626741092802387,-0.687135424992933,-3.41477691189516,0.611706350634445,-0.388740825260222,-4.21900002414966,0.619539639835047,-0.442859087185797,-3.90262980131392,-5.12767406374082,-5.05566306636904,-4.28615669946796,-4.28516933600685,0.615260874067314,-0.438943644643095,-4.31980456281931,5f1cdbaab6464a599f2bba6a_day1_block2
176,d2r1,0.536716872122942,-0.981103261311153,-1.4487421820464,0.614796820483106,-0.96364086317475794,-1.3677062159595,0.586299883118192,-1.03575506623331,-1.60424954966148,-5.57163999877543,-5.50624695876783,-3.92517467550213,-3.38737368272891,0.615867632555031,-1.02976946501953,-1.29992728411081,5f1cdbaab6464a599f2bba6a_day2_block1
176,d2r2,0.499455401683265,-0.836415093060435,-3.24362530867014,0.603061294573197,-1.137479431518,-4.4756839822549,0.550991331804651,-0.87899147599106,-4.2950923955943,-4.36760725137495,-4.69657486215664,2.44621578302039,-0.423963033137392,0.605587170163519,-1.20556087351779,-4.63952794194032,5f1cdbaab6464a599f2bba6a_day2_block2
177,d1r1,0.604152986679954,-3.52596464734372,-4.34911574814835,0.626267917318678,-3.24731862616864,-3.90392705181044,0.615899064408754,-3.50342299895203,-4.32477782764404,-4.37480261466952,-4.84625855721062,-3.54573303534875,-4.10322538045965,0.661031360696979,-2.28947418049044,-2.67107004439414,5f1d5591fe7ca36560aa455a_day1_block1
177,d1r2,0.588713191815718,-3.08795632086545,-3.32343676086789,0.605501794974259,-3.65429378466287,-3.68899034358184,0.605494227763197,-3.64546083253128,-3.6899209865576,-2.92437593514892,-2.93650874417806,-1.46520273765036,-1.40503342419877,0.605505964220481,-3.6601050422848602,-3.68378051143007,5f1d5591fe7ca36560aa455a_day1_block2
177,d2r2,0.601895654125736,-3.1360331360571,-4.29183039414059,0.60550410387521,-3.55798830146749,-4.43151039483064,0.605505008484321,-3.53728216402491,-4.45794537712255,-3.20674185152293,-3.60783151978224,-2.03451598311626,-1.74761806065662,0.60550364883504,-3.57084202526633,-4.41355422671525,5f1d5591fe7ca36560aa455a_day2_block2
178,d1r1,0.727719974004324,-1.17844747004416,-1.78086652461147,0.703534892587895,-1.48424971277417,-1.52229764642587,0.664256874530409,-1.57821943453444,-1.52483897751836,-4.74979281098845,-4.71180971013711,-3.35750278565462,-3.23235966770724,0.720494742737689,-1.22472319050251,-1.53140406477432,5f1e9db721e4f101783fe21c_day1_block1
178,d1r2,0.718765268777048,-1.31831060766145,-2.33318811064959,0.689135199590452,-1.40862328989559,-2.1731619032561,0.675021112430875,-1.4733664639788,-2.1171028546904,-4.09753507792591,-4.24622172121295,-2.86509289467097,-2.63555014509471,0.711058901737102,-1.13435440094805,-2.27194355667259,5f1e9db721e4f101783fe21c_day1_block2
178,d2r1,0.700640190210784,-1.89877535170027,-1.63457335911918,0.733717277548417,-1.76878918029632,-1.522388567358,0.706588792404274,-1.8253528614001,-1.58414273456734,-5.10627863712152,-4.9291299206042,-4.35683175904407,-4.34144689811852,0.722717193988135,-1.70998459218124,-1.43919908457296,5f1e9db721e4f101783fe21c_day2_block1
178,d2r2,0.655740922616316,-1.56284459854838,-2.09184153065053,0.638803269002144,-1.70404621137406,-1.72073905240625,0.616681692666246,-2.09625347589895,-1.85371718917777,-5.35562051452833,-5.23833588717905,-3.58599490504817,-3.05404358141916,0.69021710550083,-1.70913540092731,-1.70288198389495,5f1e9db721e4f101783fe21c_day2_block2
179,d1r1,0.489692708313204,-1.5393795944767,-2.79492316874115,0.492408295096782,-1.59283252932009,-1.65865660455055,0.43012746950807,-1.63405903828571,-1.67343218923209,-5.61686729347039,-5.6082419042434,-4.47491542988387,-4.47481498168897,0.518224232162696,-1.60857686553175,-1.64260798589758,5f1fd0d33f0d5e2075724c24_day1_block1
179,d1r2,0.391575246986761,-1.62882449749195,-3.37293044665532,0.393677089392643,-1.81114445982866,-4.5223199344041,0.391636745601596,-1.82978598289718,-4.15006677232094,-5.25843293819614,-5.32396036366571,0.95308917649354,0.345452651008472,0.391018906815211,-1.01417193877149,-4.54464767484778,5f1fd0d33f0d5e2075724c24_day1_block2
179,d2r1,0.494304788922023,-1.37687831015043,-2.93223800532001,0.44858128904363,-1.30294799867317,-2.19349260758065,0.427868399602546,-1.29372963050365,-2.32712271977668,-5.31811648522226,-5.16615767190259,-4.50087613384025,-4.47345500637214,0.460304801550114,-1.2275415870117,-2.47470243904572,5f1fd0d33f0d5e2075724c24_day2_block1
179,d2r2,0.625798342220366,-1.76987446677098,-2.90637412947863,0.534623405070418,-1.69183536100641,-1.85625343378889,0.520329476098765,-1.7222013061903,-1.92138017080431,-5.51899704810862,-5.39513617584734,-3.97636397402279,-3.88912593650484,0.581886633065667,-1.74507905843104,-1.85006993342079,5f1fd0d33f0d5e2075724c24_day2_block2
180,d1r1,0.561165603548804,-1.76329437251562,-1.69829878417277,0.460295494529794,-1.59673764515446,-1.08965824536356,0.507089188732088,-1.61591708066738,-1.81374515396676,-5.54048672835366,-5.21994116318857,-3.38891616431129,-2.25945914672401,0.422339234709979,-1.57406986311536,-1.07818001962021,5f214c0d5ed0e52b6f80c52c_day1_block1
180,d1r2,0.619178827537258,-1.48623160683763,-2.65021069778071,0.51593045456388,-1.22076229964027,-1.96040490185472,0.499401277303222,-1.27340584635739,-1.59284723657277,-0.771891514169353,-0.689715722506671,-3.21773246927658,-3.47327291180236,0.547981062420417,-1.30975226838364,-2.49101631004791,5f214c0d5ed0e52b6f80c52c_day1_block2
180,d2r1,0.577317682953752,-0.881123905689104,-2.04227424916028,0.553094527132684,-0.774255719592195,-1.84354490502576,0.516149718723489,-0.796607613045787,-1.74393624184392,-4.81567610559521,-4.89563496657081,-4.42878866631291,-4.36871124091786,0.596829392597869,-0.809588916310246,-1.7343276003894,5f214c0d5ed0e52b6f80c52c_day2_block1
180,d2r2,0.61239337397984706,-1.52639221476543,-2.33312377790522,0.47524778564052,-1.58696634297014,-0.726375525463327,0.453293378647569,-1.60374129925895,-0.862172089065004,0.450832293013031,0.440166169849907,-4.22661535770151,-4.32320555288115,0.502864507252154,-1.44390465800584,-1.11115512440796,5f214c0d5ed0e52b6f80c52c_day2_block2
181,d1r1,0.528958964753684,-1.16859656601382,-3.13104159298575,0.423885144562236,-1.03064123740618,-3.20357869647021,0.388257408748214,-0.967648955058646,-2.77571412342522,-0.749890245687179,-0.958050376179229,2.239997390189,1.77031836099524,0.481168258531179,-0.885643281223037,-2.5226761259507,5f22d7d3f86e9e01e87bfdcc_day1_block1
181,d1r2,0.617644623944403,-1.11999648334687,-3.84403103156316,0.602469999242354,-0.756420193500188,-4.50159328124862,0.603642011334534,-0.857216731608766,-4.53322737464705,-5.00885154862492,-5.01239468704411,1.66144261793748,1.9128779959607,0.603092556652298,-0.528173215678497,-4.54724749210027,5f22d7d3f86e9e01e87bfdcc_day1_block2
181,d2r1,0.464001280473193,-0.433184494480673,-3.46997569488005,0.438660040853339,-0.00174707976511859,-4.29169277584213,0.443370311279558,0.0710731475305603,-4.204829203353,-5.12237672695555,-5.05029405596465,-3.67370335462247,-3.52835973007847,0.44724694171715,-0.101203591666187,-4.40685619539252,5f22d7d3f86e9e01e87bfdcc_day2_block1
181,d2r2,0.611676059245615,-0.600429339563775,-3.46792994646436,0.611907214845988,-0.3829488247127,-3.84130925528551,0.600438880817662,-0.475231966883095,-3.71088650879959,-5.10960826660756,-5.0793927094724,-3.4510918418453,-3.20817752791044,0.590190783506982,-0.224228863850452,-3.99205692013456,5f22d7d3f86e9e01e87bfdcc_day2_block2
182,d1r1,0.722552232849616,-1.27350859966967,-2.70844225052591,0.74106127512885,-1.37226563901692,-1.7295732273116,0.693488500811898,-1.40128033310315,-1.83286713597268,-4.59180221220289,-4.28122082209408,-4.15901462327984,-4.01704945713112,0.734238454394013,-1.38530728869408,-1.51066228289557,5f233d7f53212b0e22bf055d_day1_block1
182,d1r2,0.738787876597506,-2.00319173309961,-2.34232911473476,0.779908904976533,-2.1604761708006,-3.10137754163767,0.755696541404148,-2.13656812323064,-2.73048038049964,-0.151982077008339,-0.281432423487816,-4.53709097972784,-4.46607351477528,0.779757348543106,-2.17968534285132,-3.42204563880904,5f233d7f53212b0e22bf055d_day1_block2
182,d2r1,0.763198674675279,-1.6296979089992,-2.97914704101247,0.77699735061926,-1.46475995054728,-2.92197797089328,0.761606598530636,-1.43229750791422,-2.80313784263654,-5.26113385977177,-5.13567987698694,-3.57170744296155,-3.53969001435285,0.762887699577195,-1.38847056335147,-2.89425501981305,5f233d7f53212b0e22bf055d_day2_block1
182,d2r2,0.714528565742347,-1.65570859782178,-2.28335766858661,0.704509258547534,-1.79025385860361,-2.08854696200093,0.69285169015176,-1.82315043495236,-2.06537380565253,-5.4199473715099,-5.47439499168584,-4.56037863126968,-4.55235427372263,0.725206902541007,-1.71899841087205,-1.98905131821717,5f233d7f53212b0e22bf055d_day2_block2
183,d1r1,0.600332385117585,-2.38456373264718,-4.37646705789104,0.605530221571866,-3.0818260031079,-4.74500859084995,0.605529716333621,-3.0400505713798,-4.7406976117905,-5.33910294221381,-5.31987996096587,0.122201254819804,0.167147297225904,0.605530504582203,-3.10934597024775,-4.74784366034673,5f2352b4912f8710d7e186c8_day1_block1
183,d1r2,0.553474515963332,-1.93139712801414,-2.63623080525032,0.558366362792019,-1.97924349362441,-2.14513264720607,0.536012862058,-1.86509398562529,-2.15067504506723,-5.48413745563636,-5.43746786314459,-1.77250394078665,-1.56410682194521,0.544217184739105,-1.71209369597081,-2.18145506945397,5f2352b4912f8710d7e186c8_day1_block2
183,d2r1,0.561324029193866,-2.04000630349615,-3.39471032245869,0.527726254806306,-1.64625592595305,-2.61506344568494,0.519927310100604,-1.70291698473991,-2.55203154424084,-4.21310855031942,-4.27155319710927,-1.01080862468307,-0.951263007246465,0.525409354259222,-1.69149294427322,-2.70237285503867,5f2352b4912f8710d7e186c8_day2_block1
183,d2r2,0.598676106400994,-1.95903629399924,-4.19380838135845,0.604935864708569,-1.7378534499891,-4.71009130183203,0.605073366110157,-1.80261525174189,-4.70977819423232,-5.2742127965419,-5.25657263038607,0.570373930478137,0.530698561385898,0.604991904756302,-0.912886694698149,-4.71642534469335,5f2352b4912f8710d7e186c8_day2_block2
184,d1r1,0.630495463207502,-0.685042644413011,-2.83257746083337,0.546108387535816,-0.478058334986427,-2.44110994760337,0.55450751114752,-0.424039309205055,-2.67341416417437,-5.07374877546701,-5.02658866657856,-4.3604499377545,-4.23455855568705,0.566890947328676,-0.489577185273982,-2.58764718880489,5f23cda9d12b451b7da3e09d_day1_block1
184,d1r2,0.48907396573489,-1.40872847830091,-2.88767323097161,0.454101169506197,-1.37379854854182,-3.20876446811995,0.452246390923471,-1.40181229621987,-2.95531696151182,-0.0818715067648693,-0.108345942585857,-4.35097421673682,-4.3398458683024,0.457763676403508,-1.31136661167303,-3.47958240976557,5f23cda9d12b451b7da3e09d_day1_block2
184,d2r1,0.577242440922315,-1.56670231360339,-2.59113205977389,0.56585738651708,-1.52241002353607,-2.89010857890428,0.561858222426875,-1.65645756212828,-2.55108511558105,-4.08275343281068,-4.24478234231143,-1.10923016666301,-1.07805843966206,0.542623655028453,-1.30170024605967,-2.99938707558661,5f23cda9d12b451b7da3e09d_day2_block1
184,d2r2,0.552054951912017,-1.24431072233751,-3.2708864553516,0.507517665040275,-1.12599908114247,-2.38948951077513,0.481938590044624,-1.0805754338914,-2.3026606728357,-4.91941679034941,-4.70467651923918,-3.93181666943937,-3.75411129387646,0.52171849129834,-1.16092389563009,-2.47066632243893,5f23cda9d12b451b7da3e09d_day2_block2
185,d1r1,0.681000373003729,-1.16542027115304,-3.52299609045523,0.712432139864343,-0.842833809409099,-3.75816606658216,0.699481417746828,-1.11814158494463,-3.73575427748898,-4.79879492127076,-4.8443697763123,-2.98614581425718,-3.09644563790007,0.7384092920036,-0.387917548572527,-3.46209680946342,5f25bd8a33e9fd0ad8fce3d4_day1_block1
185,d1r2,0.739494382287512,-1.45575625718712,-2.61609746015464,0.810204054256375,-1.11145784445361,-2.20642392903505,0.811769874624013,-1.34809671267315,-2.05026204896043,-3.64483155799803,-3.42038713989875,-2.617752717667,-3.13212661032347,0.81189248993196,-0.778031769972192,-2.45205452349129,5f25bd8a33e9fd0ad8fce3d4_day1_block2
185,d2r1,0.609861100944248,-1.03508832799138,-2.59452007117104,0.710865100973124,-0.928935988160207,-2.24378138520294,0.692174805023075,-0.983866816608603,-2.36210840822749,-5.3198401991015,-5.35641942045133,-4.5355805022476,-4.49821464771712,0.766037565141547,-1.00036537531415,-1.73443561122289,5f25bd8a33e9fd0ad8fce3d4_day2_block1
185,d2r2,0.682916264187541,-1.08918824282692,-2.4299929608865,0.699601658921292,-1.25084800584736,-1.51709217662721,0.641801467853256,-1.30524479648768,-1.47581740749371,-5.50542521252438,-5.43157393009117,-4.30177005145649,-4.18152468849143,0.697860902385531,-1.26236387108105,-1.5590875458198,5f25bd8a33e9fd0ad8fce3d4_day2_block2
186,d1r1,0.530430222474011,-0.77220700201808,-2.70276853201743,0.562306249519949,-0.757480058087552,-4.2876525795393,0.531124063114826,-0.53164825871977,-3.83846574018915,-5.00587832102959,-4.87120697070864,0.158254269483217,-1.38075088798928,0.540768566234335,-0.433133570373755,-4.18149409499481,5f285902166da3151b01faf2_day1_block1
186,d1r2,0.484130299964966,-0.171111721167008,-3.24557739019185,0.436481565735991,0.14677959528681,-4.22895254063269,0.431899969298516,0.153692586569405,-4.16983926010501,-5.11543989016446,-5.08583625915878,-4.57809451256984,-4.56134321081695,0.451370035815198,0.144943449538323,-4.28634769157262,5f285902166da3151b01faf2_day1_block2
186,d2r1,0.522162565541801,-0.972183369807759,-1.48458118795652,0.540836586503603,-0.810705006577465,-0.689787867950529,0.431491168478005,-0.892671698841712,-0.647296819188928,-5.60902920766107,-5.54843338632361,-4.26763998183187,-4.24037737819091,0.581518813926497,-0.80146475984936,-0.709710477989324,5f285902166da3151b01faf2_day2_block1
186,d2r2,0.541323458898142,-0.556994914430091,-2.88574377538401,0.540437241387098,-0.285296152972842,-3.80809642665463,0.522622517869907,-0.301469550379877,-3.67401140058629,-5.12707475656789,-5.09250719311212,-4.57777804182395,-4.54348971802132,0.52430763825802,-0.209318073808542,-4.07341579613451,5f285902166da3151b01faf2_day2_block2
187,d1r1,0.712924204323735,-0.40629037187756,-2.78400610877583,0.692457310020048,-0.419644124188626,-1.9278409681855,0.63135813537958,-0.451794643873424,-1.96621454456611,-5.0654703210353,-5.07721413408708,-4.31542638729976,-4.26035605565719,0.719675230843551,-0.329814236746944,-2.0237831318396,5f2a94aba340af2e4dab2910_day1_block1
187,d1r2,0.643408385402301,-0.58031889355932,-2.6518819118074,0.624138378458065,-0.990848157289631,-3.38767247220102,0.607633794692589,-1.0490483422203,-3.25996477392274,-2.68659460941025,-2.84731163085274,0.448907344001004,-0.200397184893928,0.649292119354087,-0.855535544722978,-3.08182502184537,5f2a94aba340af2e4dab2910_day1_block2
187,d2r1,0.667040717970384,-0.672329718244189,-3.38756690856067,0.614499694730887,-0.993811742026395,-4.63330454874037,0.614820403211832,-1.01992655672812,-4.62264975323822,-5.22134628648907,-5.20821769821505,2.06503559580203,2.13111248739661,0.627121189876378,-0.741283811617798,-4.48440425322595,5f2a94aba340af2e4dab2910_day2_block1
187,d2r2,0.575115287815537,-1.17926016423197,-3.74307059429102,0.519931582724321,-1.28420231736082,-3.28031180789055,0.511743311175358,-1.29640406793863,-3.24318214300994,-3.67754507730923,-3.70720221298261,-2.30269081714648,-1.8228245944655601,0.530234002577738,-1.31764909141828,-3.66208289352969,5f2a94aba340af2e4dab2910_day2_block2
188,d1r1,0.60221553180975,-1.89962160850959,-4.2765350237782,0.605516749841205,-2.54875822345159,-4.7474211262546,0.605469998119813,-2.45801945148941,-4.7413204567198,-5.34061953380502,-5.31819454985511,0.50298752012983,0.490704982422758,0.605530351040451,-2.7427964260443,-4.75228826498702,5f2c1f30ea187a07509579f2_day1_block1
188,d1r2,0.467177733371725,-1.74594265945721,-4.27888400260254,0.464967422533734,-1.86613400041138,-4.72478760791977,0.46494362250774,-1.85673935089414,-4.72043330390823,-5.315777949674,-5.29520333326705,-4.67122393533165,-4.65734851702183,0.464984886878641,-1.87292426368485,-4.72782721667072,5f2c1f30ea187a07509579f2_day1_block2
188,d2r1,0.462049748737561,-1.77885013667171,-4.05759513005904,0.46541519978852,-1.81094207480843,-4.64051952590227,0.465400771449294,-1.80020801551059,-4.63351828499339,-5.18129502590494,-5.16122872751295,-4.63032430361883,-4.61613897554849,0.465420236570044,-1.81905448764395,-4.64515503496784,5f2c1f30ea187a07509579f2_day2_block1
188,d2r2,0.523525572953807,-1.63922578065595,-4.0422432583742,0.530409391122288,-1.74155156325677,-4.54920473632533,0.530120732624902,-1.73280874571568,-4.52835129521119,-5.24645827091072,-5.23115155885896,-4.54852934779929,-4.53266598707162,0.530615905327462,-1.74775702636725,-4.56395673370249,5f2c1f30ea187a07509579f2_day2_block2
189,d1r1,0.555551015249092,-1.25192728910563,-3.78073893365933,0.511707145184064,-1.27876681700425,-3.36467401633851,0.502178999422161,-1.10122553546334,-3.32918069892629,-5.14191314432555,-5.03638733900034,-1.74311653296967,-2.12845898932789,0.515829208328411,-1.44799546113239,-3.58610550542467,5f2c7d1842bb7516c964eb96_day1_block1
189,d1r2,0.528291443095488,-1.2193607758083,-3.14498663666142,0.385138914368613,-1.18334132724127,-0.906001166163592,0.333819436555465,-1.10232464459872,-1.22862213496826,-2.12598019757005,-2.48608384436391,-3.1615238436084,-2.50356773879957,0.490169915182722,-1.34088650100399,-1.12390644456807,5f2c7d1842bb7516c964eb96_day1_block2
189,d2r1,0.482802146384745,-1.24241023527177,-2.62684581897426,0.36469046621798,-1.24175109172104,-1.42835326705039,0.365025155003131,-1.16279275090188,-1.90425632822667,-5.59977026366733,-5.44236511995563,-4.38787916823602,-4.38604007222534,0.449159153931718,-1.29075818964565,-1.38303724647385,5f2c7d1842bb7516c964eb96_day2_block1
190,d1r1,0.636142007716982,-0.597685232233786,-3.47957379084619,0.623857021932282,-0.768301386977774,-4.49141351223908,0.616031944908437,-0.863219998916874,-4.50063054370171,-5.18729071030378,-5.1745689753442,-0.319560940910832,0.432804019745803,0.63641240811493,-0.610339076265078,-4.47363634671609,5f2d69e6bbc85f01298fbcb0_day1_block1
190,d1r2,0.631774070589231,-1.42129549134924,-1.41249620443561,0.631693390388748,-1.19590577164831,-2.2386685093945,0.624987349827997,-1.32949160937478,-1.89075670438265,-3.06022724665759,-3.58253722608918,-3.7826855549473,-3.83281240437267,0.645102296177353,-1.16061540325053,-2.47544219258833,5f2d69e6bbc85f01298fbcb0_day1_block2
190,d2r1,0.756246138373245,-0.89776831538421,-3.71126875934657,0.736728900642755,-0.849783801417504,-4.11517161035265,0.751363447809656,-0.81471589532626,-4.26840918309873,-4.99755144153147,-5.0600422941414704,-4.3758087052003,-4.44901689463082,0.729586465149096,-0.928646501625797,-4.06622867858133,5f2d69e6bbc85f01298fbcb0_day2_block1
190,d2r2,0.75615588075366,-1.09167654010163,-2.20378142112425,0.727660564918536,-1.13766004972254,-1.55562121516141,0.691826550692676,-1.11844984146793,-1.56872336881429,-5.61543643309344,-5.5674728120809,-4.46642537628167,-4.45055408373039,0.693700356493208,-1.08477804716545,-1.56990012373396,5f2d69e6bbc85f01298fbcb0_day2_block2
191,d1r1,0.598241799707075,-1.42624283294779,-2.85602710961857,0.511432373551563,-1.75805803766704,-2.12790639766904,0.527988925189928,-1.76756732694573,-2.15240329293946,-4.93578623809408,-5.13483622609563,-1.90005173565843,-1.58518394330297,0.510375342217458,-1.78233079731247,-2.23838157258316,5f2e0553d21e3216a80457b2_day1_block1
191,d1r2,0.499176379385113,-2.179413047653,-2.37467154074057,0.426028039572648,-2.25258434317088,-2.00309718177201,0.461669562434146,-2.07290370869593,-2.02130179200674,-5.94124269552682,-5.88326247626618,-2.76592760046707,-2.74249402653166,0.470524404858982,-2.00629136718576,-1.99291954961034,5f2e0553d21e3216a80457b2_day1_block2
191,d2r1,0.486289940909994,-1.72330474495309,-2.53781069797119,0.432197591542462,-1.60134685203054,-1.78326144325805,0.4159278015153,-1.72234849906819,-1.76905368956885,-5.43123024800774,-5.38710269023909,-3.82971812442973,-3.92495235453829,0.417333077568391,-1.4461963864425,-1.88533092163726,5f2e0553d21e3216a80457b2_day2_block1
191,d2r2,0.627725401556722,-1.65157599450951,-2.8250901336277,0.673424014905579,-1.84590835993327,-3.92251040169235,0.674651991478537,-1.86012086512283,-3.74309578220164,-0.928278453551014,-1.10156975766439,-4.55712941977818,-4.52347207851093,0.673785335836653,-1.86219896629722,-4.02433900689694,5f2e0553d21e3216a80457b2_day2_block2
192,d1r1,0.658652005241465,-0.730642550637066,-3.51901451854197,0.606098850960977,-1.25546151089465,-4.65526040156583,0.617051864674111,-1.05327823042188,-4.53854160891016,-5.17533111208531,-5.13587087506466,2.61947163051824,1.5200973091136,0.605082518604091,-1.08844817459569,-4.66094979709643,5f2e22b0d49b95188fd9b5a3_day1_block1
192,d1r2,0.504614794423982,-1.4370257094666,-2.99614600005604,0.489526755230507,-1.49176111410054,-3.75478030440104,0.499569226946275,-1.52877389710008,-3.77472486441938,-0.236597176330434,-0.333340246681554,-4.34711640948805,-4.22294424455458,0.509478549843069,-1.45870985399147,-3.8105903398848,5f2e22b0d49b95188fd9b5a3_day1_block2
192,d2r1,0.584356645161434,-1.45486235834546,-2.94981220263217,0.522700883088254,-1.53228410722628,-2.0517283505712,0.535986864094353,-1.36095353474437,-2.48864145213293,-5.62570897656937,-5.52451621447811,-0.769984606088264,-0.370622755760576,0.52819233293662,-1.46397204092286,-2.10255502577742,5f2e22b0d49b95188fd9b5a3_day2_block1
192,d2r2,0.604244318270044,-1.92222312779766,-4.24281824766259,0.600272431068714,-1.62941055771176,-4.56094400684967,0.602005387577774,-1.45459844672483,-4.61387331778541,-5.11425547667303,-5.1529552263536,0.323920398843212,0.336602951221177,0.605240673167249,-2.60493539065923,-4.70861549821925,5f2e22b0d49b95188fd9b5a3_day2_block2
193,d1r1,0.493831150424999,-1.807364914438,-2.22761175173183,0.505863146366472,-1.69975974152607,-1.61088987927815,0.463790476882414,-1.89761169817025,-1.60566252602702,-5.8695432774622,-5.88850539968168,-3.42051453168911,-3.60451983519417,0.513464735549738,-1.48937887304327,-1.66636494224388,5f2e72ed16a1ff1e83d98d1b_day1_block1
193,d1r2,0.484169922239401,-1.5827650697075,-2.88950761411249,0.580207862042217,-1.44352674886336,-2.89506897791952,0.543912407649303,-1.45478911004226,-2.59219035324677,0.395168507628388,0.266329992184203,1.58375070297201,1.39530736573968,0.530324184583743,-1.18885040072794,-2.1574368983994,5f2e72ed16a1ff1e83d98d1b_day1_block2
193,d2r1,0.522967599078247,-1.13895723299687,-3.65799465144386,0.481154038693224,-0.975049433837597,-3.51279257263636,0.492543175578179,-0.972523334504723,-3.72507549544621,-4.70703611694116,-4.83933463417477,-4.4842728699786,-4.43595639853998,0.478625560861638,-0.970554417144622,-3.58029935782083,5f2e72ed16a1ff1e83d98d1b_day2_block1
193,d2r2,0.533550869963751,-1.15957867136602,-3.81796733656086,0.530861089688022,-0.925405551073431,-4.52424650697084,0.53001873578982,-0.926817952328251,-4.42944678006037,-5.21478608272106,-5.15178407940022,-4.55633588225016,-4.43916452425792,0.529582491781224,-0.910561114659417,-4.53878087090469,5f2e72ed16a1ff1e83d98d1b_day2_block2
194,d1r1,0.520874315877233,-1.23258757463128,-3.1077347874886,0.400604459907659,-1.60297267927751,-2.68707650258808,0.406251676489627,-1.36476576835102,-2.35960999567726,-3.21822748435427,-4.09832656132135,-0.772364992178472,-2.43085441195729,0.418437578517595,-1.21078612705968,-2.89276344999007,5f2ec675dc868c27396af845_day1_block1
194,d1r2,0.389753306067879,-1.87604461157352,-2.17702792855371,0.449314466419997,-1.45491810820555,-2.4654715630358,0.426783186047562,-1.99345365858373,-2.41854757819971,-3.71947964999706,-4.16513112040132,-0.106738287913043,-0.459849786961652,0.486269808784161,-1.15768851493495,-2.1134852707403,5f2ec675dc868c27396af845_day1_block2
194,d2r1,0.526820150300538,-1.45938737691084,-2.29726306319041,0.474706324293227,-1.30471573748142,-1.88895905745125,0.463466524073229,-1.32693235181305,-1.84132838997272,-5.63099092348433,-5.66289948918536,-4.40049028441732,-4.34302002305294,0.503732430830402,-1.26460848916105,-2.00300706507798,5f2ec675dc868c27396af845_day2_block1
194,d2r2,0.535614698014452,-1.34939783779602,-2.42343109765215,0.387836925655294,-1.49666402446087,-1.51040732848472,0.34891578469182,-1.50557030485164,-1.50875399121568,-5.86202828851168,-5.81882961275473,-4.52034738605159,-4.49632644615512,0.416702341180118,-1.51010777011715,-1.50902066547189,5f2ec675dc868c27396af845_day2_block2
195,d1r1,0.307065739177916,-2.06580884981916,-1.00740977681081,0.363726803479877,-2.70237129455886,0.136703665479991,0.254445434856371,-2.72685093834456,-1.01551944066013,1.70839043707389,1.86074827429901,-4.46956344188501,-4.4355995348782304,0.23829566961731,-2.6570705977032,0.541476752243925,5f3175dfe3807d01460c9eb0_day1_block1
195,d1r2,0.151800325603232,-1.93723898185505,-3.29157022958743,0.106791476211777,-2.5917347654861,-4.5062623801505,0.106723899985587,-2.54194711028599,-4.53912298985712,-4.10501952772733,-4.37843284431862,-1.02040850851788,-0.735845630551361,0.106987628559241,-2.61689554513803,-4.45662367576049,5f3175dfe3807d01460c9eb0_day1_block2
195,d2r1,0.327665761196618,-1.67404405665235,-1.98246343922745,0.246476005335039,-2.31750169312991,-0.960688917951773,0.200459145757094,-2.40134821602757,-1.40475243955958,2.00114902117478,2.21616041634909,-3.87617600453142,-3.91933912623061,0.269631589300368,-1.9772281276347,-0.881587568859118,5f3175dfe3807d01460c9eb0_day2_block1
195,d2r2,0.509901142290574,-1.53990353072166,-3.16590507309618,0.470669465275152,-1.71766134535175,-4.12013731460195,0.469918687115546,-1.70354568374319,-4.04569249943017,0.170336475175488,0.207935952156511,-4.59824459595978,-4.57633664044865,0.471076109212227,-1.7266784819577,-4.16586580289803,5f3175dfe3807d01460c9eb0_day2_block2
196,d1r1,0.694157617551729,-0.0525835232382058,-3.66164024392058,0.685014514172685,0.130708272624083,-4.30890362289878,0.69094912807409,0.111018789847556,-4.27235554186979,-5.13878624772047,-5.08757515497582,-4.30587009060731,-4.15835324275203,0.684537778321203,0.0652941905908106,-4.35962010158479,5f3466e39bf00338f776714b_day1_block1
196,d1r2,0.615670325881283,-0.0564713220946504,-3.49112346154834,0.639532544958645,0.073968459538553,-4.45978431879742,0.633989565192326,0.0519289623252939,-4.43910769767273,-5.17807310281866,-5.15602889717924,-4.55084560346936,-4.52435479550979,0.645421482676927,0.0757069492734149,-4.47432783556849,5f3466e39bf00338f776714b_day1_block2
196,d2r1,0.57766623697689,-0.407601569999692,-3.18525618373852,0.589668393415528,0.159603239818217,-4.30073407882851,0.579628438063703,0.235313745832627,-4.17216559589759,-5.1258258658286,-5.02954660741242,-2.25448240356739,-2.09171449088918,0.603564913064066,-0.0174739221098398,-4.27742859616902,5f3466e39bf00338f776714b_day2_block1
196,d2r2,0.581876378496745,-1.1790568525965,-4.03826497245291,0.605334969539276,-1.14874716054568,-4.71674965957443,0.605488457442637,-1.11297710103814,-4.69527387694529,-5.29069688890849,-5.25111847383696,2.44067087679516,2.42965598306245,0.604590756918084,-1.01136398235102,-4.69565855783569,5f3466e39bf00338f776714b_day2_block2
197,d1r1,0.50016890213286,-1.24308593281904,-3.26803048350074,0.38769709916728,-0.922448337690133,-2.27350679280663,0.406167315515638,-0.945412361945233,-2.54417333112051,-4.74804874346033,-4.71766612543729,-4.05478643168949,-4.04922142122358,0.393618869344819,-0.827050912647857,-2.42376017602603,5f37f709b66267082f6f3992_day1_block1
197,d1r2,0.268635747247106,-1.38315633866226,-2.09801760960423,0.477218783295171,-0.918388974798784,-1.40497253428655,0.423046905482671,-0.990524345582198,-1.40140089442673,-5.20028841797177,-4.30186810668313,-3.73472082235443,-3.61780334807572,0.513160296068111,-0.968459567437726,-1.38883832434979,5f37f709b66267082f6f3992_day1_block2
197,d2r1,0.582125990005867,-1.92900537326496,-2.52802145034548,0.543992276331069,-1.60911487620042,-2.28543168570561,0.534887607145119,-1.52458959654064,-2.24153305483267,-5.18865410039629,-5.24204235609538,-1.32717574887609,-1.22301272902586,0.575301274450647,-1.76549371725199,-2.21989046342064,5f37f709b66267082f6f3992_day2_block1
197,d2r2,0.60784668132697794,-2.07241865603844,-3.77774248773145,0.602375407816724,-2.6245372662036,-4.27117457153796,0.595512863093444,-2.15593411702119,-4.03927577235155,-5.30612833892902,-5.26142161661152,0.0798988243551284,-0.015793824407874,0.605522227492048,-3.02152015496371,-4.46483560258086,5f37f709b66267082f6f3992_day2_block2
198,d1r1,0.32998795216381,-1.37909991930929,-3.82899892763923,0.337900441576125,-1.45429383901396,-4.18776824625653,0.327863058787621,-1.44211791498744,-4.1604599629652,-5.30467643453784,-5.23957754237391,-4.53712706882196,-4.51211316925828,0.330953213109078,-1.42953531832885,-4.33389608504468,5f3be9a124b51d97959c124b_day1_block1
198,d1r2,0.314516385621619,-1.90040526141075,-2.40332685298266,0.339125767983957,-1.97764734068207,-2.09857384243874,0.327474531651029,-2.01791615426239,-2.08259318804096,-5.71329286286862,-5.73964485291354,-4.57799785402595,-4.58333002357163,0.326251815354581,-1.90747960399588,-2.15226000582918,5f3be9a124b51d97959c124b_day1_block2
198,d2r1,0.477970235630769,-1.65719666298214,-2.98846031418557,0.475371287049617,-1.68216469243043,-2.41180301758025,0.462862706148307,-1.69501082262464,-2.34702969057047,-5.43017863836395,-5.40428083106465,-4.51694918628772,-4.39020514965121,0.481244777023049,-1.69968448743215,-2.40288717363911,5f3be9a124b51d97959c124b_day2_block1
198,d2r2,0.54783917747992406,-2.12053809921328,-3.02075286879326,0.482443037844849,-1.6248881852849,-2.27453094384807,0.48990219778428,-1.66449636250657,-2.42605739383851,-5.09276109470165,-4.74272134879365,-1.42398652022424,-1.37807746310515,0.487923502267397,-1.7293190779785,-2.29907419699329,5f3be9a124b51d97959c124b_day2_block2
199,d1r1,0.520999267961242,-1.4870351213614,-4.03017850759919,0.487146474735678,-1.63594001186804,-3.65686789925041,0.508948057057826,-1.61550741409109,-4.09643500090719,-4.97133370243105,-5.09938923967595,-4.53968439750199,-4.52559370856859,0.427684620199079,-1.69824857584652,-2.55720834530783,5f3cf75f2982e903fb34b9f6_day1_block1
199,d1r2,0.158229413340351,-2.60531797559272,-3.75814104722794,0.217149010538373,-2.5137629557488,-4.17978778668981,0.217329316663759,-2.55455126422057,-3.95596742794804,0.16397657628011,0.181176106619295,-4.14244035574836,-4.20210418068602,0.217021869367457,-2.48648568269558,-4.25212930934822,5f3cf75f2982e903fb34b9f6_day1_block2
199,d2r2,0.509658756259602,-1.69427497724455,-3.93313247129496,0.526001806713179,-1.7485563405122,-4.36601390088768,0.509029227718774,-1.76868842892594,-4.27285106862123,-5.07566049255959,-4.85291725498046,-4.58958322321415,-4.54670359682741,0.537394156382163,-1.72163067096739,-4.47733322655228,5f3cf75f2982e903fb34b9f6_day2_block2
200,d1r1,0.63568170076347,-1.92875539114144,-2.14753562205941,0.647501167472172,-2.21077385642543,-1.63230784919898,0.619012628137844,-2.39831134626622,-1.64644713536837,-5.86695752370333,-5.80781303472703,-3.83192352157174,-3.52194632088856,0.686566292135102,-2.137648675742,-1.60472558778677,5f3d063306616cbc9259cd70_day1_block1
200,d1r2,0.493171533977951,-1.97044397456951,-2.68246939672332,0.734726089383412,-1.49651670242451,-1.82521058854336,0.697101660479539,-1.68236376940864,-1.84990037145581,-5.78831900028166,-5.69178896889962,-1.31778800116681,-1.26162646258719,0.777610167162967,-1.61969973552564,-1.77249345926252,5f3d063306616cbc9259cd70_day1_block2
200,d2r1,0.646467339698584,-1.91629185160076,-2.09660389048111,0.679563584544107,-2.03704567916778,-1.72372855892823,0.673970064659673,-2.10491047991178,-1.70230138466748,-5.84886243852268,-5.87656160268569,-4.16653371798629,-3.90034684210819,0.622854070755458,-2.02350126991867,-1.73612867725567,5f3d063306616cbc9259cd70_day2_block1
200,d2r2,0.724293813044483,-1.95383647739075,-3.0648372637121,0.731641228775524,-1.80976608109543,-2.72388406291589,0.724586222591521,-1.88419574521912,-2.70590267476337,-4.10354603007737,-3.83884161147318,-4.29689173403947,-4.40334581024747,0.725421895605956,-1.79437421731175,-2.86041669459967,5f3d063306616cbc9259cd70_day2_block2
201,d1r1,0.518849352588898,-0.27331139571991,-2.84717222124614,0.545023042915875,-0.204926875840926,-2.25249103007554,0.449310954015702,-0.259296492105916,-2.13381074872805,-4.98811413094747,-4.89215048928959,-4.4757158289214,-4.41356590152087,0.56222062205418,-0.174582730254371,-2.40598908550958,5f404cd1b04b671841c8369a_day1_block1
201,d1r2,0.555631619639156,-0.454240421341336,-1.77031293794501,0.556537694283451,-0.312171750658877,-1.49343215331117,0.487820420558845,-0.369736293574239,-1.60735467671922,-4.55730652290234,-4.63302923204567,-4.45347199789945,-4.46474612762326,0.635184545340992,-0.314010237888666,-1.48466432174643,5f404cd1b04b671841c8369a_day1_block2
201,d2r1,0.515709538070972,-1.05742825908949,-2.13015102147764,0.485462237271774,-0.592754800146942,-2.47461166769247,0.461688142649563,-0.704775821046389,-2.22980952762112,-5.2655045972408,-5.32259313643676,-4.49111414078287,-4.34638334853357,0.474268670643727,-0.446521854707553,-3.03312067134288,5f404cd1b04b671841c8369a_day2_block1
201,d2r2,0.457130170801756,-1.21918044197964,-1.6782651422957,0.534992379159699,-1.06433804954926,-0.758760480224565,0.483618882298429,-1.05804211823688,-0.734564312535114,-5.55111438166254,-5.48885560909772,-4.08611979679532,-4.00577986612999,0.468411830946939,-1.02250600396005,-0.790462279152398,5f404cd1b04b671841c8369a_day2_block2
202,d1r1,0.734858521555059,-1.37404028829249,-3.42671972163521,0.654856821024171,-1.19475566652257,-2.7178208907158,0.674235025919563,-1.11295453361313,-2.69953585836513,-3.18400725511001,-3.0264073720396,-2.76187379754552,-2.63790326040166,0.626389962764313,-1.63342043504252,-2.53457664748355,5f4699e88ed08d02e65b2240_day1_block1
202,d1r2,0.721172780336305,-1.11653468556099,-3.74519076721452,0.661216057430752,-1.50556537018344,-2.8759504172882,0.694788764189419,-1.34575055308671,-3.7143507362126,-4.78583900131412,-4.98604188170786,-3.40509415488678,-3.61174628532958,0.642289956878615,-1.41473394900522,-2.43273668826646,5f4699e88ed08d02e65b2240_day1_block2
202,d2r1,0.724837622684641,-1.0766991434561,-2.72656735869386,0.756294522552365,-1.32548243216299,-2.38484255925083,0.718109084280821,-1.3566729015947,-2.70508443616072,-4.38191171010659,-3.87074414497622,-3.51235025516837,-3.45546537267797,0.743644447151852,-1.30012986361925,-2.373623116883,5f4699e88ed08d02e65b2240_day2_block1
202,d2r2,0.636145799951539,-1.40588959629163,-2.13714187726153,0.559803315392199,-1.59511526040669,-1.86088941051475,0.566751250850602,-1.58318874264748,-1.80652427624545,-5.31963891786791,-5.35764401727398,-4.43907414356126,-4.43088944556808,0.539480737566605,-1.57251513515728,-1.94552413147302,5f4699e88ed08d02e65b2240_day2_block2
203,d1r1,0.802250313545493,-1.31003333954969,-4.17123926845737,0.810040088258364,-1.53065245744399,-4.69710760048228,0.81671542172346,-1.35567920001798,-4.68885173653767,-5.29845549413135,-5.27683557344632,-2.93522094549067,-3.52655939925552,0.801006155282101,-1.73153906621665,-4.70326585113621,5f4756db83588013e9e31bfc_day1_block1
203,d1r2,0.776700438743043,-1.59915263025263,-3.42867550566368,0.752297721258079,-1.2543397679293,-3.74112280835093,0.759884999360744,-1.2153831952982,-3.81900070124068,-3.45293675838558,-3.67555105298596,-2.01569605616467,-1.88243560923771,0.721868948991187,-1.65857857437144,-3.15052028162855,5f4756db83588013e9e31bfc_day1_block2
203,d2r1,0.793515690099683,-1.25847092891233,-3.04780589280257,0.782333296050784,-1.42203903581503,-3.74088565591293,0.784336039379184,-1.51314066129999,-3.67123324793254,-3.99777310013942,-4.0697788869003,-1.79866080669536,-1.83541114650581,0.78447583387732,-1.62582283045369,-3.93374611840992,5f4756db83588013e9e31bfc_day2_block1
203,d2r2,0.769294565314943,-1.28696898041455,-3.82446485721437,0.783262833733044,-1.58947153013853,-4.69940617746131,0.783460603950009,-1.55331541969795,-4.67787122362341,-5.27572507490309,-5.26035928930487,-2.1094231258527,-2.37904822097331,0.783471461870157,-1.51091158605481,-4.71323386097822,5f4756db83588013e9e31bfc_day2_block2
204,d1r1,0.553885758908285,-2.23890105951066,-3.68038172144753,0.605498469963794,-3.62518249385455,-3.03959405788507,0.605488989059826,-3.59591499253946,-2.97839056854899,-3.80500261765808,-3.79680660388003,-1.34085596194298,-1.31262231137697,0.605503353174335,-3.63603711840859,-3.07105255277303,5f481a4beae11819b860ae98_day1_block1
204,d1r2,0.598860689617671,-2.6458268569441,-4.2640344484282,0.606268745384699,-2.605987098887,-4.62467938775613,0.605894752916449,-3.04063467797616,-4.61299719384765,-4.89702846289661,-4.80376687533997,-0.501065743033039,-0.60762028998446,0.605531330818513,-2.67002188046674,-4.70266551661973,5f481a4beae11819b860ae98_day1_block2
204,d2r1,0.597485375811652,-2.95455204495958,-4.08048056482445,0.596925129602944,-2.37282203193439,-4.18260875009801,0.601212211089554,-2.99308179103246,-4.26366189097799,-3.9925669137953,-3.76856982663251,-1.06414529778134,-1.27800216406571,0.602016711523848,-1.62511802351799,-4.32329812874437,5f481a4beae11819b860ae98_day2_block1
204,d2r2,0.601968725003846,-3.26085361262018,-4.29911192870672,0.6055026105268,-3.53938344248398,-4.43370048620692,0.605504447356673,-3.51940170913103,-4.46283104875656,-3.5534103393918,-3.91392554551775,-1.90750107090691,-1.62101875984151,0.605501135327351,-3.55215562633148,-4.41105817922175,5f481a4beae11819b860ae98_day2_block2
205,d1r1,0.58466203260937,-1.06773123585476,-3.80808090667457,0.536217596760345,-1.4317645968366,-4.21791564868773,0.534189465046238,-1.3426904402852,-3.97920201194624,-4.90577842256074,-4.8778148791744,-1.80256140805152,-1.92437937984231,0.535415803126856,-1.47133056325301,-4.33879640309527,5f4849b98d15cc2fb3a4d609_day1_block1
205,d1r2,0.55542306498546,-1.33865023265838,-2.22324669252671,0.571572557277842,-1.37733848980352,-2.91718799367544,0.558877293209644,-1.38188972895655,-2.8666276356131,0.212872911819545,0.224069344358401,-4.23622032844544,-4.1622314109643,0.644149600156525,-1.3228952276589,-2.25551704981179,5f4849b98d15cc2fb3a4d609_day1_block2
205,d2r1,0.672863906410414,-1.37680821032089,-3.09867825676067,0.686495701916942,-1.3159977949839201,-2.00374309314567,0.640797623290108,-1.36774273002141,-2.23737469309903,-4.14763164423612,-3.883705418018,-4.46745278886034,-4.48570720894348,0.736200399841258,-1.2688431368227,-1.79584646490693,5f4849b98d15cc2fb3a4d609_day2_block1
205,d2r2,0.681645968176277,-1.3618534633639,-2.46650983649869,0.580739142453083,-2.0151713242374,-2.72249936967931,0.539653931179388,-1.78846017900766,-2.02663989333856,-2.93907820954772,-4.11713052322728,-1.55924397364343,-2.54949341619356,0.605030419728944,-2.95537533226659,-3.82385510823855,5f4849b98d15cc2fb3a4d609_day2_block2
206,d1r1,0.647712909608732,-1.9363457076838,-2.5224289253798,0.613455628596925,-2.86089897734884,-2.53533342494324,0.609436315391499,-3.01037089703745,-2.3189145673111,-4.25445448637103,-4.66421051096246,-0.628610668344371,-0.903651419020573,0.60854439313467,-2.21207959919756,-2.8499855784568,5f4902f4f271be3ec52a6b9e_day1_block1
206,d1r2,0.593377369495041,-2.89019364603209,-3.57607226767738,0.60562902201112,-3.02780522107585,-4.06453159347718,0.612153789711295,-2.75519312512174,-3.87084471078687,-4.61840268761131,-4.13891099321167,-0.511534582000972,-0.710410295938523,0.605512881024173,-3.34334912914181,-4.17458743922203,5f4902f4f271be3ec52a6b9e_day1_block2
206,d2r1,0.658325086575311,-1.93552307392408,-3.21873320869646,0.6169030466762,-3.06088526081856,-2.5929484142668,0.611177979392425,-3.20650790963316,-2.58536357956525,-4.02536329521561,-4.11483207160748,-1.07176250670667,-1.21130351833264,0.60944166960773,-2.25145480256868,-2.41363051562132,5f4902f4f271be3ec52a6b9e_day2_block1
206,d2r2,0.602175646723838,-2.82405442041355,-4.30746260033887,0.605529779178346,-3.24902137962248,-4.71413377928778,0.605345609119619,-2.98796509913038,-4.69393081484135,-5.32420727544909,-5.29277071550179,-0.119346749042252,-0.0950169351487932,0.605530186459519,-3.27901396733781,-4.71776149904146,5f4902f4f271be3ec52a6b9e_day2_block2
207,d1r1,0.442096125300996,-1.25612884170108,-1.12673187691691,0.491858276964375,-1.11344819916079,-0.649149577990231,0.424753153013562,-1.2480856126965,-0.720211509774329,-5.22360836432034,-4.948769068077,-4.11852381091581,-4.06805724831459,0.388586312737885,-0.928725930255211,-0.665047606236846,5f4a9eb861da210d3496cb34_day1_block1
207,d1r2,0.446841678859762,-0.933125461695392,-1.35871820200102,0.562147445057026,-0.805200587314614,-0.982752166114319,0.453527530214899,-0.852310939247752,-1.05526331965479,-5.46264352017936,-5.38140368115156,-4.13612500958081,-4.07233642957774,0.471553347469998,-0.619261790420468,-0.940832256210131,5f4a9eb861da210d3496cb34_day1_block2
207,d2r1,0.452514522043674,-0.758866862646841,-2.43059233170992,0.492788611522076,-0.436129254388073,-3.05275644106054,0.460063709839803,-0.456668546292429,-3.02374748823075,-5.08154777354526,-5.0086438043027,-4.511326317,-4.47878042301386,0.502391027668142,-0.400348145522576,-3.05911686683786,5f4a9eb861da210d3496cb34_day2_block1
207,d2r2,0.463163553287617,-0.246179297858634,-2.87707045848572,0.45778045358724,-0.141836024644909,-3.37898431702692,0.421172283259809,-0.152919194170457,-3.28617756497598,-5.04624348294799,-4.99876362793997,-4.5241249703805,-4.49352409493022,0.44592668516651,-0.0755901779952063,-3.73698580136099,5f4a9eb861da210d3496cb34_day2_block2
208,d1r1,0.56041402918983,-1.106954315837,-2.78747730461269,0.506326830668825,-1.12701146121703,-2.2611701669676,0.503301170650557,-1.11989018155563,-2.27810502639171,-4.75962201294838,-4.79580199968098,-4.10563805810519,-4.05121956420226,0.507134733730331,-1.16479429645304,-2.3612390312656,5f4d07b4fae27694de8f5af1_day1_block1
208,d1r2,0.538911268356274,-1.28492742203038,-4.00076728387996,0.549805506732384,-0.795833482598228,-4.29833329610527,0.540502767284562,-1.02021352728765,-4.35642401761377,-4.93101641066069,-5.05779151771743,-2.89446973719778,-3.55506315292184,0.537839983828546,-0.504629189089205,-4.50610645106386,5f4d07b4fae27694de8f5af1_day1_block2
208,d2r1,0.491696159488818,-1.14538553107948,-2.54336244754797,0.495558012293063,-0.943894452925046,-1.40200848934022,0.44056026803616,-1.18667960715945,-1.56543752466369,-2.28673422190416,-2.14972348807539,-2.51313342808663,-3.03360227719407,0.498642383087606,-0.601715611443407,-2.12328348437771,5f4d07b4fae27694de8f5af1_day2_block1
208,d2r2,0.374305739321175,-1.59412928086412,-1.85337350230163,0.384084807941793,-1.7766381932473,-1.18833805817519,0.376555766812563,-1.75291387026217,-1.2094230429899,-5.76826575947236,-5.6817324348654,-4.36424976621963,-4.33795275930295,0.475138239395423,-1.81651779239063,-1.18135403727544,5f4d07b4fae27694de8f5af1_day2_block2
209,d1r1,0.508744149615075,-1.42352549311781,-2.83832438286641,0.542485650238308,-1.256207712058,-2.13786878791831,0.487799689849868,-1.33338234136107,-1.97226479857495,-4.95225481973287,-4.90230523590571,-3.9706972894683,-4.07038635793042,0.494882397005242,-1.20375056640675,-2.32566420215898,5f4e22f75080c69f541d9500_day1_block1
209,d1r2,0.467364963366877,-1.27108898589829,-2.8881590228886,0.465101370939788,-0.907994003379329,-4.46059566243474,0.46688082229947,-0.91323645247785,-4.25225575619845,-5.08293992756987,-4.97434248089269,-4.13897588125879,-3.98720574027058,0.464492793875753,-0.910371325229471,-4.56654107507057,5f4e22f75080c69f541d9500_day1_block2
209,d2r1,0.483019607867481,-1.41203787412733,-2.21508959663891,0.4802448543275,-0.93129531304779,-3.13862627728695,0.458200581753115,-0.966778487900334,-2.76803862528229,-5.01314355054505,-4.82197227516463,-3.75582310778084,-3.64313567944079,0.493371232887693,-0.985164520143296,-3.23975460684796,5f4e22f75080c69f541d9500_day2_block1
209,d2r2,0.536163722960577,-1.04871373406152,-3.29032413900709,0.528771016045679,-0.866575829514912,-3.50647061883751,0.50813579452251,-0.835794038805681,-3.32295869444098,-5.05330148594754,-4.84796527198318,-4.2687351453773,-4.14379799108956,0.533193879479941,-0.882631232596793,-3.66544125186183,5f4e22f75080c69f541d9500_day2_block2
210,d1r1,0.486315247440766,-0.848405600131547,-2.94815293443657,0.434659860634137,-0.648479398016313,-2.3341690316745898,0.39734688611221,-0.643026706148618,-2.26820087248186,-4.94462930575422,-4.72476444975603,-1.34473445377488,-1.18716273581689,0.452833819053338,-0.67800916057926,-2.60116478305087,5f4e7e78ed2f76062ee49f53_day1_block1
210,d1r2,0.447890312469448,-1.12845437887177,-3.31096395233161,0.492978188763389,-0.991595957510956,-3.93889346903653,0.481589746979987,-0.769497900198303,-3.75400569092062,-3.67473632311133,-3.95640269484897,-2.1495877731488,-1.96355465966697,0.504725675058502,-1.1012454934112,-3.80006281042257,5f4e7e78ed2f76062ee49f53_day1_block2
210,d2r1,0.466928771301449,-1.21092301836858,-4.07869615563132,0.485336338017646,-1.08960469058458,-4.26868290195631,0.474262437750609,-1.00617746474776,-4.38916349759116,-4.76915506615861,-4.92279108315751,-2.51970454289275,-2.33454048303227,0.533071902978238,-1.4691141837086,-3.4463671896178,5f4e7e78ed2f76062ee49f53_day2_block1
210,d2r2,0.529075520810429,-1.29250193070092,-3.61742816621841,0.466277934263819,-1.3458518280904,-2.79969951911067,0.476646524346663,-1.31794870782761,-3.03175228884673,-4.26396801316385,-4.48183285044555,-4.54686041093872,-4.51517258898225,0.47492517237862,-1.37257769578978,-2.87013898945266,5f4e7e78ed2f76062ee49f53_day2_block2
211,d1r1,0.676529189423163,-1.10557428320131,-3.24719699592613,0.649438795851914,-1.02116848387975,-3.28547423184758,0.645875968177658,-1.1093056981998,-3.44575166786516,-4.1164736819291,-3.86899298602578,-3.63211558538357,-3.52652181046315,0.631917560371686,-0.714895800428398,-3.40725353784647,5f4f04a11671f8157c1e4a06_day1_block1
211,d1r2,0.54508886962505,-1.38592656076236,-3.98816400810139,0.599677208063871,-1.18401874244761,-3.13731698205056,0.569671493414977,-1.31115166903933,-3.84799414435183,-3.94059234674807,-4.59411495506202,-3.5766295867858102,-4.03005453251663,0.559923384518128,-1.00053866239321,-3.39359162686527,5f4f04a11671f8157c1e4a06_day1_block2
211,d2r1,0.599025396482869,-1.21093821747366,-3.90178775101128,0.597542939957298,-1.05431886256228,-3.76522131419315,0.586990413442466,-1.12004129041647,-3.91021227001742,-4.4558079236096,-4.61091175929174,-0.0497452265350497,-0.170848452507887,0.60929820673479,-0.985006670568403,-4.3537381636909,5f4f04a11671f8157c1e4a06_day2_block1
211,d2r2,0.60722781200652,-1.24622806101803,-4.22963143623121,0.605168062835825,-1.30295275485632,-4.73130580929856,0.605257767491614,-1.3194594570484,-4.73031362503572,-5.31729220850398,-5.29988526485799,2.1254706634175,2.09620171873197,0.60550598783203,-1.45551034780118,-4.74808059955433,5f4f04a11671f8157c1e4a06_day2_block2
212,d1r1,0.607138851320519,-3.44787759509564,-4.25131101802289,0.651349180299429,-2.59138738728482,-3.0823673187566,0.62843969589913,-3.17545737951012,-3.91399796111712,-3.46946672615207,-4.3935906129519,-2.25722948866556,-3.45897360711805,0.673339083357734,-2.18731002588671,-2.57858466731042,5f5135b9e2b058337c95383f_day1_block1
212,d1r2,0.714775943923352,-1.98965475291201,-3.20084819816262,0.682884292920925,-2.03300712682231,-3.38373195179893,0.684611172282772,-2.03463250240843,-3.27714859945555,-2.48261460173657,-2.6692884132328,-4.6423421604769,-4.62496083317515,0.68163096086105,-2.03154211105411,-3.46736314938124,5f5135b9e2b058337c95383f_day1_block2
213,d1r1,0.433887204629342,-0.797939556286468,-2.3284646896935,0.326588048272121,-0.389105236456471,-1.46844651333548,0.361884011662689,-0.426376006789458,-1.49304657306226,-5.52349812021197,-5.2889542123644,-2.10245530196875,-2.09224290178089,0.411050132632329,-0.55420764974603,-1.53449015018162,5f523e8da6b1d44b4d4caad9_day1_block1
213,d1r2,0.322188834029033,-2.44444104496226,-1.82060512187547,0.466806147926078,-2.03199636679117,-0.114513483054741,0.4031779191878,-2.10820284260511,-0.546017124014057,1.04725961853382,0.992137732082353,-2.98237560202682,-3.17046898497267,0.3578591574912,-1.85226864724759,-1.12463041684715,5f523e8da6b1d44b4d4caad9_day1_block2
213,d2r1,0.334081137062487,-1.29029473050392,-1.52021732833981,0.168741067584446,-0.821446295695636,-1.89445869695153,0.185599894867736,-0.926326844037826,-1.57445771143789,-1.38160295128713,-0.476801493352346,-2.53540569938686,-2.83478202078255,0.184840756401736,-0.900214796250557,-2.10150722094144,5f523e8da6b1d44b4d4caad9_day2_block1
213,d2r2,0.342482272987495,-1.4130953831149,-1.77150754538189,0.233312953025334,-1.67272333609874,-2.83287716254504,0.244087479546085,-1.66233455081849,-2.36128345136983,1.04182072839782,1.37222357988212,-4.27020022169299,-4.25016668846031,0.227914632357127,-1.73940258482533,-3.18170204465582,5f523e8da6b1d44b4d4caad9_day2_block2
214,d1r1,0.513836075307463,-1.26269769533941,-1.34113445489909,0.47825200491553,-0.831909002265995,-0.75348722888031,0.383898622632877,-1.023534677797,-0.901506596054104,-0.219670384104983,1.23088469206809,-3.48320589298513,-3.5283877007507,0.493879819352738,-0.916458545168998,-0.863208448403607,5f526d7f3f09db5102682158_day1_block1
214,d1r2,0.49512663213276,-0.178121957124759,-1.69805276043328,0.29497889360256,0.0941839419771394,-1.18253032127159,0.298870740043351,0.0466403988508184,-1.18006244497627,-4.83975096678958,-4.66462802515646,-4.38649285201309,-4.24301416062568,0.249994221790437,0.170874771537342,-1.34418800108121,5f526d7f3f09db5102682158_day1_block2
214,d2r1,0.586902518133551,-1.1367869101415,-3.740807110347,0.554543127087477,-1.12563679106223,-4.23877905605617,0.576393644029086,-1.12462477066022,-4.3805408605645,-4.11042382453079,-4.54432395519372,3.1293896092826,3.09542979329594,0.554140826472384,-1.05643377209507,-4.10304444797219,5f526d7f3f09db5102682158_day2_block1
214,d2r2,0.509157010828141,-0.831668235986029,-3.5147801534775,0.526571335081938,-0.122134400254601,-3.58673015047722,0.455563253427391,-0.0939660859729895,-3.22854919985494,-4.12332374029821,-3.75264447456328,-1.09429845855791,-1.25963999172305,0.558956272771035,-0.353870947771891,-3.91474736079388,5f526d7f3f09db5102682158_day2_block2
215,d1r1,0.61597116474012,-1.48595722446692,-3.23935298731958,0.461113133435467,-1.60672828770619,-2.6966301008306,0.467501273603872,-1.60629277648219,-2.49403886396143,-3.31084470695141,-3.62521806300575,-4.5713672916153,-4.54824378296372,0.471507020683474,-1.60114520952257,-2.93996476915063,5f52d5904873f25dfe7717bc_day1_block1
215,d1r2,0.185615096356523,-1.81322612763633,-3.28387162132885,0.107254880926373,-2.53114970004632,-4.08893013814059,0.108062785630399,-2.481873935761,-3.95194363749611,0.287747010511656,0.355376543332432,-3.58424500680734,-3.70721422701732,0.106801953064812,-2.5627141970821,-4.16749596570686,5f52d5904873f25dfe7717bc_day1_block2
215,d2r2,0.730666764676805,-2.12263771430225,-3.6051938313246,0.60521440138326,-2.2571627879947,-2.50353941069602,0.622970645700944,-2.1993773732476,-2.1634053435493,-1.75554058797537,-1.47350479588139,-4.49939075488912,-4.5032852859797,0.605327495243796,-2.34721353815154,-2.84487491307148,5f52d5904873f25dfe7717bc_day2_block2
216,d1r1,0.55841548992813,-0.0518594182031437,-3.12629771769968,0.517845841612893,0.329248979229666,-4.04087674073764,0.505403171745543,0.319310125807647,-3.96682086239477,-5.10854853606334,-5.07388764914148,-4.60401507531125,-4.5693200006,0.544490136919786,0.314363692876822,-4.14416874285951,5f54cdbcd2fd0a8484ef4645_day1_block1
216,d1r2,0.610344404883297,-0.122019051940336,-3.00763401149143,0.546188031113216,0.385113620286605,-4.07955195932357,0.533131175545233,0.359029696847156,-3.98267383193338,-5.0549814356428,-5.01365558608294,-4.55997989320078,-4.50988305691433,0.553331211951135,0.382283870333642,-4.17706034622742,5f54cdbcd2fd0a8484ef4645_day1_block2
216,d2r1,0.592350363950433,-0.827236404485746,-1.7356770465889,0.611356993493021,-0.498282476573347,-1.46985261380045,0.539019611352306,-0.585864859952996,-1.57965766032134,-4.35422752911985,-3.9007438193633,-3.29162688665982,-2.9657821495082,0.650746959786234,-0.494980334148545,-1.6836873887973,5f54cdbcd2fd0a8484ef4645_day2_block1
216,d2r2,0.490751729226502,-1.11277416541768,-2.03225010584942,0.536352058848885,-0.978824011743173,-3.97351014018605,0.543555489239857,-1.05426180484833,-3.62405216657693,-2.6789733307477,-3.01994543902729,-3.14888590494766,-3.08893537219135,0.542407456545258,-1.04703189771351,-4.08746169039647,5f54cdbcd2fd0a8484ef4645_day2_block2
217,d1r1,0.607283582302362,-1.10465399162681,-3.72406542720459,0.594598193670012,-1.14231607531671,-4.50784353010264,0.597073887882781,-1.13066063585321,-4.56425004234248,-5.26521326510257,-5.25151865283931,2.25251724039522,2.46216861077088,0.605013246353731,-1.25269980954651,-4.7305154122038,5f5a6b4a291dc612a9ab550c_day1_block1
217,d1r2,0.581327837526304,-1.17715753669152,-4.0611714284854,0.605794355869845,-1.19498701809893,-4.72346138916941,0.602662901809447,-1.21380963902474,-4.65455940599316,-5.29524832552163,-5.18928873942317,2.1194937247346,2.13124661925975,0.605261961000769,-0.888276835774892,-4.73310031589673,5f5a6b4a291dc612a9ab550c_day1_block2
217,d2r1,0.607766270786454,-1.30662504720196,-3.85410812372515,0.605502285007931,-1.34740183807139,-4.72821534677052,0.604322752138112,-1.36338845028098,-4.67229995674265,-5.29642753145475,-5.21933209387632,1.972115206438,1.80782007905505,0.605264225755838,-0.951516172700223,-4.71871714715797,5f5a6b4a291dc612a9ab550c_day2_block1
217,d2r2,0.75892051445003,-1.17707989111326,-3.91498826123847,0.753935640092003,-0.565089769193172,-3.96508483150846,0.767670880370384,-0.976465680590937,-4.28854066205645,-4.38603174703131,-4.75955722034965,-1.38874907785874,-1.45208218747862,0.713043401833121,-0.504204066641624,-3.35190037716251,5f5a6b4a291dc612a9ab550c_day2_block2
218,d1r1,0.513035308378387,-0.694168213411841,-2.35709663731022,0.537689072151258,-1.05520944384956,-3.20903210026216,0.52582889956943,-0.948245274351087,-2.90860653003167,-5.09147057935087,-5.14009575427441,-2.19120453509727,-2.57569576978472,0.560413774207977,-1.34574700826151,-3.37834914164312,5f5aa6d5b8e6411a69e274d5_day1_block1
218,d1r2,0.498819130134519,-1.30902797886918,-1.78494938218765,0.610759763800792,-1.35950838715803,-3.47001062268923,0.57368833892009,-1.26929005320197,-2.86630564629406,-5.21671504926516,-5.30459575437594,-0.518749199285399,-2.00177696360157,0.605255186102901,-1.67355012286181,-4.62358248201051,5f5aa6d5b8e6411a69e274d5_day1_block2
218,d2r1,0.601992204468961,-1.3979939428592,-4.25226620251482,0.605317581085411,-1.48148210938736,-4.7403915627717,0.605268593394456,-1.41474026975683,-4.7352649819066,-5.33485936809608,-5.31360577971861,1.96897942997667,1.95282647332721,0.60552991691317,-1.73768890261198,-4.75260487111563,5f5aa6d5b8e6411a69e274d5_day2_block1
218,d2r2,0.599067957191542,-1.62980497108884,-4.19607985964461,0.605515457244581,-2.3357496194736,-4.73782161196006,0.605334430359916,-2.15778201123674,-4.72065490671501,-5.31679188801034,-5.28258797480721,0.762552866954879,0.79714114727687,0.60552967529652,-2.52157803287667,-4.74418035027301,5f5aa6d5b8e6411a69e274d5_day2_block2
219,d1r1,0.622747037109209,-0.580953315551349,-3.42340145426432,0.586074991658345,-0.555989691950088,-3.96197342740811,0.594167401806973,-0.369281132591802,-3.99185909509283,-4.98691994021389,-4.99335719006001,-2.96569385525847,-3.22759204117902,0.589575596388828,-0.533703999210826,-4.09412299621089,5f5cec0214f722515b99727b_day1_block1
219,d1r2,0.502980994314068,-1.31528769191748,-3.0355377977118,0.519905596839603,-1.10719272836009,-3.97056035671428,0.488315644430489,-1.13638529075037,-3.29333758166561,-3.79352113587464,-3.01656215324167,-1.56291705426325,-2.07868097480009,0.490797800460525,-0.616590046638552,-3.72350747792191,5f5cec0214f722515b99727b_day1_block2
219,d2r1,0.539531044860379,-1.16405869881238,-3.57185382735587,0.53853209268622,-1.44509017186849,-4.38370981069046,0.533738196317202,-1.41500606684009,-4.21633206696803,-4.66590099814773,-4.46238356584549,-1.90727954307373,-2.10233197824155,0.557600836903176,-1.01123271328392,-4.01182495999338,5f5cec0214f722515b99727b_day2_block1
219,d2r2,0.603512344981236,-1.33348880289834,-1.9140555003162,0.605136089099945,-1.15205006135312,-1.34281842698137,0.544729692275866,-1.24653998108522,-1.92553802711718,0.876157712243041,0.726518288111837,-2.31693023869389,-2.35283631656259,0.528506834044624,-0.538850372130446,-1.67505052183373,5f5cec0214f722515b99727b_day2_block2
220,d1r1,0.489777234460151,-1.81139532276032,-4.34567895477299,0.464551836456636,-1.86035492231928,-4.71815576641749,0.464524678062114,-1.86252568659936,-4.70509907574575,-5.3172690495729,-5.29024539755302,-4.65506447414523,-4.64214287852657,0.464627302646099,-1.86880563668739,-4.7217630769081,5f5e7de4c81d3672642cd612_day1_block1
220,d1r2,0.44514426427132,-2.04405133093608,-2.64738314420345,0.494540400698751,-1.89748667333846,-2.41920254763649,0.494531597373634,-1.87715960341445,-2.38147094561632,-4.91523012678882,-4.9772674064459,-2.1696415233036,-1.94972624479879,0.494333373776432,-1.91297004113681,-2.45349527533811,5f5e7de4c81d3672642cd612_day1_block2
220,d2r2,0.626239273742072,-2.61505760197937,-3.09250626537233,0.605481685871906,-3.48272487608764,-2.7612959747677,0.604586967080842,-3.16667902394273,-2.66009338175628,-4.13897757311547,-4.07998353542428,-0.977366254595244,-0.966355542781575,0.605489405179554,-3.53837875510623,-2.83061266203642,5f5e7de4c81d3672642cd612_day2_block2
221,d1r1,0.584899742065269,-0.418137468595119,-3.05954726763439,0.56997100550524,-0.241737913266695,-3.8265330586321,0.549536307189421,-0.22046410760418,-3.66626666053934,-5.1208509147076,-5.07493029831129,-4.51412936523313,-4.52205515532761,0.567246979995742,-0.243578461642856,-3.93988711840458,5f60713e595007000a8e1da7_day1_block1
221,d1r2,0.499134855124057,-1.4622037566245,-2.31001483828196,0.578276994939714,-1.20106011199671,-3.29337997282155,0.557721819180241,-1.11905790739631,-2.96182868472905,-2.61182600843375,-2.48395857801486,1.50139865644905,0.983837850973018,0.591033750863031,-0.976016567436164,-3.26348503427146,5f60713e595007000a8e1da7_day1_block2
221,d2r1,0.556133612849905,-0.674649234521133,-2.88989542445634,0.529073769369021,-0.708935090366306,-3.04668233670524,0.519770268879894,-0.744515115074548,-2.83707255603577,-4.89637738614826,-4.86979328640303,-4.15046720181681,-4.03899979009857,0.554479223948576,-0.806476750032588,-3.04400024382538,5f60713e595007000a8e1da7_day2_block1
221,d2r2,0.670038296241912,-1.25304422280577,-2.91826196674285,0.66975060807775,-1.36008141463094,-4.31144472300689,0.665293107278306,-1.3716923028547,-4.04206989968634,-3.97231966847628,-4.09708066523204,-2.49110586918338,-2.38178933165533,0.667807229428896,-1.32319288256332,-4.36720295264611,5f60713e595007000a8e1da7_day2_block2
222,d1r1,0.46995555655592,-1.09773666307281,-2.13761901279466,0.547107426492526,-1.00671630289286,-1.7127834842404701,0.503008227129295,-1.07599370130533,-1.65937049864637,-5.61006363791858,-5.59606053540947,-4.44278771616754,-4.35780859891403,0.546756677570108,-0.929740918702233,-1.72301875987246,5f60cc0601e46d03dc63417e_day1_block1
222,d1r2,0.414375736645918,-1.56112987829574,-1.78826321655679,0.471615325029193,-1.61403320634955,-2.22685599418739,0.444467946140618,-1.63602462569797,-1.9921144957077,-3.96832751104879,-4.25947446669105,-4.45805076747875,-4.41871592626993,0.441591415105921,-1.5725769792644,-2.54983707019644,5f60cc0601e46d03dc63417e_day1_block2
222,d2r1,0.533950957334139,-1.1189046977929,-3.99638980963067,0.533069417974781,-1.05827278635952,-4.6445805867567,0.533506537451387,-1.06042238970915,-4.62530388721857,-5.252104085515,-5.22109422697757,-4.57430840960162,-4.54680655768736,0.534366914092583,-1.06972423129332,-4.68759701357835,5f60cc0601e46d03dc63417e_day2_block1
222,d2r2,0.565530107547683,-1.21662002406634,-2.56499524851426,0.498045772491035,-1.40505729002309,-3.15070214165248,0.496090893055927,-1.36130286564212,-2.98259796286819,-1.92997589320959,-2.21383917295806,-4.29069216831912,-4.31156132002758,0.511770166311755,-1.40642045057402,-3.02085998483532,5f60cc0601e46d03dc63417e_day2_block2
223,d1r1,0.621707492663133,-2.09486047620428,-3.2071039890159,0.605502823151124,-3.19796214610644,-3.66937595247332,0.604215526011309,-2.91475722162777,-3.54864496959036,-3.99064087813036,-4.03876201181501,-0.0826841194731533,-0.0658257412528521,0.605507602570957,-3.24862676188879,-3.70202740025019,5f6152406f6e560f32b0cfe4_day1_block1
223,d1r2,0.584845035207878,-2.42920534970403,-3.76552150866959,0.605523761572379,-3.03300166057027,-4.64455515272105,0.605521206079471,-2.98356289474181,-4.63090227256285,-4.84801679787718,-4.81615358593992,0.179277027566178,0.225775073421092,0.605525039661786,-3.06168918604268,-4.65241726004541,5f6152406f6e560f32b0cfe4_day1_block2
223,d2r1,0.663764836781291,-1.601328231067,-4.25176275477531,0.671596042305922,-1.68033430581459,-4.7307450657101,0.671521810985896,-1.66326906790239,-4.72079151283161,-5.32379226013996,-5.29831998133201,-4.63134399079851,-4.61306267067424,0.671601716653838,-1.68997211297589,-4.73511271546384,5f6152406f6e560f32b0cfe4_day2_block1
223,d2r2,0.758634985215915,-1.84386515277577,-3.41347076279019,0.765619851204625,-2.10384196273501,-2.11596817176039,0.738312744745625,-2.10306093718684,-2.22786834980988,-4.6553309038004,-4.28366646711351,-4.51328954701091,-4.46007081011545,0.786159148105785,-2.13536999742701,-2.10044700612345,5f6152406f6e560f32b0cfe4_day2_block2
224,d1r1,0.750360959373159,-1.44712717806064,-3.33842905835208,0.753094415465526,-1.49704572564322,-2.05537925698608,0.723057166852326,-1.52551823685964,-2.03346068968372,-5.12869946115189,-5.02068196415883,-4.43311134323814,-4.41498020077233,0.744122984901334,-1.48024987220339,-2.08451364556246,5f6495def933d1021b49e3da_day1_block1
224,d1r2,0.70835031435854,-1.66107951459333,-1.85379666454418,0.76897967303953,-1.87215220208459,-1.72113604860866,0.735506640576487,-1.86562182118656,-1.72389205089457,-5.80491197030193,-5.77783569963736,-4.58800504702714,-4.5676695085381,0.793077065272262,-1.89729274624175,-1.69972807148844,5f6495def933d1021b49e3da_day1_block2
224,d2r1,0.771003946713301,-1.79179470554024,-4.22025512941754,0.783390795855214,-1.48646059143002,-4.73086573355669,0.78294110117131,-1.3598601411612,-4.7002008221519,-5.32712485766125,-5.27879596330794,-1.94333989519036,-1.91527371530425,0.783479303162831,-1.69669292891937,-4.74129275385077,5f6495def933d1021b49e3da_day2_block1
224,d2r2,0.767977264528748,-1.94649354126465,-3.75122940668909,0.784171312865266,-1.84896161687841,-4.1952137047356,0.78078608897489,-1.707359899146,-3.98583034664348,-4.994652845384,-4.80512435727882,-2.5663178571175,-2.63409826521579,0.78408083267282,-1.96326702520305,-4.19527652785903,5f6495def933d1021b49e3da_day2_block2
225,d1r1,0.561060877814426,-0.925509430195175,-3.03444927499306,0.561221307244629,-0.895479801664917,-2.86860427513572,0.527707888082424,-0.786282037465084,-2.80924385111381,-4.74911302784266,-4.57284211896199,-1.18424350019421,-0.995141137173354,0.614147173294871,-0.911589349078766,-3.27907538508939,5f6774b0dba43c372f668320_day1_block1
225,d1r2,0.556066339335061,-1.32815266579962,-3.53852087826222,0.514833207503317,-1.46013374841585,-2.89484517116724,0.498398444143671,-1.38846733886761,-2.81141709701609,-3.43166647670205,-3.44258584072668,-0.179013550312323,-0.0979323803576473,0.515181183471428,-1.57185460152408,-2.99685913450638,5f6774b0dba43c372f668320_day1_block2
225,d2r1,0.599921723376589,-1.29714063688938,-4.30571672084047,0.604466520571983,-1.09205855641366,-4.71031746187909,0.604963429593779,-1.3393349658254,-4.72434687354431,-5.29994186799529,-5.30064454179066,1.84053205332125,1.78926296732719,0.602110111521047,-0.931876800171988,-4.63647879478698,5f6774b0dba43c372f668320_day2_block1
225,d2r2,0.414248429848418,-1.55781595712088,-2.3408300388619,0.428809269293378,-1.85022101644601,-2.72982956794702,0.40547208025229,-1.88393156979608,-2.46640375863888,-2.25937504526824,-1.87390711806907,-1.49546909958833,-1.54201728916375,0.396913478549235,-2.7486230453518,-2.86889197945374,5f6774b0dba43c372f668320_day2_block2
226,d1r1,0.550786927243498,-0.582241904054312,-2.63732824504717,0.601940908719779,-0.252616998607795,-2.75167558671612,0.57682978463897,-0.279025188916041,-2.59099667100623,-5.26895348392186,-5.21863846429346,-4.39735281409846,-4.36226950836634,0.626519644526208,-0.240658588769479,-2.69527146898079,5f68a30f0ddf1a509fd82610_day1_block1
226,d1r2,0.562640062091294,-1.18455848215631,-3.22429830808866,0.653796002828614,-1.21099365271942,-3.19701311309125,0.638644411042421,-1.17539173524343,-3.46498496889046,-1.61930961524939,-2.52464678270149,2.63163679394897,2.75564054722035,0.609369989122572,-1.35100091224086,-3.4449074960057,5f68a30f0ddf1a509fd82610_day1_block2
226,d2r1,0.584148877846113,-1.00248757054893,-3.69842380378519,0.602750206763316,-0.920471719372095,-4.57685172271404,0.597999229880322,-0.945109309093897,-4.36838850793584,-5.21991098128189,-5.02635310813868,1.90383922354464,1.4687637577925,0.600450323239095,-0.812894292946897,-4.62414419320546,5f68a30f0ddf1a509fd82610_day2_block1
226,d2r2,0.597437704045814,-0.631478681399845,-3.20546023148005,0.528645085536196,-0.205140240081953,-3.19587071276829,0.543542648641207,-0.258161091723716,-3.520830498849,-4.78487019751198,-4.84070110441756,-4.01366038604669,-4.18118336944845,0.541994793305197,-0.270597363560197,-3.33150719789552,5f68a30f0ddf1a509fd82610_day2_block2
227,d1r1,0.652640756054985,-1.65790392116566,-2.11622595307921,0.626454173910349,-1.38874366462244,-3.3963845963355,0.616317803190595,-1.63301522923085,-2.98118254735071,-4.34419549299297,-4.31294900640551,0.0434285811422831,-0.438256549412731,0.614365350731366,-1.81338350095415,-3.54717497979198,5f6a03d36e099f033d6a4a50_day1_block1
227,d1r2,0.779375865786951,-1.77296751787943,-1.65657943847107,0.812407504678848,-1.67293023111986,-1.54264843760125,0.797132637569855,-1.72899243500046,-1.46337348782972,-4.18735958235518,-4.0173905201937,-4.43228096843943,-4.41060496268916,0.799265990879966,-1.57514779193023,-1.64373382365808,5f6a03d36e099f033d6a4a50_day1_block2
227,d2r1,0.596568839296452,-1.59945821539061,-1.76602581279984,0.577438068633425,-1.77328538778053,-1.56043495119863,0.597644906101644,-1.6369028147153,-1.50515243657063,-5.24115708271954,-5.04475760328106,-3.69389957168171,-3.74950822296656,0.60204473220875,-2.21113661966954,-1.69570951180334,5f6a03d36e099f033d6a4a50_day2_block1
227,d2r2,0.290971942226733,-1.81581780900838,-2.95631894705277,0.27508812589725,-1.81350150282664,-2.90822300726369,0.281232634911428,-1.84020039655087,-2.50693544993822,-0.916108286142764,-0.900443018418652,-4.34256180667501,-4.36907580835135,0.2755907523047,-1.74951729858485,-3.3225720521082,5f6a03d36e099f033d6a4a50_day2_block2
228,d1r1,0.559917514706425,-0.940516556742069,-1.2569581678417,0.474060685791462,-0.677832735473344,-1.03483927301995,0.405348046784868,-0.759719509184791,-0.908218800815771,-5.48291061285585,-5.46399840408702,-4.3396561231614,-4.23767663767636,0.501412044952852,-0.673880504641283,-1.09759077511037,5f6ce0c2d042a8109ee8355d_day1_block1
228,d1r2,0.491143871027632,-1.18938634831958,-2.84333440312343,0.276315211122898,-0.935875379099167,-1.00898963667138,0.243890194568821,-0.900912897092088,-1.11791347060221,-4.44004144087909,-3.8671233575266,-2.47865123478876,-1.98241233954862,0.411966806719899,-0.946763050597126,-0.839265839587017,5f6ce0c2d042a8109ee8355d_day1_block2
228,d2r1,0.550274804262499,-1.54028630247331,-1.32934766734438,0.360356427344124,-1.54355097048124,-1.16608327291839,0.402223940601422,-1.59356237849579,-1.15628325353865,-5.87313093936125,-5.85631711713286,-4.43855750347536,-4.42545962278917,0.3411510737746,-1.400371346411,-1.2188157208463,5f6ce0c2d042a8109ee8355d_day2_block1
228,d2r2,0.289247203304423,-1.00166598807259,-3.30284819435179,0.40249512738564,-1.06045189659884,-2.78527521083769,0.342660575097907,-0.950145131170356,-3.51564042025674,-2.68889568922208,-3.69492298289481,-3.50652872402239,-3.11358509096414,0.432423637358456,-1.21777023128629,-2.69256150400673,5f6ce0c2d042a8109ee8355d_day2_block2
229,d1r1,0.705511180700276,-1.43890858560101,-1.13823656252729,0.779635386497627,-1.68902043200246,-0.788165240337411,0.719230193955374,-1.6877855243554,-0.773493436350005,-5.95632909209055,-5.95334384572924,-4.45980192822301,-4.43067431055695,0.716914388694727,-1.69227735453557,-0.801420669280276,5f6da4d87c95ff20f96dd632_day1_block1
229,d1r2,0.654767673640423,-1.50743091115347,-1.70418547240176,0.737718726377248,-0.905768021977112,-1.42355687381142,0.658449004686915,-1.04645872159545,-1.44465891243752,-5.53393903577914,-5.57492473642972,-2.63335774900505,-2.99289653646298,0.758361767295249,-0.671463917939499,-1.4285904196513,5f6da4d87c95ff20f96dd632_day1_block2
229,d2r1,0.584982407892997,-1.40167538039209,-1.4955815907429,0.572874870792172,-1.09218651332688,-1.33400873471564,0.534711900359143,-1.12369513345706,-1.32221128467669,-5.59918148944594,-5.51182231306529,-4.14872990643208,-4.12960760955671,0.519395228927307,-0.989129953738938,-1.3540699259631,5f6da4d87c95ff20f96dd632_day2_block1
229,d2r2,0.510353245221274,-1.41613906881655,-1.17511054799631,0.570117263640802,-1.41159944258552,-0.748375479890725,0.446432701866552,-1.46594852156569,-0.747180123758232,-5.94887187561946,-5.94435508165328,-4.30737269594057,-4.31349956504226,0.780734659656592,-1.51699385418359,-0.707983808985444,5f6da4d87c95ff20f96dd632_day2_block2
230,d1r1,0.638869855577552,-1.66932627973321,-3.55229163172793,0.605500675488776,-2.53048396882794,-4.02588281143218,0.602594760596662,-2.22930065039401,-3.83356813255224,-4.34995254631362,-4.43597188258194,0.62482072016107,0.395856993655748,0.605511271338614,-2.66995996533201,-4.0257451677979,5f6f753fb20ea14ee4072f30_day1_block1
230,d1r2,0.512314270897054,-1.93940528819372,-2.52772751101984,0.574929874791717,-1.90080103418185,-2.22069326760381,0.564104699907711,-1.83740675020712,-2.17237763796597,-4.99761511810097,-5.00868095382961,-3.64331715411136,-3.66748720827608,0.601339060336605,-2.36870198865394,-2.02939059499008,5f6f753fb20ea14ee4072f30_day1_block2
230,d2r1,0.669264844117144,-1.75329208929293,-4.36451582684985,0.671327964279207,-1.74693371471843,-4.73712252124174,0.671243040543893,-1.77281206613924,-4.72937594550633,-5.33129802582219,-5.30727366335353,-4.61065942274411,-4.6062081014429,0.671382537067042,-1.73125072115134,-4.74330078447307,5f6f753fb20ea14ee4072f30_day2_block1
230,d2r2,0.651289784431185,-1.72497825983628,-3.25390244964795,0.655403906000707,-2.13436390710901,-2.18103230351589,0.636344199842975,-2.50378275772869,-2.31271587225327,-4.88506378421618,-4.54598979052897,-1.01270955379273,-1.03079940842256,0.680739431668101,-1.91974553952404,-2.06315237123599,5f6f753fb20ea14ee4072f30_day2_block2
231,d1r1,0.659719014920219,-0.98214340156076,-2.69194036408066,0.585546580377028,-0.509564194365474,-1.85358658590495,0.570829806140524,-0.553549021871359,-1.60818064869399,-4.67156168692843,-4.19782266693783,-2.83516163382043,-2.99658905482863,0.557484734707231,-0.260284711676682,-1.88830448671911,5f71f188f1e477097b57b598_day1_block1
231,d1r2,0.618759013752914,-1.37096022106554,-1.0777435339274,0.608099529566304,-1.42892371686713,-0.970231652520421,0.587745393763247,-1.4059772902044,-1.0896348487154,-5.4798497536814,-5.23096201730047,-4.39782116239872,-4.35714027459293,0.615571679823589,-1.42502101313095,-1.03783342438968,5f71f188f1e477097b57b598_day1_block2
231,d2r1,0.540050896136604,-1.90690081033131,-2.470224810911,0.642201858256042,-1.57352250647063,-2.00299067036469,0.641623612194433,-1.64161837980325,-1.99706057157129,-5.81376046635,-5.78944907784952,-2.7155550644567,-2.52381875594254,0.604050929390863,-1.1740646848994,-2.00579563402612,5f71f188f1e477097b57b598_day2_block1
231,d2r2,0.667703189555944,-1.94512646784409,-2.09302605096544,0.571079033631289,-2.31866449353233,-2.02137334233919,0.513948489819041,-1.96148124976923,-1.72695012368183,-0.258591116299854,-0.282735757969514,-1.97064761471574,-1.99665873416838,0.53343957897685,-1.7241072207763,-2.00762963989056,5f71f188f1e477097b57b598_day2_block2
232,d1r1,0.565184521401727,-1.90182359266059,-3.16015921034913,0.558822781881159,-2.11676814779008,-1.8276991047368,0.517732386941495,-1.9654509620763,-1.9050203237941,-5.80339943833093,-5.65171797326252,-2.52176002963868,-2.12830822187261,0.53842377696133,-1.99648142689621,-1.76711042681282,5f7364d0027a91080e7771af_day1_block1
232,d1r2,0.597056181494004,-2.99759149713121,-4.18064171306309,0.605519355585922,-3.6133697221387,-4.5403185935166,0.605518472777454,-3.59780698893295,-4.54576416032672,-3.96618250577159,-4.12523931944738,-1.19038040149955,-1.10807145429544,0.605519809465543,-3.62395198828995,-4.53516687687906,5f7364d0027a91080e7771af_day1_block2
232,d2r1,0.565905445173609,-2.22341655021996,-3.09603122945361,0.604797680496207,-2.74355639070553,-3.20944051422874,0.602568476533061,-2.56469505931089,-3.06727971667486,-3.42171303595093,-3.56628045758394,0.137274090970954,0.00470814794607596,0.605490484088086,-3.0381628425192,-3.27535052899512,5f7364d0027a91080e7771af_day2_block1
232,d2r2,0.44867044468892,-2.15605556226697,-3.22833191934217,0.466887289730832,-1.70882381789838,-3.05083733377694,0.465894143001346,-1.64865799756691,-3.01695466660908,-3.83061199493943,-3.80308824387627,-1.50548594285093,-1.45929443188896,0.460540813726353,-1.59918469384443,-3.04325572175718,5f7364d0027a91080e7771af_day2_block2
233,d1r1,0.548214625995576,-1.37383726880922,-3.71575078488641,0.546228427271006,-1.19833710111806,-4.26996002747748,0.544324916760647,-1.24525777994354,-4.20853877135806,-5.00376342082225,-4.97075240863837,-3.68844524233804,-3.54565987316601,0.555997908295846,-1.28135070482772,-4.12794594454162,5f74f14f724b3414b03d8b34_day1_block1
233,d1r2,0.465267306959634,-1.56530464256833,-3.28850266241766,0.464755471085577,-1.76770975961454,-4.3415664542749,0.468305659342101,-1.78819397632939,-4.27655918892524,-0.297002408034367,-0.292248182517083,-4.53120726275271,-4.48675005711367,0.466423479808609,-1.77420894293092,-4.3983956872546,5f74f14f724b3414b03d8b34_day1_block2
233,d2r1,0.514873137763176,-1.49247910011182,-2.68280832353814,0.463766098719684,-1.42990733787418,-2.48063669106098,0.458146696462396,-1.48630972889957,-2.37816281748422,-4.2193879167336,-4.40417422590539,-4.49358342110339,-4.47167122400477,0.453883613249418,-1.43332440018312,-2.66404600939452,5f74f14f724b3414b03d8b34_day2_block1
233,d2r2,0.559697850479978,-1.76676110178054,-2.30921128139749,0.477408238052217,-1.81170127134507,-2.34061208280314,0.480210957015319,-1.82824180083331,-2.20986612830684,-4.78130120402248,-5.04311337540989,-4.41310564442209,-4.31683763295071,0.482161400817453,-1.82341569419167,-2.41516464223462,5f74f14f724b3414b03d8b34_day2_block2
234,d1r1,0.587750640456076,-0.12420231894822,-2.43407867967256,0.5996258660513,0.443262876300136,-4.12891513613578,0.586737897589751,0.45274929839605,-4.03652914798443,-5.07591058748897,-5.00482881383173,-4.62302446840142,-4.60738409051553,0.619146783132828,0.433591332793702,-4.13607083108783,5f7b40dfe5a7dd0b4c02d611_day1_block1
234,d1r2,0.612743762737971,-1.13344190136689,-1.80010074398917,0.570214631266833,-1.29711620994597,-2.08257096311518,0.571077992226912,-1.54263222174583,-1.67221537521803,-0.193358728636566,1.18084495028908,-3.1176032278742,-3.63760166262676,0.590715399863268,-1.78544918193268,-2.33716018853582,5f7b40dfe5a7dd0b4c02d611_day1_block2
234,d2r1,0.682874917133908,-0.610533714561004,-2.52604402384384,0.645652194804591,-0.57139302452307,-2.83864280349197,0.63408093732639,-0.671892853946214,-2.78417750746209,-2.71472403988545,-2.92850690843186,-2.96662502869426,-2.7652833524822,0.628435044029896,-0.385844661932526,-2.96412762380836,5f7b40dfe5a7dd0b4c02d611_day2_block1
234,d2r2,0.210689139529633,-1.12075038974545,-2.46794954380549,0.168374990709253,-1.43151224729911,-1.89390084093971,0.216881546236324,-1.32878136218029,-1.32627954954231,0.323560522677368,-0.0615270282968335,-2.64226767605902,-2.67852334266356,0.144061434901583,-0.99386298160357,-2.36059476332072,5f7b40dfe5a7dd0b4c02d611_day2_block2
235,d1r1,0.601264406339799,-1.49720382914102,-4.37283895343285,0.605110139595508,-1.22035764045774,-4.72125423686283,0.605221590551049,-1.33991415872125,-4.7211268230415,-5.31277736352571,-5.29763911613389,1.35287707723111,1.32395492327877,0.604676068145616,-0.761234558033199,-4.7258815284146,5f7dacf490ed75077772ac5b_day1_block1
235,d1r2,0.578427888110488,-1.34269024405235,-2.99332150821223,0.586440763667285,-1.09153293670218,-2.46897165733219,0.545723410542168,-1.25252646679787,-2.1614608978449,-5.20658041657711,-5.32186032782502,-2.84165479831237,-3.26316143385311,0.606540444250489,-1.18953692225105,-2.8896645934165,5f7dacf490ed75077772ac5b_day1_block2
235,d2r1,0.563697422356507,-1.28583988866749,-3.8316159683521,0.538368227922572,-1.13299595938315,-4.33571763152271,0.514312109643473,-1.29772775684368,-3.76758681010467,-5.09662558530768,-3.65471858556275,-3.96089681122493,-1.78702621675543,0.535104352838167,-1.13340917444072,-4.54675572336913,5f7dacf490ed75077772ac5b_day2_block1
235,d2r2,0.423266336966579,-1.8547968367235,-2.32742481187488,0.472815797635304,-2.05183870759587,-1.64529269506016,0.457249691708353,-2.03935972253133,-1.92115351082534,-5.95483749920242,-5.88113773363264,-4.33638637224257,-3.82430120547983,0.415909515540085,-2.03866490358005,-1.63529029432412,5f7dacf490ed75077772ac5b_day2_block2
236,d1r1,0.655110818545347,-1.37291512472319,-3.84641105197135,0.673341834437407,-0.951175236102847,-4.54620763121187,0.676121432248254,-1.02957647819441,-4.4105978864892,-5.22135651704172,-5.14871278834272,-3.72341154932721,-3.90663508716258,0.672053793879084,-0.923404412507513,-4.59949536851457,5f7ddfc6f3a49f0175d66166_day1_block1
236,d1r2,0.586461948347484,-1.20526759179296,-4.02660151097327,0.60548615443091,-1.33494319361003,-4.74453225551514,0.605508446325981,-1.3426275208122,-4.74069885107109,-5.3263183666044,-5.30564612764221,2.37612399318027,2.52134008381265,0.605528939247345,-1.40578239575138,-4.75008360940838,5f7ddfc6f3a49f0175d66166_day1_block2
236,d2r1,0.675653085052475,-1.18955805002934,-3.51454691066198,0.663608500254622,-1.08502314659962,-4.07562465579455,0.662045351242579,-1.15520344327619,-4.0589561528305,-4.9270013358709,-4.85902149316595,-3.10692443305549,-2.90840619808093,0.665442238011139,-1.12405793472027,-4.17812463651003,5f7ddfc6f3a49f0175d66166_day2_block1
236,d2r2,0.723230270850297,-1.02743700962901,-2.95025160120384,0.695951073749546,-1.23583087087007,-2.07986282766419,0.669794734990363,-1.21079483592646,-2.1479056983021,-5.13686296731407,-5.10326130007905,-3.68357285296251,-3.65461096285925,0.71607169074894494,-1.17841470337937,-2.16734394867772,5f7ddfc6f3a49f0175d66166_day2_block2
237,d1r1,0.495005523667657,-1.82652979174047,-4.34914047377907,0.465176994012674,-1.90908166073625,-4.71056845924064,0.479023199404244,-1.91573981075638,-4.70319105612616,-5.31258922444319,-5.29014224030191,-4.68061840464004,-4.66994096377346,0.465206775141307,-1.91339222377589,-4.71574606958742,5f7f898f7688891412552a2a_day1_block1
238,d1r1,0.616945093217796,-2.16091646778685,-3.14247680837848,0.603533891931881,-2.34820391468593,-3.75024392618332,0.599766528316946,-2.2820099216404,-3.53398723824467,-4.08665828029226,-4.16290767100917,0.282687369631788,0.1790742366051,0.605372041146286,-2.62127139456745,-3.90710459354679,5f80341cccd27c01be897e4c_day1_block1
238,d1r2,0.593651801156172,-2.2493121998703,-4.19768564507041,0.55000477021685,-1.24401934104248,-3.25751402362975,0.576784005515881,-1.3966994994453,-3.96320463222718,-4.33348197708046,-4.78452669537643,-0.100038017517183,0.119254437352669,0.521193122705619,-1.61247738709967,-2.57882224528349,5f80341cccd27c01be897e4c_day1_block2
238,d2r1,0.643738284233756,-2.17860764269306,-3.34342521388719,0.605506151706479,-3.42403926243813,-2.27577884855736,0.612005782789862,-3.05315980667083,-2.20935413178066,-5.16015101286172,-5.09114081836635,-1.24030594464513,-1.46051739434031,0.605513567362191,-3.52275247845088,-2.32730965129226,5f80341cccd27c01be897e4c_day2_block1
238,d2r2,0.603975539288502,-2.47644025773947,-4.11351386978249,0.605527070301145,-3.22802749352963,-4.59860782196198,0.601809324045175,-2.74635087183273,-4.45941019410407,-5.23358379126839,-5.12204052916365,-0.128807378762672,-0.151343942635765,0.605528521452897,-3.27296069228381,-4.60737936062651,5f80341cccd27c01be897e4c_day2_block2
239,d1r1,0.564495939479883,-1.00274330321421,-2.13157458501582,0.538707061460841,-0.802985126517772,-3.22452362599282,0.542151385817044,-0.864427430333088,-2.80840354603416,-3.26758956993229,-3.72852530145657,-3.69398357247526,-3.66601537461655,0.521018023701264,-0.763476549957313,-3.47872983000404,5f808f64cf86c60d229cc92c_day1_block1
239,d1r2,0.53380784797121,-1.66286125871891,-0.913913132411609,0.542502133113039,-1.69969801255346,-0.756326369821998,0.581726214482959,-1.77244852922902,-0.763176971235913,-5.93938356386908,-5.9326747666854,-4.33037606355324,-4.37017673136267,0.426656277404519,-1.64684353768355,-0.767171154320394,5f808f64cf86c60d229cc92c_day1_block2
239,d2r1,0.576053081721977,-1.16096257270322,-3.02769107107371,0.548686849326585,-1.16634284579398,-2.61888005876768,0.54818307381848,-1.17602789161928,-2.51230856557701,-4.62015047901497,-4.80800734072582,-4.23222991043926,-4.25128555671528,0.544754750959013,-1.16775265556412,-2.72941785401763,5f808f64cf86c60d229cc92c_day2_block1
239,d2r2,0.733298021147435,-1.49176904059351,-1.69172333065042,0.684988221596124,-1.48223152934902,-1.27214585041922,0.70352938513652,-1.54999390584289,-1.22207376524274,-5.64735359207532,-5.5942663608242,-4.26584618679461,-4.27796658353213,0.662067733383932,-1.32649194893024,-1.38123681259279,5f808f64cf86c60d229cc92c_day2_block2
240,d1r1,0.664813091218109,-1.05261015871854,-2.65850104433442,0.664635412135269,-1.18776906071791,-2.05130203574009,0.637034154666622,-1.18503125592051,-1.96949760684638,-5.52283128579569,-5.48880022295028,-4.44256231426901,-4.41285005892801,0.726022335248966,-1.17128727338155,-2.0448752036465,5f8310cc97a96f4484b0dbdc_day1_block1
240,d1r2,0.616381743814678,-1.33277566969969,-4.20966228620191,0.605797184041241,-1.40726309304969,-4.7334103956323,0.60582879751636,-1.38008845436044,-4.72603705723303,-5.31532038908301,-5.2925277576512,1.59702237261022,1.80938349410024,0.606573577777395,-0.666327732435007,-4.7112262316187,5f8310cc97a96f4484b0dbdc_day1_block2
240,d2r1,0.699385175547535,-1.68130889652731,-2.38607967569072,0.726252942221532,-1.55696437599426,-2.13486494690243,0.729604127951243,-1.57638070492326,-2.02885220045299,-5.18570767387717,-5.32525890932206,-4.30080091205332,-4.19901300456883,0.717106908468972,-1.54662495878286,-2.24053853442156,5f8310cc97a96f4484b0dbdc_day2_block1
240,d2r2,0.708703416928199,-1.49780889902901,-3.63947340895111,0.717820159981651,-1.50286194377241,-3.8290941733302,0.722278510212089,-1.5143602253685,-4.02826062974993,-5.16061542801745,-5.10584004393109,-4.52068098687028,-4.48301577312649,0.74105188871623,-1.42943859429902,-4.11020434557154,5f8310cc97a96f4484b0dbdc_day2_block2
241,d1r1,0.641918185394809,-1.9220295385099,-3.727656050869,0.520336896921827,-2.09109499821408,-2.15981485251362,0.55685180857152194,-2.18928419499135,-2.36427893268017,-3.88776548549682,-3.69056475408189,-4.5271999861814,-4.2760676994394,0.516377573170464,-2.07266721439154,-2.29843234725394,5f858743256d25036d9fa693_day1_block1
241,d1r2,0.467180910393713,-2.01614999734885,-2.98105007632615,0.485809917039545,-1.89695759375731,-3.14475056663522,0.477242002018318,-1.8916273439348,-3.21701906106706,-4.18176327135713,-4.10731256745069,-4.35003267180913,-4.27080356049924,0.545560777754218,-1.8677181632988,-2.29790727861483,5f858743256d25036d9fa693_day1_block2
241,d2r1,0.658393408616736,-1.97847273928645,-3.96924143857826,0.605449868598242,-2.79917251425281,-2.83541942807239,0.616205992340221,-2.40805814028906,-3.04580726177248,-3.72586773704805,-3.83516521696903,-2.96554892123655,-3.71550360790368,0.605494666704872,-3.2928551517569,-2.8989635186276,5f858743256d25036d9fa693_day2_block1
241,d2r2,0.631225714960603,-2.54511798833621,-2.74905918798795,0.605512647273227,-3.6067845256806,-2.38786084415468,0.605509834514914,-3.57592594530261,-2.31498713095309,-4.91567098734298,-5.10795648329509,-1.2802398585749,-1.2311107421841,0.605513984170872,-3.62061998305652,-2.46492513690525,5f858743256d25036d9fa693_day2_block2
242,d1r1,0.580860980969748,-1.45317120322297,-2.81804790837455,0.583502462539824,-1.4977547311477,-2.84662818145768,0.557699567563672,-1.4163833543594,-3.04564438433255,-1.62101878641956,-1.4551332802892,-3.28568113254085,-3.33702389907625,0.596834265193926,-2.00161431309768,-2.6420606558277,5f8779040a35111a5af9e878_day1_block1
242,d1r2,0.638626857440101,-0.878108348187184,-2.50221164820247,0.570005594219269,-0.572391375519896,-0.699252606188189,0.422438155170811,-0.611095146113028,-0.627427650338861,-2.43868641718987,-2.45022189732206,-3.18961789194854,-3.37275054611203,0.669573084081202,-0.828650822908489,-1.21655647820686,5f8779040a35111a5af9e878_day1_block2
242,d2r1,0.602441619321614,-1.54823838178567,-4.38465720981354,0.605968446541397,-1.18304030852442,-4.72329673076434,0.60569234315834,-1.25747580987254,-4.72328582714807,-5.31905798963568,-5.30418224765922,2.14405989874694,2.04672681804139,0.605622780625018,-1.45371940898202,-4.74199555204776,5f8779040a35111a5af9e878_day2_block1
242,d2r2,0.641913840156228,-1.13456843855606,-2.65573492210084,0.694120368880799,-1.34048511809554,-2.26577693008255,0.6822361954463,-1.36740134063898,-2.3034285556629,-4.75134497792079,-4.55703444190894,-3.68889724782846,-3.64256643224631,0.712322407859245,-1.25790781545092,-2.21668422109638,5f8779040a35111a5af9e878_day2_block2
243,d1r1,0.597651870847551,-1.8314956428318,-4.26075127495088,0.60442200691773,-2.07927333040275,-4.69805414906542,0.604737822271491,-1.92761935516717,-4.7066237952892,-5.27824223710522,-5.27085963486822,0.549640177868794,0.551906277573036,0.605529354151112,-2.6536390321422,-4.74249323761977,5f895930c0949e1531af52fc_day1_block1
243,d1r2,0.603591421020602,-1.81925549038852,-4.21345181056316,0.605514968910036,-2.47885983103436,-4.74123953252938,0.605463503187976,-2.37185395082456,-4.73281680254692,-5.3192888030239,-5.29406369700034,0.587627549398258,0.586819725119984,0.605529732782515,-2.64085925650981,-4.7467491670014,5f895930c0949e1531af52fc_day1_block2
243,d2r1,0.638055610331356,-2.245962100493,-3.28101936521421,0.625820330024318,-2.60613579294582,-2.37188601942348,0.615658949164383,-3.10252321990399,-2.54521957631367,-4.33651562417537,-4.19999372381653,-1.13635197111488,-1.22826740413978,0.646270841613676,-1.79973078665541,-2.29853018913626,5f895930c0949e1531af52fc_day2_block1
243,d2r2,0.60480992636148,-2.63264245023407,-4.02595279126817,0.607077040935533,-1.44981526177509,-4.66317657463584,0.606273704578036,-2.34385484363201,-4.65627241318238,-5.04499677049222,-4.8781173171211,-0.118405787975766,-0.23665293773957,0.608292974799259,-0.457727492918505,-4.6435893156741,5f895930c0949e1531af52fc_day2_block2
244,d1r1,0.713096934822753,-0.666376886513225,-3.51293991182385,0.661551752676519,-0.48933216404311,-3.32299405912095,0.680712366495569,-0.448515344510522,-3.64843009036557,-4.74697010055722,-4.8454374733095,-4.08074174349422,-3.86488753475678,0.620492239752344,-0.485481005169463,-2.90981433032613,5f8aa8df17ed33156f3931cb_day1_block1
244,d1r2,0.609555268088807,-1.17025454769827,-2.91070708083783,0.618010847978147,-1.15530224157464,-3.90523505795109,0.61050002982403,-1.17310856608224,-3.83064107172318,-2.756317447309,-2.57599215864792,-1.90352928180829,-2.01261329694068,0.585973082816125,-0.831054048654572,-3.50813318935655,5f8aa8df17ed33156f3931cb_day1_block2
244,d2r1,0.493283187479231,-0.930826420454137,-3.03800566672401,0.403934620401432,-1.20578464193262,-3.17186517407887,0.422408718185724,-0.843259954825441,-3.45239537638448,-3.33969194451656,-3.55619012170448,-2.05867848269441,-2.07473608182739,0.396685540516929,-1.62432110756088,-2.87337859733736,5f8aa8df17ed33156f3931cb_day2_block1
244,d2r2,0.536149248646649,-1.32364454557887,-3.40955353625491,0.394453232038296,-1.63433563990742,-3.12416632780605,0.395583558684868,-1.49990696231142,-2.86908473697036,-2.48272472088074,-2.72762282202931,1.92770412572154,1.99523420266639,0.394643686965152,-1.81035542278907,-3.27039331597634,5f8aa8df17ed33156f3931cb_day2_block2
245,d1r1,0.598506797978031,-3.10520320951924,-4.09171240360646,0.60550507580053,-3.63829181423551,-4.2769561958669,0.605502184188347,-3.62581668218302,-4.31083561386244,-3.21961558622339,-3.38209416284656,-1.70823250187076,-1.60004576611042,0.60550692058106,-3.64611434049718,-4.24955285526013,5f9086a7968f33148ceafec4_day1_block1
246,d2r1,0.66193204008062,-1.88086495115194,-3.59201227753732,0.672384937516106,-1.87176040933102,-4.33584009517017,0.672382887645531,-1.85851237865263,-4.32254052445617,-4.59560197327952,-4.59046321325699,-4.55345694517422,-4.52757005389296,0.672327188216308,-1.88066504663644,-4.34413761519233,5f919fe5974bb4025abbb92e_day2_block1
246,d2r2,0.531611752785999,-1.52545328136054,-4.08173137011887,0.536987200498014,-1.67306704045229,-4.63656398707349,0.533998840293709,-1.71205986801111,-4.6103103511429,-4.95040913613523,-4.79506841604676,-3.996822797902,-3.85735936142848,0.540537287338953,-1.6380104496024,-4.54454086607869,5f919fe5974bb4025abbb92e_day2_block2
247,d1r1,0.488637647292798,-1.8480798576302,-1.85512117455019,0.450720618149186,-2.25427383637715,-1.73467412107012,0.424779461744666,-2.26838716377847,-1.72926371135152,-5.3337057311658,-5.3367439225349,-3.17858082672095,-3.30780697290716,0.421282728813952,-1.96106163932875,-1.67919595160755,5f946d91bf35dc2995a3db09_day1_block1
247,d1r2,0.561297320415641,-2.33537735640512,-3.51905690752913,0.46806239125974,-1.75805218578373,-2.04569783008141,0.453205199916699,-2.02349076153089,-2.08027611756445,-5.58652330892027,-5.41880057765384,-0.698607409961703,-0.650404511839259,0.482375710489885,-1.75085562110279,-2.06476138352545,5f946d91bf35dc2995a3db09_day1_block2
247,d2r1,0.497882681229564,-1.83266258255227,-3.68319549854552,0.422597723713941,-2.7122421765608,-2.39399868979062,0.411897719430379,-2.38817059357723,-2.37844368807984,-4.22190870208832,-4.10364273649074,-2.58363477433106,-3.33481139420944,0.471695204119021,-2.100461115532,-2.01377497319755,5f946d91bf35dc2995a3db09_day2_block1
247,d2r2,0.423517517050407,-2.79413393123953,-3.59704142420202,0.409368038034726,-2.57494602368059,-2.46415945889877,0.442157342132013,-2.19490073604439,-2.67859180141529,-3.88386263438735,-3.61947261487721,-1.30252609574769,-1.33877698383786,0.394632953355881,-3.23273001061544,-2.46614446267131,5f946d91bf35dc2995a3db09_day2_block2
248,d1r1,0.811063002723417,-0.691192393848928,-3.53267903330224,0.80800077294415,-0.152742251258312,-4.44390422793724,0.812242458516592,-0.187646500486294,-4.37746416779402,-5.17534092867548,-5.12441893210284,-4.60300724423077,-4.25092708041979,0.810265858047229,-0.163917156050589,-4.49146737362095,5f9734757222e00c2702efc4_day1_block1
248,d1r2,0.642636273672377,-0.12287150857634,-3.26085367623536,0.620833905414947,0.191233957313973,-4.16485027707482,0.614136034642202,0.170122379089732,-4.04707776142853,-5.1189888463376,-5.0628530184869,-4.43100264122058,-4.36475237085368,0.632611183278687,0.156150875906889,-4.2277537922164,5f9734757222e00c2702efc4_day1_block2
248,d2r1,0.770045402014176,-1.33954199910304,-2.03709847976481,0.774668588551547,-0.671036990712048,-2.47129078200381,0.764922667412713,-0.592085662849697,-2.24914783163393,-3.87756578661045,-3.81744644625585,-2.72052582617145,-2.59273593706954,0.761585296344277,-0.41338104522397,-2.63500894560716,5f9734757222e00c2702efc4_day2_block1
248,d2r2,0.690252393301785,-1.26271146950307,-1.71597344459549,0.817170577007935,-0.976891687777297,-1.41120544231253,0.799344522761699,-0.859737393773878,-1.37564547741108,-5.20628579595466,-5.06049472758467,-2.8440285188461,-2.70399282738796,0.88662686311059,-1.19900630125789,-1.18286022582002,5f9734757222e00c2702efc4_day2_block2
249,d1r1,0.671559005051862,-1.86610900112727,-4.37098479741551,0.67152174907236,-1.94126695051193,-4.73837996881235,0.671501497367749,-1.9361304400205,-4.73312936888894,-5.33571906751104,-5.31424091146095,-4.67254876108927,-4.65457719844305,0.671524243558058,-1.94393176857849,-4.7417698310292,5f97e6601f6d0e016087fc91_day1_block1
249,d1r2,0.671650871462136,-1.87285041868484,-4.3711024769724,0.671456573308335,-1.93876275569361,-4.73862885361008,0.671668838765466,-1.95777263114537,-4.72964651076718,-5.33553523460992,-5.31095365167042,-4.6688555998219,-4.66028631461719,0.671485274665778,-1.94229046743458,-4.74258350285343,5f97e6601f6d0e016087fc91_day1_block2
249,d2r1,0.328563388570129,-1.75300705992345,-4.03048274228222,0.309956413886029,-1.75485598294717,-4.10605603817413,0.306566152143147,-1.73394956497465,-3.95026150231492,-4.7305724006094,-4.54981861084979,-4.37169152911479,-4.30343602981849,0.312333184941008,-1.7648338583364,-4.17894266352744,5f97e6601f6d0e016087fc91_day2_block1
250,d1r1,0.707653655652085,-1.28726357969963,-4.04242017092899,0.729628879239663,-1.18246143732213,-4.52745243400897,0.726753979719504,-1.17308856944173,-4.41485428529875,-5.28114603250771,-5.22578616461205,-4.53075254879469,-4.49221768725068,0.728820854526437,-1.20821172433239,-4.536020435542,5f9b106e21189e2d3b853846_day1_block1
250,d1r2,0.637151511663296,-1.24001972680853,-2.57985573179974,0.674656871430567,-0.544762697968741,-3.66224292388311,0.655074289763392,-0.702543718181156,-3.3982598132503,-4.34555513904342,-4.3609576859568,-1.83529797039091,-2.17905959408183,0.677802936121534,-0.821660127642658,-3.91803471164723,5f9b106e21189e2d3b853846_day1_block2
250,d2r1,0.721875470423623,-1.32812996583224,-3.14829348153699,0.689264659771073,-1.73209791725266,-3.63420012275346,0.696478769176873,-1.59205468513401,-3.51115412595787,-1.98929766622234,-2.85250007121024,-3.81446129576981,-3.76980582348666,0.684630570874051,-1.80433696125161,-3.78054482567142,5f9b106e21189e2d3b853846_day2_block1
250,d2r2,0.672405299781307,-1.721834322088,-4.19325620300657,0.683497925643589,-1.71023372772479,-4.27472671790758,0.689653092024128,-1.69271820202944,-4.03505179173393,-4.88973118525935,-4.60416357446277,-4.44824301545154,-4.37714390966469,0.681718787236718,-1.72107073583759,-4.34530602235752,5f9b106e21189e2d3b853846_day2_block2
251,d1r1,0.645450550438353,-0.759138181397551,-3.66031484327365,0.590289599545354,-0.0397888436229514,-3.09197174874181,0.572166441410245,-0.0765714576761858,-3.01240121610735,-4.43360922491786,-4.2293390589374,-1.51694097101021,-1.72589379781509,0.635324545741879,-0.247746959861696,-3.54009097857118,5f9c3f065e10810963caef6a_day1_block1
251,d1r2,0.575773688520338,-1.24628729779362,-3.76603427829839,0.612071660941733,-0.917424983496906,-4.47876551428676,0.606943698411728,-0.893894133258681,-4.55846496534499,-4.87352084706159,-4.92786656949032,1.61832071722551,1.77464391546308,0.605946833005305,-1.65881899214697,-4.68266488807592,5f9c3f065e10810963caef6a_day1_block2
251,d2r1,0.724651093553895,-0.9525489448485,-3.25384906064707,0.789124129876222,-0.387292511539283,-3.36583167977327,0.741767930896712,-0.32454378321614,-3.02481084379477,-3.65151906435174,-3.54008481930611,-1.66169903978439,-1.90163118144192,0.866103671784417,-1.17433650215785,-2.77457587273194,5f9c3f065e10810963caef6a_day2_block1
251,d2r2,0.811539642200966,-1.97599841757708,-3.03813810968748,0.756951952745216,-1.4498981523665,-2.81787183583444,0.750711398963843,-1.63656417859235,-2.13888539307791,0.523051021593139,0.736313718595408,-1.25450746302951,-1.99810885298613,0.729374638108885,-1.31457801154791,-2.7688456004264,5f9c3f065e10810963caef6a_day2_block2
252,d1r1,0.472824798345828,-1.29444352859413,-2.46950871481302,0.576991990231414,-1.01111363281373,-1.89641954854289,0.49171073189543,-0.888416320776484,-1.94190320098105,-1.75314737275743,-1.53613528121846,-0.60342655437838,-0.315725962354293,0.571947480384153,-0.868255497765326,-1.9687162187788,5f9c70519242e010e0f1c608_day1_block1
252,d1r2,0.27467492293302,-1.87568271550878,-1.52387373843235,0.455233815554823,-2.17380437879875,-1.08179742829021,0.360924039706054,-2.38756597932947,-0.941695533386046,2.56134187155119,2.32666472265772,-2.56946233636637,-2.39902169745259,0.372440500105394,-1.82648451426339,-0.740732765784448,5f9c70519242e010e0f1c608_day1_block2
252,d2r1,0.517003876744057,-1.20103812847892,-2.89996859489252,0.547654313315069,-1.3686091365326,-1.68026030109982,0.461140669948031,-1.43206008534482,-1.81369588299188,-5.13645084299482,-5.11859091604617,-3.19250132740035,-3.29690545637664,0.59675067211763,-1.8695695699861,-1.59612408779361,5f9c70519242e010e0f1c608_day2_block1
252,d2r2,0.784213933919258,-1.52450958946839,-2.31621509280714,0.888248261606773,-1.45006241888996,-1.69454439040167,0.878948421977831,-1.48540694520717,-1.67935732629233,-5.36715832467906,-5.33943393029867,-3.96869744376563,-4.04739648435775,0.89665412135193,-1.58589516518666,-1.7501962710027,5f9c70519242e010e0f1c608_day2_block2
253,d1r1,0.49890483471614,-1.23674430431266,-4.06581257440315,0.49098772905491,-1.35066228162732,-4.20132783963074,0.47941684066538,-1.36698330754527,-4.33868232097389,-5.1433842061524,-5.12974661171926,-4.35423892164767,-4.27000087785286,0.507560812160809,-1.3275003211646,-4.00539553375231,5f9de7917796f237eae46d6a_day1_block1
253,d1r2,0.462288872450711,-1.52007326722741,-4.10715915925613,0.464849237393971,-1.53134379179949,-4.70924991542757,0.464673285115319,-1.50036118428002,-4.70339412003397,-5.29536127909823,-5.27739391909695,-4.4259672159282,-4.43228841099144,0.464903407066232,-1.55452558174385,-4.71227506931597,5f9de7917796f237eae46d6a_day1_block2
253,d2r1,0.531804168303872,-1.60311798308991,-3.07274600410201,0.4771126692276,-1.67559152333822,-2.60602650652652,0.476940857262061,-1.65772326054385,-2.57047341137123,-4.33137161677333,-4.51853234804171,-4.28310293653736,-4.13125314956454,0.480956261034884,-1.70020249225935,-2.65236825998456,5f9de7917796f237eae46d6a_day2_block1
253,d2r2,0.538892910499674,-1.41029192171293,-3.96273443397304,0.535093955934324,-1.52342574367681,-4.64082629242827,0.534970623208707,-1.54111692438601,-4.62111620335501,-4.89785454583436,-4.8523772101742,-4.3783780629858,-4.31567869272941,0.532260957041248,-1.42612085826489,-4.59278204004085,5f9de7917796f237eae46d6a_day2_block2
254,d1r1,0.575189257716374,-1.61362020163239,-3.52435019609651,0.56488650016779,-2.23211476357491,-1.60081886211212,0.508414577411431,-2.19928551306054,-1.67111247545594,-5.96296374636244,-5.6541232014202,-4.1889822299114,-3.68787117617206,0.53215889721238,-2.22723740496334,-1.59452170248204,5f9eb8c1c1dc8505f5f1bcd4_day1_block1
254,d1r2,0.601912065214582,-2.61404455262893,-4.39618007265412,0.605530328279177,-2.99336974191687,-4.75104589722386,0.605519692690164,-2.8414805704465,-4.74539565367653,-5.3500874899334,-5.32820306915087,0.219228531257792,0.267902013209621,0.605530614051113,-3.02954245389993,-4.75406398720171,5f9eb8c1c1dc8505f5f1bcd4_day1_block2
254,d2r1,0.632127351242094,-2.30440718652799,-2.64007677728516,0.606510370321494,-3.03384102644731,-2.05326131687101,0.628394753462823,-2.72259074042655,-2.07572698890532,-5.89077501761742,-5.72909687422877,-1.15145425689931,-1.23510734069521,0.605509760472427,-3.3826826005216,-2.06508631985363,5f9eb8c1c1dc8505f5f1bcd4_day2_block1
254,d2r2,0.60408069969779,-1.95335153796781,-4.23920785393836,0.613424837851009,-1.53085301226773,-4.34383612389948,0.614683610844128,-1.87838151590344,-4.29647930062632,-5.21297260521732,-5.09957105279549,0.289865628242678,0.267902954240021,0.609958544067112,-1.94721842987924,-4.36305304643916,5f9eb8c1c1dc8505f5f1bcd4_day2_block2
255,d1r1,0.755757583220856,-1.30205118849385,-3.17064634926538,0.701814217072983,-1.39052941033719,-2.12673490154678,0.69795147851148,-1.38173820373368,-2.13974056214177,-5.2994406288284,-5.19192778558155,-4.46581131990582,-4.41088418660566,0.721640742056394,-1.36312728735589,-2.17388958786174,5fa4429772cc3d073ff3eaea_day1_block1
255,d1r2,0.541707269982145,-2.06766109776185,-1.90314738904703,0.58042461610465,-2.12892247124566,-1.76099785699235,0.58021258291393,-2.09560998110804,-1.79659244392604,-5.70597945544492,-5.60754775415625,-4.21657060128127,-4.1640028688995,0.603803537008077,-2.30064509574159,-1.66954088330114,5fa4429772cc3d073ff3eaea_day1_block2
255,d2r1,0.782206923822384,-1.22381243308186,-3.8456723070431,0.79287164918589,-1.19528580805202,-4.07174186405594,0.787555900092315,-1.21541164584291,-4.11234435839738,-5.21760458365402,-5.19530295285841,-4.11647279437194,-4.13915427647026,0.789139185256029,-1.19349436014764,-4.17871578575115,5fa4429772cc3d073ff3eaea_day2_block1
255,d2r2,0.794309400698009,-1.27823868384701,-3.56981644478302,0.774124422988032,-1.14950153341371,-3.82393606841932,0.777720939373865,-1.14845629351736,-3.95341901698743,-4.67026487371308,-4.67788947811901,-1.92519666726685,-1.74403092505902,0.781867537271969,-1.3633595909792,-4.03700388215047,5fa4429772cc3d073ff3eaea_day2_block2
256,d1r1,0.539115533352978,-1.11909514537279,-3.86359662079043,0.536359952606438,-1.42442947798047,-4.6720683224172,0.537679829793935,-1.39139567238778,-4.60425060097911,-5.24456866284233,-5.20227782101993,-1.48283212172895,-1.41790450589431,0.537717671916816,-1.36183974529583,-4.64883101986787,5fa442c874ac28076aa20c09_day1_block1
256,d1r2,0.553123352838351,-1.46849670529921,-3.87873531191638,0.605338808064569,-2.35808103351739,-4.11131200770746,0.589978761174727,-1.84352316115753,-4.35310126068594,-4.75457261236222,-4.96058755354882,1.00538963400526,0.273394828749706,0.605506636672051,-2.85869240831053,-3.80697794385758,5fa442c874ac28076aa20c09_day1_block2
256,d2r1,0.594867628312219,-1.49832434689016,-2.74167351778814,0.574212076853558,-1.46735289370281,-2.69769969414641,0.56614069878541,-1.46262739910242,-2.78076399249895,-5.51059872985498,-5.4815713368263,-4.29707262419686,-4.21007848780251,0.5876851052216,-1.47821024958824,-2.8187793205702,5fa442c874ac28076aa20c09_day2_block1
256,d2r2,0.552042105911122,-2.09260894320685,-2.70630271791902,0.587926013514622,-2.72080475298788,-2.7896603339502,0.596690663356306,-3.03858927835535,-2.7866563123476,-3.83713847627159,-3.89666688483969,-0.43293919548439,-0.430372647883156,0.550002001824017,-1.61759910045214,-2.34169444573126,5fa442c874ac28076aa20c09_day2_block2
257,d1r1,0.586240107628351,-1.62580538030419,-2.40879237638735,0.53912891500854,-1.47485224913692,-2.40741444469567,0.546604916649343,-1.50312506286928,-2.11402682244104,-4.08577000816704,-4.5238231454655,-4.29866249236746,-4.18741214888038,0.532189274029779,-1.44236841661974,-2.74237764599947,5fa443d1077643078716035c_day1_block1
257,d1r2,0.40936730929908,-1.95434985176006,-2.18239933853869,0.395816161045109,-2.31260434891544,-1.83107234530425,0.42295167969673,-2.12135150096282,-1.79143401367175,-5.66180648368988,-5.65896438844318,-3.81154417860752,-4.15739525258028,0.394911992712632,-2.79244480509906,-1.97472476112905,5fa443d1077643078716035c_day1_block2
257,d2r1,0.784324237721101,-1.33121181373484,-3.82006170306784,0.793098243400944,-1.83654084126024,-4.55537090606069,0.801849927087488,-1.61261516637854,-4.45740695016839,-5.16241201899098,-5.04606061144542,-1.69199331296374,-2.47283346282854,0.787792692663458,-1.97313933032196,-4.62600873457394,5fa443d1077643078716035c_day2_block1
257,d2r2,0.772612643010928,-1.83304172013206,-3.63188620286763,0.78339435940566,-1.74146266658174,-4.49822878356214,0.781818207857929,-1.74186324455717,-4.37724538926077,-2.83567387597086,-2.65773889596051,-2.66910576946704,-2.74116559370114,0.783628475627066,-1.87960483078946,-4.54893490565005,5fa443d1077643078716035c_day2_block2
258,d1r1,0.586936274147016,-2.16235750541312,-4.05268906237917,0.525692399740551,-1.66028002394363,-2.81033226330422,0.547974953143961,-1.48164797145049,-3.29121932156795,-3.8030721498877,-4.1233705467222,-0.480716581701542,-0.298864918021309,0.523720320628979,-1.69369166266633,-2.81803433655097,5fa5465e9b7bd322fa6ec5b6_day1_block1
258,d1r2,0.545897471751323,-1.62167591090638,-3.98818563412175,0.53114032962859,-1.77909798108642,-4.4145100174304,0.530927418093129,-1.77119886916294,-4.39175743307288,-5.03577248553458,-5.02854508341437,-4.51588682691232,-4.49828846362136,0.531283819888263,-1.78517134421042,-4.42983107131475,5fa5465e9b7bd322fa6ec5b6_day1_block2
258,d2r2,0.46851166509967,-1.78399602518606,-4.25894289523821,0.466349349184154,-1.91237953001341,-4.70344785742737,0.466447477279767,-1.9077198158196,-4.69645972778172,-5.28954843491672,-5.26701373880975,-4.67916348319186,-4.66420710126416,0.466287167901038,-1.91568692519813,-4.70814041985938,5fa5465e9b7bd322fa6ec5b6_day2_block2
259,d1r1,0.446071026317587,-0.951694387526248,-2.0009642629467,0.256809619138152,-0.748330356898366,-1.12093179089208,0.274754556201072,-0.780098707905395,-1.0793085512345,-5.22072604756436,-5.17819055310101,-4.28581380225039,-4.20589098606253,0.296636916747629,-0.732511706833616,-1.25086479022323,5fa989ea1233e7176606b451_day1_block1
259,d1r2,0.69647044803509806,-1.03152292910896,-2.35436815637917,0.72435921353346,-1.20099367844567,-1.05564857864294,0.680444721139211,-1.14860830992886,-1.0642770279471,-5.43053831918806,-5.25832708101011,-4.35865552568993,-4.31450996550596,0.60998074618145,-1.10017550085947,-1.07382038861877,5fa989ea1233e7176606b451_day1_block2
259,d2r1,0.307878088362725,-1.0819793451736,-1.48910636162411,0.2040129533053,-0.982732419238108,-1.19930578488413,0.200838101242381,-1.06865749323806,-1.13728645100925,-5.82870857734251,-5.8291873300742,-4.45952968068181,-4.42946433707804,0.209020614577488,-0.978261612783606,-1.25012827609026,5fa989ea1233e7176606b451_day2_block1
259,d2r2,0.333552091559171,-1.47452796199586,-1.6187437668615,0.537262841965269,-1.28970480117584,-0.789153315331724,0.494668819461313,-1.44767585159431,-0.815714451961626,-5.68964837674871,-5.78724622532342,-4.02758552191737,-4.18434157885387,0.412781426110197,-0.902709158835393,-0.855892461644452,5fa989ea1233e7176606b451_day2_block2
260,d1r1,0.595876862709347,-1.28302975784962,-4.17196836518921,0.604096649917989,-1.18681435767356,-4.70101495502206,0.604486919748164,-1.10957639187009,-4.69611515856822,-5.27730861351537,-5.25703915371591,2.41000568329531,2.30669679897933,0.605524193086683,-1.40100969455981,-4.74405030500237,5fac564aaab04720c1057689_day1_block1
260,d1r2,0.471196683708764,-1.06572637856888,-3.98235497672037,0.467309004696805,-1.13913759929156,-4.63941629215037,0.465955612038327,-1.16523823016384,-4.65578554611997,-5.24962772428915,-5.25018103465331,-2.83955446975802,-2.85180653671955,0.468725505689743,-0.988739269270277,-4.59034341222876,5fac564aaab04720c1057689_day1_block2
260,d2r1,0.498765211760465,-1.39779286135598,-2.85433858334403,0.491883853760134,-1.84515152646239,-2.96157314434095,0.493031111394491,-1.77226086000886,-2.49680299713962,-1.39379935003371,-2.21164886888205,-3.77929604935252,-3.17790356469245,0.49121516917338,-1.8724505235329,-3.24174552634704,5fac564aaab04720c1057689_day2_block1
260,d2r2,0.44018470677196,-1.39876372516576,-4.08832176680424,0.466247385791746,-1.32924955443294,-4.66186112460419,0.464929796489591,-1.3370874079419,-4.65907711227275,-5.24279967954528,-5.22058606716134,-4.5440533085137,-4.48894016825328,0.46618332038516,-1.34557615696784,-4.66681203799823,5fac564aaab04720c1057689_day2_block2
261,d1r1,0.489709072873213,-0.449982711208968,-3.06978817102941,0.369458554138367,-0.140121952429156,-2.87579903106047,0.405261189779897,-0.125923079390553,-3.16820965277677,-5.00307503542549,-4.97775038790477,-4.1720039296877,-3.88322534958958,0.229994788609043,-0.188480337103052,-1.78581829641772,5fade2a3b7a899209e1265d8_day1_block1
261,d1r2,0.122714894615516,-1.450564131726,-4.23948584800854,0.112941897625646,-0.508771605759189,-4.50865993453437,0.109316611307644,-0.835543981648725,-4.60929111037871,-4.84293184579182,-5.05371375032312,0.26404454532812,0.301797375488202,0.134853007510168,-0.661348709372059,-3.9730887500475,5fade2a3b7a899209e1265d8_day1_block2
261,d2r1,0.224280778297304,-0.68540916795665,-2.10608428199086,0.196063541997066,-0.447019041265289,-2.83874385062206,0.182906752060097,-0.489229470171513,-2.68664219169455,-3.51882192580088,-3.3613299660782,-4.45260630597578,-4.43205427708802,0.199382241901079,-0.467907433960423,-2.8681495552358,5fade2a3b7a899209e1265d8_day2_block1
262,d1r1,0.602394132162124,-1.62377715309721,-3.93677908919948,0.582923311615255,-1.61204454009206,-3.69835326952648,0.592395975197008,-1.65225058111022,-4.12468472673866,-5.42654301350602,-5.33738347642929,-0.708417182740315,-0.0297104498070556,0.604832658606077,-2.34475383649146,-4.06616659341989,5faea720ade7d409342741fa_day1_block1
262,d1r2,0.577457318182926,-1.6076290233358,-3.65741571785927,0.505951839599877,-1.52875517519222,-2.50037773154875,0.517168395438641,-1.4772413860854,-2.58526600886944,-4.4802593453683,-4.26441326204013,-0.728578904693228,-0.534235592424025,0.506019508283593,-1.67231894520373,-2.50147094166768,5faea720ade7d409342741fa_day1_block2
262,d2r1,0.592937214129335,-1.84495100821132,-4.05641521539288,0.55090691114994506,-1.46790833185125,-3.0178973308878,0.56906047011676,-1.27245621482251,-3.57813136159097,-4.70319153103581,-4.78715269021593,-0.165506586688768,0.131815942815661,0.525621436136582,-1.59368493249869,-2.41891250720275,5faea720ade7d409342741fa_day2_block1
262,d2r2,0.491029747957698,-1.7476595799718,-2.89954524331719,0.49746334053969,-1.68428775700991,-3.04724829044216,0.484799615178348,-1.7242164048813,-3.07079085508336,-5.05514906507391,-4.8889381939272,-4.49925500229693,-4.48806282226437,0.499195934049433,-1.68798826126496,-2.98707911521692,5faea720ade7d409342741fa_day2_block2
263,d1r1,0.543377798852594,-1.11454670471218,-3.45244461889596,0.556494531314874,-1.05509442813679,-3.66395110815166,0.53125329330588,-1.1993587555127,-3.56962356270351,-5.12848441753674,-5.13282349944128,-3.4328575990608,-3.03673905334519,0.616910767368152,-1.14597122922474,-2.91444848923147,5faec601504c2b0580c9d366_day1_block1
263,d1r2,0.189987937885895,-1.34901250056173,-3.954032537533,0.12307936248023,-1.65708297923778,-3.06237745023346,0.147514068872996,-1.3825651361986,-3.79079384299553,-2.24943418111633,-3.65921484022233,-3.77746341423831,-3.94927973996267,0.111186869359429,-2.22496148701666,-3.10515903990392,5faec601504c2b0580c9d366_day1_block2
263,d2r1,0.504364354780054,-2.11877494519583,-2.83464913472286,0.415237690587747,-2.40980398072993,-2.93574182335197,0.431104904930122,-2.08753437122113,-3.09484406139128,-0.330167564432137,-0.0923773220838304,-0.990136371359594,-1.06458262449215,0.413601878593507,-1.85901997544317,-2.83072587523214,5faec601504c2b0580c9d366_day2_block1
263,d2r2,0.553093492348347,-2.00049941227922,-3.31305608905462,0.402166548791068,-2.91213084414179,-2.04540873702679,0.465041745474962,-2.19369179350675,-2.21731767471245,-5.59752258166468,-5.38371246937361,-0.509950759748329,-0.515993590797061,0.394515735349389,-3.34192302305479,-2.08663078425956,5faec601504c2b0580c9d366_day2_block2
264,d1r1,0.457984423909151,-0.496001400321762,-3.27509690332169,0.391832355493822,-0.105605851330424,-2.9577152597875,0.38605538676563,-0.426916556214844,-2.98411741432666,-4.70997334124684,-4.69331271619967,-1.28164319775174,-1.27262919448648,0.430752347817955,-0.0360550441353903,-3.47485356071128,5fb2de57181e6298d22a4c76_day1_block1
264,d1r2,0.42125466398937,-0.275837670362515,-3.07333684543848,0.36141378385548,0.00657298431188827,-4.13722578016036,0.356153504631605,-0.00750265224250407,-4.02920909150042,-5.05253423740358,-5.01016831814202,-4.5720801803073,-4.51859409603827,0.354113549131688,0.0389602249740659,-4.19264998383125,5fb2de57181e6298d22a4c76_day1_block2
264,d2r1,0.485454875928263,-1.06768355961877,-3.42322445415617,0.488096791298074,-0.936606181416166,-4.44298762736804,0.485497213063551,-0.912279613503919,-4.4058542811559,-5.17064711136045,-5.14032814868339,-4.20527357212211,-4.17056532320691,0.497460869340301,-0.98787000977004,-4.4288144621324,5fb2de57181e6298d22a4c76_day2_block1
264,d2r2,0.495912164881131,-1.25160929517244,-3.05942993708763,0.504922488834592,-1.59335324942136,-4.30105146108658,0.499835097206745,-1.52938299739141,-4.22906569534024,-3.6284958928832,-3.57617877126423,-1.77968086923207,-1.7289167575276,0.52290012091414,-1.49953911486946,-4.33248312474039,5fb2de57181e6298d22a4c76_day2_block2
265,d1r1,0.570023469378724,-1.28265478875553,-3.02085314399338,0.57608017028794,-1.23803832419598,-4.13772776343209,0.552506194283493,-1.14367500972,-3.63434012298802,-5.06730272465374,-4.95927669077279,-0.673148753584936,-1.96140761266099,0.602623768649822,-0.653541257210721,-4.69530054867453,5fb2f265c927279c34edfe94_day1_block1
265,d1r2,0.598353628971875,-1.18617740265345,-4.05427272116045,0.60527682544884,-1.3108680645173,-4.72284394661196,0.58931921837237,-1.19285750168098,-4.45180305576701,-5.30279883139333,-4.91271293574335,2.50699795862837,2.43715103175582,0.605292066129407,-0.957242229039794,-4.73125652888919,5fb2f265c927279c34edfe94_day1_block2
265,d2r1,0.534027587085121,-1.29848834557628,-2.96428231539229,0.518495453415416,-1.44542053775245,-2.74946880381478,0.505897758435768,-1.39438984662607,-2.58422698881907,-4.75262305201036,-4.74066306112291,-3.01658569171688,-3.23789286954111,0.517954369020145,-1.50846501251323,-2.95848041989935,5fb2f265c927279c34edfe94_day2_block1
265,d2r2,0.46691959346369,-1.71454637532575,-3.07045630192039,0.481806796699324,-1.12420423816882,-3.51196514186386,0.475481148590739,-1.34832782052489,-3.57361572844907,-3.2050946759494,-3.19303773021933,-2.38412082653963,-2.50482320094287,0.526566567404464,-1.20507992810574,-2.98846875537823,5fb2f265c927279c34edfe94_day2_block2
266,d1r1,0.601369089247765,-3.22820574555603,-4.3598346199814,0.605513727540391,-3.53672724505788,-4.5732143605929,0.605514925795865,-3.51527114120332,-4.59180488316693,-4.27302591456924,-4.4966136231818,-1.27966168239043,-1.10558649219627,0.605512442237065,-3.55156513547569,-4.55501814165209,5fb2f5f5b8283f9ddb732b63_day1_block1
266,d1r2,0.607358854629343,-3.35785143954381,-4.1417224554234,0.647764998731972,-3.42252301782854,-3.41857136857314,0.626629750504139,-3.40526712813976,-3.82631307519158,-2.91939586747261,-3.48537167751627,-2.15773953152568,-1.80052166281254,0.816821063279589,-3.09076641814172,-0.0939900877854819,5fb2f5f5b8283f9ddb732b63_day1_block2
266,d2r1,0.602860923453324,-3.56200115086516,-4.39750365261128,0.615414586214987,-3.55002525574879,-4.31038544929907,0.610472398856909,-3.65477631374211,-4.52800702638835,-4.83891594128871,-5.07831522052021,-4.17967617189156,-4.42019694873106,0.654949331352215,-2.68775093036485,-2.54204756345863,5fb2f5f5b8283f9ddb732b63_day2_block1
266,d2r2,0.641660538324158,-2.04380385253269,-3.30334641353791,0.680375769766466,-1.92241886733268,-2.88085943306336,0.681599470272573,-1.9037875626664,-2.77545667392054,-3.89529710790771,-4.07203333553712,-2.54749132468977,-2.20521281934583,0.679197666462028,-1.93508169868545,-2.96666565820658,5fb2f5f5b8283f9ddb732b63_day2_block2
267,d1r1,0.768125469970112,-1.26894084731427,-3.47315409194527,0.594707797650825,-1.12249796113678,-1.86926559506832,0.679906785448387,-1.13375604411726,-2.65457722793883,-4.44211495067904,-4.27089190279877,-3.80314012590899,-3.34435571943409,0.530462745343953,-1.21900813003253,-1.72279587367088,5fb31c2b353c5ea37f63bdc6_day1_block1
267,d1r2,0.510158298247278,-1.66900803905826,-3.78378778433226,0.47422995349033,-1.76012480304275,-2.68559659569941,0.474129745621305,-1.76264080407706,-3.06373247687796,-4.42999038011306,-4.46006097700567,-4.57664812402206,-4.57559164645848,0.505961156111375,-1.71432707738703,-2.60202263312029,5fb31c2b353c5ea37f63bdc6_day1_block2
267,d2r1,0.785178379929952,-1.54586034528462,-4.2087535645726,0.78353368462725,-2.13794011164675,-4.70920418606496,0.783976823133499,-2.11236026569109,-4.70432253549908,-5.26407377695186,-5.25447310221222,-1.19525739517389,-1.12846694849092,0.783466936819288,-2.15033379272698,-4.71149199922813,5fb31c2b353c5ea37f63bdc6_day2_block1
267,d2r2,0.777420998842518,-1.95441477838503,-4.12074127455479,0.783234450099358,-2.23268409704395,-4.5152755588231,0.783160399076015,-2.22655676596853,-4.50940458160954,-1.73705249846876,-1.97442325284281,-3.62914513158002,-3.45115536119739,0.783280257400449,-2.23594529969376,-4.51991528483237,5fb31c2b353c5ea37f63bdc6_day2_block2
268,d1r1,0.597917312245194,-2.12583701377425,-2.95655216328801,0.508307740402852,-1.93357398757834,-2.29838364151536,0.510469320947004,-1.92681645693934,-2.26170200595292,-5.14836954888961,-5.15138317567613,-2.38525308811879,-2.12878725936946,0.507608797444013,-1.94766591521074,-2.32674213056985,5fb6dd7c3d66c615d3534135_day1_block1
268,d1r2,0.582614603122934,-3.00067430766045,-3.44609862266698,0.605491728859555,-3.63496259974342,-4.20859948081893,0.605482466877607,-3.62433879026141,-4.15862076083443,-1.72520918750874,-1.86327957238661,-1.30944396357706,-1.24454646995956,0.605496822440907,-3.64217183966519,-4.24211929055589,5fb6dd7c3d66c615d3534135_day1_block2
268,d2r1,0.587487588661428,-2.16634126942966,-2.79601241981365,0.47706881083836,-1.62949843164973,-2.18871378323063,0.494700456224663,-1.71643115596278,-2.20467347202322,-5.30590392809913,-5.2009379516246,-1.09275215994277,-1.04505420791753,0.486009796561223,-1.72131688345444,-2.2213604461344,5fb6dd7c3d66c615d3534135_day2_block1
268,d2r2,0.550120239336695,-2.33997664205414,-3.62682456824431,0.605495682933941,-3.62564741824932,-3.19101783683565,0.605487844330935,-3.60199036765133,-3.08955217640998,-3.23912261604808,-3.35020293741024,-1.32641410162562,-1.29345267669265,0.605500089558041,-3.63533198594925,-3.25657518879656,5fb6dd7c3d66c615d3534135_day2_block2
269,d1r1,0.570438716096307,-1.6983902224257,-2.37364176817484,0.578820187340069,-1.80766867131336,-1.78558710805578,0.564295200431449,-1.65553558674466,-1.76010450357729,-5.74430889867261,-5.71506004131503,-3.45443776111798,-3.44926249133651,0.54354410241137,-1.6733048651762,-1.80246764694415,5fb7a9d12d290f35905b2381_day1_block1
269,d1r2,0.562560502781498,-1.32184716242586,-3.58157976243176,0.514522397222455,-1.44127098954173,-2.16858968241542,0.499005746220131,-1.32771939688032,-2.27428704442252,-4.62733797623598,-4.40146919259108,-2.48682713635355,-1.84657567208499,0.491556011557227,-1.2489373851178,-2.22848699117522,5fb7a9d12d290f35905b2381_day1_block2
269,d2r1,0.568295141308651,-2.07095476290122,-3.68854070942413,0.605021215236,-1.66309677555704,-4.71111262398328,0.596055059729553,-1.72282046574271,-4.36964479504869,-5.20721821131984,-4.60468559772748,0.925353822618548,0.817614551106803,0.604936959567554,-0.923577227040317,-4.71871581275931,5fb7a9d12d290f35905b2381_day2_block1
269,d2r2,0.545201135790207,-1.27417389889574,-4.19121749642813,0.534606777845267,-1.21320910778273,-4.68207250302726,0.534883781752085,-1.20258972466163,-4.65457027396773,-5.28655219935978,-5.24731601321573,-4.44628295806342,-4.39880289875963,0.534621976903221,-1.25058022028006,-4.69021570907756,5fb7a9d12d290f35905b2381_day2_block2
270,d1r1,0.50099649791744,-1.08353974674099,-2.97727474680971,0.385913028215757,-0.679230861874237,-1.43643224374736,0.34142527056939,-0.781461697776325,-1.4376174207983,-3.8718667948722,-3.9513652635112,-3.72689490620898,-3.79434956831694,0.280637090769782,-0.489419361683185,-1.3940787614547001,5fb7d150fec8e13db5e27234_day1_block1
270,d1r2,0.237942227921506,-1.00304614770017,-2.27969918358277,0.317515262406442,-0.803576224822812,-1.80378132203854,0.29693086761932,-0.799594432071866,-1.85405713664221,-5.32761455144145,-5.30322166479483,-4.42340208761926,-4.37831215488629,0.278942338915364,-0.786202226563218,-1.83279648828941,5fb7d150fec8e13db5e27234_day1_block2
270,d2r1,0.423882078397251,-0.335751369827447,-3.55127867813865,0.47721084539114,0.0137346579336707,-3.52785147736803,0.419810895361133,-0.0197591922529107,-3.8811502436854,-4.59902261555273,-4.84496078155784,-4.30658747105084,-4.39284644540881,0.560432371275648,0.0680724207811002,-2.65905405151551,5fb7d150fec8e13db5e27234_day2_block1
270,d2r2,0.483247719831711,-1.07977440938611,-2.58767856155507,0.43665394940913,-0.822513734555016,-3.55994904719213,0.445167015541688,-0.886947024045733,-3.24077275583707,-1.67453085952557,-1.61710021372038,-0.87811059341016,-0.867080470337877,0.420609671825086,-0.534163733647586,-3.53675951840545,5fb7d150fec8e13db5e27234_day2_block2
271,d1r1,0.646146253300396,-1.27791038160326,-3.72381352419093,0.709669731574739,-1.20635284783482,-3.26679345304321,0.68764181938978,-1.22239563952181,-3.59837638540343,-5.13974100358608,-5.08306852727252,-4.48207117231268,-4.44377533472511,0.682881574759399,-1.11401491968076,-3.64090600700427,5fb7e16c5619403fe02935c4_day1_block1
271,d1r2,0.673741349336673,-1.00784050939686,-4.0151848678359,0.672521824423198,-1.0893650470825,-4.68890361585227,0.673807585000516,-1.05568573094304,-4.66486176335417,-5.28047243907634,-5.25186022278644,-4.49598548808539,-4.5065907538817,0.673678657019883,-1.04648490650586,-4.67692293357945,5fb7e16c5619403fe02935c4_day1_block2
271,d2r1,0.576209387643545,-1.56312501732541,-2.76344981198105,0.529890850090893,-1.54383646411705,-2.79393262403411,0.524343877375688,-1.52707273667692,-2.61578876430942,-3.79816504169384,-4.09127556711898,-4.56533246285869,-4.51705810541177,0.526050416034479,-1.5620706644703,-2.90798233807333,5fb7e16c5619403fe02935c4_day2_block1
271,d2r2,0.530852063234273,-1.65528347554787,-4.04193713599514,0.53608585305117,-1.52214079997666,-4.01346341382434,0.557065854632072,-1.59552438381058,-3.59598570557251,-5.03743462621118,-4.69736350047923,-4.27419484539839,-4.221265927137,0.545299092777106,-1.51891442480299,-4.05655498016465,5fb7e16c5619403fe02935c4_day2_block2
272,d1r1,0.505284585470446,-0.931134734094366,-3.06941137441328,0.478831840078121,-1.04006609365905,-3.67481450700856,0.477287325409525,-1.07572403389323,-3.65786622059342,-4.02012575682814,-4.16271485733078,-3.61390679012752,-3.54720746506166,0.488481917985584,-1.01114098258722,-3.57550848443127,5fba3a07310990644fc22d50_day1_block1
272,d1r2,0.459852466189713,-1.38924347794481,-2.53309996568327,0.471626494974862,-1.23896822839255,-3.7489822314805,0.475194902463551,-1.25890671242297,-3.5451113575317,-5.19556708665158,-5.23555439320096,-4.47632025624788,-4.44719378114535,0.480358841384098,-1.2220763774534,-3.76787951909502,5fba3a07310990644fc22d50_day1_block2
272,d2r1,0.474582123420109,-1.18305287918481,-2.28200695968542,0.434980332600866,-1.00190836475794,-2.55614278535346,0.430099296563673,-1.00486556483747,-2.5624873453754,-4.89795423753863,-4.84976051778124,-4.53893159124471,-4.49975353479745,0.451235091925281,-0.961660292572503,-2.8586908239332,5fba3a07310990644fc22d50_day2_block1
272,d2r2,0.499902790239598,-1.65992086902455,-1.55650583406091,0.412734764083203,-1.76043497089395,-1.19312742604426,0.406739162507321,-1.83263226797078,-1.17919325284613,-5.90491834530238,-5.91842064352947,-4.4272705589163,-4.40813912610871,0.413595317399428,-1.73235491983551,-1.22420884419791,5fba3a07310990644fc22d50_day2_block2
273,d1r1,0.521952078751835,-1.10073071020639,-3.40939633862701,0.473947028343362,-0.953919674401286,-2.86899596351739,0.457646479808743,-0.955636255674297,-2.780466784618,-4.8089094335374,-4.75057982441497,-3.86929469845714,-3.40922558870401,0.480936312571676,-0.983959192217822,-2.98048867466891,5fba86b47b71a5a60f2ab4b0_day1_block1
273,d1r2,0.440220005237162,-1.64603270281142,-1.8737000276722,0.523116130035451,-1.67688621408336,-2.14279272405282,0.39995110994174,-1.65901026480164,-1.17589615601159,0.221109397353412,0.155489898745674,-4.47832972963817,-4.41210026286621,0.519919177957979,-1.69300682222163,-3.09510650333095,5fba86b47b71a5a60f2ab4b0_day1_block2
273,d2r1,0.512533354690481,-1.305181616884,-3.09186811701523,0.508545966887121,-1.27342477920719,-3.27050433469692,0.509850271883476,-1.30742201422926,-3.05780488963306,-5.27280261889037,-5.19349935585219,-4.48397632889918,-4.43108274088853,0.523884031904782,-1.25328831726063,-3.51961797419262,5fba86b47b71a5a60f2ab4b0_day2_block1
273,d2r2,0.522710642351989,-1.38437770013868,-3.68822996915474,0.525149853088966,-1.33670020130431,-4.21055661341482,0.513829250017501,-1.26314410835116,-4.01667754323462,-4.80710460521703,-4.53083321762327,-3.38194794938074,-3.26855954108241,0.53328397921267,-1.35872444906961,-4.39712560215156,5fba86b47b71a5a60f2ab4b0_day2_block2
274,d1r1,0.700696082814863,-1.22522125538823,-3.30432730656749,0.706824758402271,-1.16807303532741,-2.38716865555822,0.671875056850552,-1.22892987520754,-2.35981764193912,-4.268416569188,-4.27357330780347,-4.50568223012052,-4.52965966885447,0.759541010491285,-1.19237449312045,-2.12415213575467,5fbee50f7dc4081419383b1b_day1_block1
274,d1r2,0.686911828958783,-1.17499343086626,-3.06878471719475,0.669961065118846,-1.45812998458921,-4.30549090942524,0.668607719195127,-1.46869675167012,-4.15498160475969,-3.07640675535426,-3.35119160908678,-2.77644240168084,-2.56626651073181,0.671519316506514,-1.47951918046069,-4.40349378116558,5fbee50f7dc4081419383b1b_day1_block2
274,d2r1,0.677361300714798,-1.09192807210105,-3.78981693113784,0.673402519761,-1.05648280361084,-4.50221839129393,0.675233592700625,-0.998464130462386,-4.4042796799689,-5.1880412026554,-5.12501088053443,-3.03927809880697,-3.01220972841344,0.678336752069925,-0.875266204229734,-4.49063018965786,5fbee50f7dc4081419383b1b_day2_block1
274,d2r2,0.719263565184054,-1.21862624308978,-3.39458218854896,0.694169856637426,-1.09825406480418,-2.11861508176241,0.691720073989849,-1.22063601589665,-2.55710730654988,-3.48753642300455,-4.23557821421906,-3.74342924118826,-4.12613304662737,0.7001987659615,-0.806544006111525,-3.05209992389551,5fbee50f7dc4081419383b1b_day2_block2
275,d1r1,0.520727977465658,-1.59856979224437,-3.98302136488381,0.485616520470178,-1.68773266384849,-3.30533969735632,0.488163426088057,-1.66585265312385,-3.37749675561363,-4.12981533666136,-4.14296385269518,-4.62045381177171,-4.58785784752724,0.485310843982744,-1.70086846124871,-3.31142114023196,5fbf79278fabf61f1042c188_day1_block1
275,d1r2,0.48018203764501,-1.74188651998651,-3.70359372204148,0.423323569827678,-1.7844878883546,-1.78086778764707,0.42250914118682,-1.73253052567782,-2.3254862735695,-1.38349691627047,-2.23265413925074,-4.54496002123086,-4.43023139387437,0.488462449266895,-1.80124280032668,-1.87684973206989,5fbf79278fabf61f1042c188_day1_block2
275,d2r1,0.674762542271441,-1.30729385655243,-3.2704083015264,0.637940435421428,-1.6175524459979,-2.60965597649545,0.633895359706189,-1.51402899207433,-2.78966863747475,-5.08939362638591,-5.09043287855056,-4.04172757661649,-4.1316843964538,0.637908847857384,-1.39959601436305,-2.8049967783689,5fbf79278fabf61f1042c188_day2_block1
275,d2r2,0.739719308779576,-2.13104922506639,-3.72862677659906,0.586444082252694,-2.21754830061275,-1.72272308074935,0.641628753275107,-2.19775792873476,-1.96687619431268,-1.36133642050047,-1.69876924195896,-4.63715156457521,-4.59506549791404,0.6031503799804,-2.21947347236749,-1.77054738497135,5fbf79278fabf61f1042c188_day2_block2
276,d1r1,0.48055796770639,-1.37571808614699,-0.831141015943304,0.468974763004991,-1.7268737569828,-0.335653374130668,0.387385618201766,-1.70564219750195,-0.401009670805366,-5.94694365566087,-5.93088222844767,-4.34775586197257,-4.3523176748198,0.703705067644036,-1.70138254682691,-0.278797901657634,5fc0d12ee844ed0b32c5d4d8_day1_block1
276,d1r2,0.379395410429434,-1.59009895836882,-1.42473186176864,0.488145682559356,-1.29706677589013,-0.95694521871621,0.391520684469529,-1.30290858942932,-0.97951579551898,-5.37530095441203,-5.12080071013217,-4.06687098721553,-3.99717206539684,0.590856353638437,-1.421957261136,-0.864023497392418,5fc0d12ee844ed0b32c5d4d8_day1_block2
276,d2r1,0.553089258459183,-1.45305881190633,-2.06575809353296,0.442417670478596,-1.54841059378471,-1.1907347484589,0.380942997800261,-1.52222193695645,-1.17162739664429,-5.56811288712785,-5.47284947791928,-4.40965644097353,-4.37400880322653,0.491416947939383,-1.56663703472308,-1.19640854723115,5fc0d12ee844ed0b32c5d4d8_day2_block1
276,d2r2,0.810061087545223,-1.89268088311903,-2.09186905542835,0.809907648706247,-2.05931714766474,-1.55358749922912,0.782775106461882,-2.02411320246382,-1.54381728275851,0.50483260963405,0.333467951559981,-3.88104490143972,-3.79131746586092,0.856074941867462,-2.4378024083928,-2.16885979125976,5fc0d12ee844ed0b32c5d4d8_day2_block2
277,d1r1,0.542351485906847,-1.36454357561295,-3.47269701575888,0.533296272935852,-1.32474598686996,-4.26079730319072,0.527505127473476,-1.33185273732523,-4.13638096104572,-5.23177903162006,-5.22180666567744,-4.50304300815871,-4.4626429256104,0.535014358727167,-1.32244243414639,-4.45269568160933,5fc0e980f17f0a02d5e5ff31_day1_block1
277,d1r2,0.620237485675025,-1.66269308249466,-3.4359223215552,0.673136061436156,-1.64751708809235,-2.71246773392058,0.671365422493894,-1.66274457624198,-2.54681403442045,-4.16130096500577,-4.49204289935333,-3.25389995416573,-2.79105552063481,0.659354012443453,-1.6211886861135,-2.7688379233269,5fc0e980f17f0a02d5e5ff31_day1_block2
277,d2r1,0.444077827323703,-2.27046901628045,-3.32529956514825,0.465772871695628,-1.68779798149,-3.04929847833619,0.467958427540373,-1.7277323708144,-3.00183411355356,-3.82082509349321,-3.80133489966877,-1.47062641198231,-1.43195061186129,0.460644562213259,-1.58936422880317,-3.03460191430447,5fc0e980f17f0a02d5e5ff31_day2_block1
277,d2r2,0.484442617166738,-1.68110114304346,-1.68807953344097,0.517599313953051,-1.7366295255246,-1.63241454485693,0.513493088047521,-1.75928705528633,-1.62748707640674,-5.81149635884011,-5.78456910442872,-4.56494200809631,-4.55407054659621,0.465474317330736,-1.64904837298715,-1.63702300397,5fc0e980f17f0a02d5e5ff31_day2_block2
278,d1r1,0.60017770602673,-1.31785148696561,-4.33059746335429,0.598960752426922,-1.17777064007218,-4.63193270296101,0.601461695959427,-1.16971681493771,-4.66231544488047,-5.16830684273307,-5.20803730319755,2.35229620906359,2.2435610280706,0.604950426589352,-1.06795411061047,-4.72471109166222,5fc2c0cfdb80f9025c6b4810_day1_block1
278,d1r2,0.596163245010906,-1.3732654207291,-2.0347573196318,0.493429369079147,-0.605216294379418,-1.46894452340677,0.464937442535737,-0.942232814714527,-1.40481985987599,-4.96796649936078,-4.93432616915087,-1.9904436406702,-2.70234371260267,0.485641389379105,-0.483522856401619,-1.638952674364,5fc2c0cfdb80f9025c6b4810_day1_block2
278,d2r1,0.617697115115123,-1.49158263786492,-2.87310496226807,0.599108072195782,-1.11458779512897,-3.49609262561614,0.587578385651121,-1.41729475827647,-2.83569446811909,-4.78297941778546,-4.284032870683,0.135692022598159,-0.699152785211896,0.604365640068793,-1.52134206118458,-3.99290083447853,5fc2c0cfdb80f9025c6b4810_day2_block1
278,d2r2,0.574377042991017,-1.1525775867408,-4.00276813090334,0.513741310165942,-1.01497078955942,-4.05633530150896,0.556288975908713,-1.07542195548549,-4.34516278019921,-3.39377641438717,-4.26955275129103,1.00150881356188,1.85887961181661,0.574494138448266,-1.03320376731696,-4.46618650678746,5fc2c0cfdb80f9025c6b4810_day2_block2
279,d1r1,0.409513097681907,-0.390078312872404,-3.59995628841267,0.375627180316846,-0.37527729594217,-4.40533373091314,0.369686896542589,-0.383468317232193,-4.31722450402133,-5.14421758799784,-5.09906461470307,-4.4153196797536,-4.32503016902606,0.382432513388492,-0.390412282843018,-4.45340721041371,5fc374aea684f630ebe81053_day1_block1
279,d1r2,0.459838370078758,-0.645585325024876,-2.35578389888485,0.48309651736434,-0.449936165691234,-1.45406695545744,0.371013261942607,-0.422595043984889,-1.5789464929795,-5.41150293454662,-5.3134095401323,-4.47333149475905,-4.45743013815513,0.584638098761258,-0.519723181551314,-1.22421143593429,5fc374aea684f630ebe81053_day1_block2
279,d2r1,0.416238883398805,-0.887813149289727,-3.53339118115879,0.40085788329115,-1.06117330539958,-4.61560795330834,0.4019684622433,-0.977573602955955,-4.54141074751192,-5.21187256429548,-5.19155794216743,1.89629144814031,0.5415336970297,0.397241257860762,-1.18442879483237,-4.68710351137489,5fc374aea684f630ebe81053_day2_block1
279,d2r2,0.550751932898435,-1.35299098424712,-1.92616998879489,0.481978560701687,-1.22517633603446,-1.8464424544462,0.494085302862151,-1.29992667955022,-2.04476045246003,-3.57684742709821,-3.44564373470541,-3.68992146660007,-3.70447499069381,0.480245079454954,-1.09509136462966,-2.15171974227577,5fc374aea684f630ebe81053_day2_block2
280,d1r1,0.608000832542654,-1.25568335740886,-2.75219259073185,0.576762141553558,-1.12491037066728,-2.7465426386117,0.579934484619943,-1.18187395937313,-2.59560439674692,-5.32976047438137,-5.30639350386605,-4.53101848463602,-4.5077484279775,0.580262650326158,-1.06956287761304,-3.03557106764849,5fc4d51b6640b1872ae0e12a_day1_block1
280,d1r2,0.592155789286974,-1.47640471619543,-1.26785006631149,0.600466425351657,-1.41441690724484,-1.08663949523742,0.575981791942981,-1.45383670856098,-1.02761640059469,-5.83202698321644,-5.82025666039036,-4.29266379999838,-4.25627036686426,0.552137442459735,-1.34949540179451,-1.14931301904033,5fc4d51b6640b1872ae0e12a_day1_block2
280,d2r1,0.622148898650941,-1.47273299049983,-1.74567546594775,0.579614068170905,-1.3691025855234,-1.56611678863731,0.587150853352124,-1.39970252376136,-1.49031813615118,-5.71150945630776,-5.73902466277625,-4.38626604311459,-4.34356930383653,0.590974491253643,-1.39366998133944,-1.62262145782912,5fc4d51b6640b1872ae0e12a_day2_block1
280,d2r2,0.656311510236165,-1.47793529834805,-1.71831377438599,0.668056429674453,-1.59010973882519,-1.02652591699284,0.611775143754269,-1.60790028356595,-0.989256419400696,-5.83533790980438,-5.83313659372051,-4.28933278272804,-4.23532330469072,0.698038406032408,-1.59619289171435,-1.06429577741194,5fc4d51b6640b1872ae0e12a_day2_block2
281,d1r1,0.584695678127943,-1.31884425611465,-3.59499984499669,0.598681602147214,-1.25829974171297,-3.75673713045372,0.590305860899328,-1.28356188380791,-3.84807987615166,-5.23022828176766,-5.2199627783889,-4.511329554444,-3.83243949166781,0.611873513981057,-1.22366272056341,-4.02406496037816,5fc6e53f73967e40748a039f_day1_block1
281,d1r2,0.60621310830642,-1.3610247270281,-4.23201052112762,0.606454996203214,-1.34357675945028,-4.71226699896846,0.606028577009917,-1.48378232777352,-4.7232855805061,-5.29331055833593,-5.29024333952762,1.22499266337917,1.45132744949634,0.608735049701245,-0.81472944982421,-4.63499911240179,5fc6e53f73967e40748a039f_day1_block2
281,d2r1,0.579411332169068,-1.4581095470158,-4.0993584385572,0.534292139591934,-1.42722330814639,-4.27894410174342,0.549120950482705,-1.38672426610184,-4.28963275964019,-5.28641997231874,-5.27154032879577,-4.4376693719481,-3.07718083193734,0.533342800945003,-1.43774346482228,-4.35782810286348,5fc6e53f73967e40748a039f_day2_block1
281,d2r2,0.50622197725475,-1.24269561651995,-3.37512881339959,0.483523666312422,-1.11484824171272,-3.63159558630462,0.499335317277311,-1.10541143852007,-3.73056682551671,-5.09069115242235,-5.11752445530247,-4.53755004695377,-4.46626732556701,0.498040068842666,-1.1077593439447,-3.77134876846389,5fc6e53f73967e40748a039f_day2_block2
282,d1r1,0.457763757765096,-1.17734402139024,-3.71498956881687,0.468861711803682,-1.33239298664048,-4.61645190688695,0.467038043770951,-1.32640692335532,-4.64678837166945,-5.08877523127822,-5.13549616552186,-0.659720933604538,-0.601068767606833,0.469628438068145,-1.547688147314,-4.60671250778274,5fcd3e27bbf1d3c57f8a6a04_day1_block1
282,d1r2,0.46851166509967,-1.78399602518606,-4.25894289523821,0.466349349184154,-1.91237953001341,-4.70344785742737,0.466447477279767,-1.9077198158196,-4.69645972778172,-5.28954843491672,-5.26701373880975,-4.67916348319186,-4.66420710126416,0.466287167901038,-1.91568692519813,-4.70814041985938,5fcd3e27bbf1d3c57f8a6a04_day1_block2
282,d2r1,0.600638191199236,-1.41266676860757,-4.36291855642792,0.605525579644081,-1.06456835289014,-4.72327296645036,0.605528364574713,-1.26170846882868,-4.72851170922308,-5.31678410860088,-5.30756870340672,1.75192561026746,1.69605284845096,0.605002358432868,-0.883261640729693,-4.7053916125703,5fcd3e27bbf1d3c57f8a6a04_day2_block1
282,d2r2,0.656568217655731,-1.08782221085964,-3.94238899861334,0.659003545788196,-1.10470194268287,-4.48899998283248,0.662113627003537,-1.11461022226024,-4.53240178274106,-5.07086656350891,-5.09396797075287,-4.48376874708769,-4.41153876550602,0.660838244312857,-1.11772529343221,-4.53670833557794,5fcd3e27bbf1d3c57f8a6a04_day2_block2
283,d1r1,0.720108418263027,-0.883773344643416,-3.48385063933238,0.72285961448657,-0.92296636446952,-4.1662784878973,0.72039226990808,-0.921874820486428,-4.02660350206737,-5.25808286398554,-5.25608479897637,-4.40043612152453,-4.38172462469399,0.722021382948205,-0.941589001591121,-4.14963777492087,5fce7307ff1e8a094b9b3db5_day1_block1
283,d1r2,0.729944773204683,-0.818108215390912,-3.90112924358244,0.780598205658064,-0.833007468003333,-4.2744513897961,0.769774668388499,-0.843570749873764,-4.34148187969653,-5.01373043005039,-5.04570582403174,-4.19823326030672,-4.08075871462289,0.784294300149567,-0.860528840894542,-4.27469442976588,5fce7307ff1e8a094b9b3db5_day1_block2
283,d2r1,0.693383611311038,-1.21851702295598,-3.28464116729983,0.632719998487609,-0.891422031953958,-2.11083515901971,0.681320266599491,-1.072437191405,-3.13970588849355,-2.01368188967856,-2.35862121813414,-2.76440845290216,-2.66156153570959,0.722257797437826,-1.12541909952113,-3.9480186443921,5fce7307ff1e8a094b9b3db5_day2_block1
283,d2r2,0.650454081003638,-1.65994611011022,-3.34294268276579,0.672705563828509,-1.77160984690992,-4.3580301942536,0.671458604322474,-1.7692316456425,-4.2966493563709,-0.179429182389949,-0.204168274808114,-4.46158891755946,-4.40433515963032,0.673091092308629,-1.78845793478267,-4.37666804885094,5fce7307ff1e8a094b9b3db5_day2_block2
284,d1r1,0.574033055963236,-0.92074864747937,-3.57981558124595,0.597718364334817,-1.29218674885785,-4.65218388357835,0.577753764377443,-1.06982758649409,-4.41209391652123,-5.18616683680432,-5.04850952197864,1.79734137828238,0.816958666750717,0.605080944844985,-1.49620485274283,-4.72551823654616,5fd12977b3454109d222d126_day1_block1
284,d1r2,0.602105671646266,-0.766885966925949,-2.62133169998998,0.557713399682275,-0.70327288914726,-2.19316791166784,0.528977898825703,-0.872492392272933,-2.15604459878394,-4.54390807746571,-4.4680431824666504,-3.41033836495518,-3.15433310975718,0.564825859721521,-0.721914669690876,-2.26227188519445,5fd12977b3454109d222d126_day1_block2
284,d2r1,0.605605623366953,-1.14277209068105,-3.14208796286386,0.608795086822134,-1.10212247608407,-4.2882592398654404,0.604021906694488,-1.11989140796554,-4.20462193710649,-5.27895690159623,-5.26675604555649,0.431134334282878,0.49293831221109,0.606958063651216,-1.38204753683376,-4.51516501683118,5fd12977b3454109d222d126_day2_block1
284,d2r2,0.63132059270265,-0.691566083456273,-3.10867675109783,0.566610914256427,-0.486414000745714,-3.18604289113031,0.579679322054716,-0.465566201509089,-3.38549517716559,-4.9738696523916,-4.97319126744903,-4.38434388856259,-4.3173182003983,0.600855017779899,-0.455849313306657,-3.57781314573408,5fd12977b3454109d222d126_day2_block2
285,d1r1,0.482237289732091,-1.25727342170235,-2.18497689348485,0.460252480523731,-1.65189503302715,-1.3733819611819,0.43208451154453,-1.68122908299212,-1.36741406203828,-5.74806821395316,-5.72276586618876,-4.10412640273053,-4.00022506047093,0.422371973857432,-1.6125675386126,-1.42538870248054,5fd7ffb80dcf9d11e387fb71_day1_block1
285,d1r2,0.424309197477682,-1.18133059446684,-2.68329087069697,0.286419233711494,-1.38962284040086,-1.62016112174593,0.276261081853108,-1.43585625997308,-1.57980680630874,-5.44750643625395,-5.41919548686065,-4.29939173885193,-4.22919133668295,0.240155716855512,-1.29617474801886,-1.71740413681152,5fd7ffb80dcf9d11e387fb71_day1_block2
285,d2r1,0.467236334392829,-1.75234187956403,-2.36558366012827,0.42196236038198,-2.23304475569476,-2.01191219259274,0.450688659230287,-2.02927055060724,-2.04211792397533,-5.67531652239702,-5.66011129955525,-2.53387537934143,-2.91071050465675,0.498801970190084,-1.59525021360975,-1.96535287518614,5fd7ffb80dcf9d11e387fb71_day2_block1
285,d2r2,0.308672191985389,-1.76003640829931,-1.99181814573053,0.107288126873919,-1.95119446066878,-1.55137236943702,0.168744146177144,-1.96190372772551,-1.57783370359588,-5.84407354682466,-5.85233082389875,-4.54149358358801,-4.54227332162617,0.102798347306825,-2.01129209124512,-1.58916499560645,5fd7ffb80dcf9d11e387fb71_day2_block2
286,d1r1,0.869860178356703,-1.41545945998818,-4.11968755857473,0.894160928404455,-1.63060753010295,-4.66782983915078,0.890985343754348,-1.22405139455071,-4.58851960537196,-5.20049604674936,-5.00720392527592,0.0973477177661524,0.071891465948736,0.89413644175379,-0.494856959106892,-4.69187900956531,5fd8f7c6eedf08333966d8cf_day1_block1
286,d1r2,0.845599954639864,-2.00220453698451,-3.33500367425041,0.844252864966072,-2.49949200727294,-2.37936941116116,0.815326447388388,-2.35255821727837,-2.73117527539991,0.990402182932859,0.649039391334238,-4.3569893665345,-3.97677855244199,0.881980139681293,-2.56664318247583,-3.1581001995476,5fd8f7c6eedf08333966d8cf_day1_block2
286,d2r1,0.869819636501686,-1.97452924371004,-3.79632287343852,0.890880633851234,-1.23716202120458,-4.49956602764882,0.886411667820724,-1.02466051514006,-4.26215178693579,-4.90254907569556,-4.63886785073223,-0.858591584697779,-1.05389364850513,0.89487346596697,-2.15801768150999,-4.69502631502672,5fd8f7c6eedf08333966d8cf_day2_block1
287,d1r1,0.534778274890952,-0.173260439196445,-3.07576724575409,0.566294027439548,0.0192915924219972,-4.14810952895943,0.549622998382552,-0.200692024456942,-4.20959219616007,-5.11660129357566,-5.11421600477578,-3.86464589673085,-3.51864899695487,0.560643582869619,-0.0259627855905802,-4.24072311998312,5fd910677f51dd16f9c48f30_day1_block1
287,d1r2,0.602245219889462,-0.543101238399643,-3.32891872501759,0.550192655278439,0.0678579754667373,-3.91109580126554,0.542446465029924,-0.711866129437377,-4.01331404494991,-4.68962754457331,-4.80442601673693,-0.946417169850908,-1.08722844575376,0.53866856855106,0.241240522398606,-4.20904038438113,5fd910677f51dd16f9c48f30_day1_block2
287,d2r1,0.573730291312705,-0.91403645895544,-3.58295393742597,0.542729619690703,-1.03426325025207,-4.15950579290495,0.540547729906983,-1.06105652378782,-4.04603522022614,-4.56895310510401,-4.62514896345747,-2.76922399959828,-2.75964217754522,0.539239998643583,-1.07435964753787,-4.26487574103336,5fd910677f51dd16f9c48f30_day2_block1
287,d2r2,0.540758874792592,-0.871614523843012,-3.74776719844189,0.567386987787106,0.178558564357835,-4.20288097007903,0.552853070446887,-0.133472554570865,-4.36885973983425,-4.92965870020957,-5.03901996354522,-1.39959159640325,-1.70332950224519,0.570215196878218,0.140874611512074,-4.13731885997299,5fd910677f51dd16f9c48f30_day2_block2
288,d1r1,0.43032051542507,-2.17842252768385,-2.61354971498484,0.38030477889477,-2.4544665473513,-2.02917345841581,0.378376914460387,-2.42093892197074,-2.02897203178061,-5.82159601037485,-5.80215685400249,-2.62839196325692,-2.85391361744253,0.394571162590891,-2.90908518379838,-2.05261979881095,5fda41bb951b37640039d2e7_day1_block1
288,d1r2,0.543099950453694,-2.17537295598246,-3.16633293791969,0.51731055463449,-1.86304728566574,-2.99608516972305,0.516654037738802,-1.85604721267317,-2.96222231534272,-3.83985901632855,-3.83131434068507,-1.77058352453631,-1.68513141132406,0.517816818601034,-1.86856323841156,-3.01938127265502,5fda41bb951b37640039d2e7_day1_block2
288,d2r1,0.602096713577238,-3.3169317585976,-4.27971265539785,0.605502347315941,-3.53341835414584,-4.39169293340271,0.605504097352119,-3.51205968080523,-4.41938653375902,-3.60896518238804,-3.94411517404088,-1.88253270854518,-1.60746950296272,0.605500713350799,-3.54665309775238,-4.36949611554546,5fda41bb951b37640039d2e7_day2_block1
288,d2r2,0.489479712023222,-1.77884060635403,-3.58303622584697,0.536590426721991,-1.79284467952427,-3.15706589759552,0.531504987582648,-1.81074611057838,-3.01606243756235,-3.66695004196752,-3.80351593797657,-4.58090276186769,-4.56024208460921,0.54197152944656,-1.77119318884754,-3.22317308823939,5fda41bb951b37640039d2e7_day2_block2
289,d1r1,0.574609186039908,-2.03658897528358,-3.54339005923304,0.53908869708964,-1.48784905705571,-2.49896554997012,0.538622048228806,-1.5001991649022,-2.45479476157731,-4.68361285619156,-4.73286944308979,-0.852268900893762,-0.757614475323965,0.534514386252337,-1.46992031951889,-2.57751328396441,5fde131b0f62f44d590d98be_day1_block1
290,d1r1,0.585787579193978,-1.21970126011559,-1.95378507690084,0.580335893020805,-0.544903793834014,-3.64807093571739,0.590232898810687,-0.601235074437303,-3.406514808023,-5.34281085084728,-5.36125978526267,-4.46126749730266,-4.38870232617004,0.601360049643037,-0.510359487155022,-4.02457564458094,5fde8b3e398b8b64d17b34f7_day1_block1
290,d1r2,0.613853693760422,-0.907773806005315,-1.52454056129398,0.629334020902652,-0.00898076625788577,-3.75495286628004,0.644397326352848,-0.254264002215606,-2.99966023498703,-4.88330057679329,-4.9037254289129,-4.07436721377145,-4.06364424528692,0.593762488446961,0.162661320077615,-3.75019753415253,5fde8b3e398b8b64d17b34f7_day1_block2
290,d2r1,0.682759774541149,-0.977507286434191,-1.32360330772281,0.511896463219663,-0.765855975283528,-0.793978226730659,0.530457948769191,-0.851649105169985,-1.01479075020212,-5.70790954447439,-5.69588866966021,-4.25977640445635,-4.31884073124919,0.426855045033936,-0.332018260849491,-1.06442937121988,5fde8b3e398b8b64d17b34f7_day2_block1
290,d2r2,0.872748220839266,-1.16471229672445,-4.18470478053622,0.893029900607293,-1.15804219123752,-4.71843266831325,0.892712176881728,-1.28997421065451,-4.70512576741445,-5.32501670257324,-5.30171048942078,0.812949055661599,0.80102154135639,0.893563756040524,-0.634830651144205,-4.72965663424681,5fde8b3e398b8b64d17b34f7_day2_block2
291,d1r1,0.604164382534324,-0.797634462041617,-2.31511257252479,0.578821597856715,-0.606199867368266,-2.85953652723455,0.557132389110903,-0.688126072611081,-2.59114205204958,-4.89792699740594,-4.95405355330859,-4.23568591837672,-4.14821536656154,0.564379664846526,-0.555208406721879,-3.11771861590071,5fe07d7950a719947124ee7d_day1_block1
291,d1r2,0.483363833780386,-1.31059970196859,-1.98250425715024,0.465745134506772,-1.08647702914601,-2.8320721636196,0.454834404360052,-1.14950009425272,-2.65421575537138,-5.26739963495776,-5.29060639845938,-4.36405614624406,-4.35164124619967,0.430865290124998,-0.755216916846,-3.65892672723407,5fe07d7950a719947124ee7d_day1_block2
291,d2r1,0.564222591429211,-1.30261530598666,-1.84949421340225,0.477993220954621,-1.18852146984128,-1.26564564915917,0.421667893240819,-1.21138742042438,-1.23619117847631,-5.75647737044898,-5.7055733045336,-3.83202912358039,-3.78374108163892,0.459506511945237,-1.15009151527785,-1.29470268818075,5fe07d7950a719947124ee7d_day2_block1
291,d2r2,0.773769240101952,-0.869907373654104,-3.04763435690514,0.779129431891249,-0.847054072436087,-4.18992389664732,0.782233628535222,-0.828203870688673,-4.12117108861779,-5.14917394659135,-5.1574476641419,-4.24631022605611,-4.27403202893204,0.783305880091498,-0.897584023726303,-4.34018646873262,5fe07d7950a719947124ee7d_day2_block2
292,d1r1,0.449049889597316,-0.452888533558345,-2.55936556077449,0.468408868340648,-1.39801003816722,-1.50285623568143,0.34296517401493,-1.52510712656084,-1.81495220371469,1.46514786866955,0.519698147922528,-1.06758822356473,-1.49690937551144,0.500551127723012,-1.22734410240098,-1.86298612592023,5fe0be4ff4e233a3b31373e3_day1_block1
292,d1r2,0.524285556297937,-0.965362122062613,-3.18320062717832,0.499853543213646,-0.915444854650704,-3.77333113221943,0.489645702722946,-0.928226455923083,-3.64463052170895,-4.62887564286481,-4.49155917706253,-0.410522433687783,-0.498457578893815,0.508175584752728,-1.49104248317721,-4.04140999913961,5fe0be4ff4e233a3b31373e3_day1_block2
292,d2r1,0.454204959930607,-0.299026440209559,-1.70938500068801,0.386085999622679,-0.0817646371225503,-1.44452595799135,0.318246732984776,-0.236740418575542,-1.31192839115995,-4.16027007614401,-3.12745609911442,-4.07234741981649,-3.9651144131366,0.448724631389506,-0.198408594878982,-1.44321260563635,5fe0be4ff4e233a3b31373e3_day2_block1
293,d1r1,0.579190042674597,-1.45851821866378,-3.15100639189397,0.531079722862354,-1.53877424545852,-3.3083364970702,0.536202474676221,-1.54466409430714,-3.18178355666438,-1.94192155271146,-2.31811848443156,-0.89951188304747,-0.709071220613246,0.559719131107095,-0.872136377529756,-2.94601690498592,5fe0c7aac9707da1c9f069dc_day1_block1
293,d1r2,0.570808795742775,-1.12827746866234,-3.79120732969126,0.528915711979126,-1.10642805647198,-4.05876347459279,0.526726132916488,-1.10327474236888,-3.95167013300977,-4.46007559154242,-4.36977435145435,-3.56482772911943,-3.15299165674054,0.540479912608908,-1.12808550384626,-4.1877746397482,5fe0c7aac9707da1c9f069dc_day1_block2
293,d2r1,0.522796745831561,-1.28412861687953,-2.67634620917139,0.532671647538661,-1.21047183323374,-1.91847624494784,0.489643232573984,-1.26995566310693,-1.78529454963455,-5.41433925885413,-5.4123170426338,-4.45120163960424,-4.39191821019603,0.540497595029615,-1.12321957100844,-2.09931491443887,5fe0c7aac9707da1c9f069dc_day2_block1
293,d2r2,0.486079905798691,-1.38246181117486,-2.2168485573093,0.500152167755407,-1.47998630387172,-2.73809699237536,0.512052121245755,-1.47836017475421,-2.62991363717392,-1.2143916079162,-1.40013226850467,-4.4266545384776,-4.38585127511195,0.380851070363812,-1.43470088694918,-1.65073261327056,5fe0c7aac9707da1c9f069dc_day2_block2
294,d1r1,0.49371155889121,-1.74716634764225,-2.54138653933546,0.486290673564142,-1.53253993396612,-2.91748404718602,0.484352144826192,-1.49500263436608,-2.85385239054661,-3.808437190785,-3.76648168699804,-4.30893738370087,-4.20766576939757,0.485756367729554,-1.55968566983279,-2.95296389462505,5fe328a0a53c57f645dc0b19_day1_block1
294,d1r2,0.5362160039153,-1.60853581630048,-4.14704894821738,0.534846300091828,-1.58226615207393,-4.6766543410973,0.533616843006251,-1.55991989441792,-4.61312848137456,-5.31424188521197,-5.27168627153644,-4.61189993143922,-4.58458594153804,0.534759102617948,-1.60310885724705,-4.68235768633486,5fe328a0a53c57f645dc0b19_day1_block2
294,d2r1,0.518915612325103,-1.52258829741403,-3.96628313442317,0.533801846344117,-1.58472349254344,-4.52152072642181,0.530690714409653,-1.57230897600809,-4.42831984275341,-5.09734687278542,-5.03852240602488,-4.58226611143501,-4.56112853753466,0.534664676317257,-1.59774100948904,-4.57712770678194,5fe328a0a53c57f645dc0b19_day2_block1
294,d2r2,0.463219904038399,-1.89413855733647,-3.24581937738636,0.435822552322927,-1.84432104968673,-2.12918634327484,0.409342138761566,-2.55204238332786,-2.30555675888642,-4.609728830271,-4.54505871267209,-1.46355478212508,-1.40360133807496,0.431949438704712,-1.71010102593625,-2.11166421397745,5fe328a0a53c57f645dc0b19_day2_block2
295,d1r1,0.685839790904007,-0.415894506116263,-2.42896087208753,0.712311140295698,0.284354066924881,-4.11672000268078,0.695914166994407,0.259383778572599,-3.55781044209669,-5.03372629960715,-4.5856178098744,-3.66311983410521,-3.45694386901889,0.715282110659105,0.239114267635039,-4.27858373870524,5fe5d037b939ed3e8fd1e41a_day1_block1
295,d1r2,0.585558080462307,-0.615236344848553,-1.34068505785142,0.637951132921039,0.0416248363819854,-3.30933281766027,0.657061661779421,-0.12127735883878,-2.61963224717029,-4.58635839500298,-4.42331965431499,-4.3403687761558,-4.28571544656721,0.625174719197853,0.0488442952272922,-3.55200304808482,5fe5d037b939ed3e8fd1e41a_day1_block2
295,d2r1,0.701944608442315,-0.55856854149552,-2.59934345582897,0.701435928166364,0.194477350186612,-3.67838754480508,0.691291228007913,0.219548956223492,-3.3336776286036,-5.02974347225343,-4.75860843740858,-3.99290390344331,-3.70752012079933,0.693219584009901,0.184874747424219,-3.777891542976,5fe5d037b939ed3e8fd1e41a_day2_block1
295,d2r2,0.673953463330789,-0.420784995452006,-2.668680393248,0.632471805749227,0.169921761289847,-3.56720488580419,0.627799875626243,0.149690088545369,-3.42858069590439,-5.05484029080909,-4.96250294336168,-4.47920962132161,-4.40641846540138,0.624047219480438,0.168165709449728,-3.62627804643981,5fe5d037b939ed3e8fd1e41a_day2_block2
296,d1r1,0.501337846992495,-1.47911117554046,-3.2046902959114,0.496595364407593,-1.57354063819716,-3.22791496488832,0.484229092641039,-1.54900013114013,-3.31470068976284,-5.1360065089985,-5.08225885662323,-4.44673985242027,-4.41484975760685,0.51669244150265,-1.56328362086635,-3.0298341048468602,5fea2b5ebd6f23a036123648_day1_block1
296,d1r2,0.509852561126924,-1.44748514765284,-3.35019649010101,0.511493907166666,-1.53626245957186,-2.30216935891203,0.480037099588089,-1.53319021612705,-2.27500967639161,-4.85238951166571,-4.66641652078632,-4.53240283017374,-4.49938172754761,0.529301080352557,-1.54057328699902,-2.18925618214614,5fea2b5ebd6f23a036123648_day1_block2
296,d2r1,0.464039016893461,-1.28039662817557,-1.92615451571389,0.506168444902411,-1.43220781165794,-1.47089213076802,0.492433895340756,-1.41776367580657,-1.43152703499431,-5.44269095130271,-5.46995425428463,-4.25177466432845,-4.24861457084166,0.519926228329027,-1.42376753520494,-1.51290705493016,5fea2b5ebd6f23a036123648_day2_block1
296,d2r2,0.528940005262466,-1.28909264143905,-4.11959614075172,0.53588743228777,-1.28676417521011,-4.69599114012617,0.535703578473111,-1.25908262122415,-4.66081713392685,-5.29786286994409,-5.25875814223134,-4.53856794180294,-4.49236180854998,0.5364314702759,-1.29459173311455,-4.69683531834336,5fea2b5ebd6f23a036123648_day2_block2
297,d1r1,0.598423562237196,-2.44625099177735,-4.16265085841329,0.605529259934044,-3.52025880634923,-4.65065133576268,0.605528625263047,-3.4707913715826,-4.65246384793161,-4.98794278483089,-5.03162463494424,-0.807132625086754,-0.677607218436381,0.605529613777965,-3.5484069047978,-4.64896731444075,5fefc315fd725a386c6aac79_day1_block1
297,d1r2,0.605687597177401,-2.07856723771952,-4.25401725770583,0.605529805828677,-2.90278432572972,-4.74194892785429,0.605529174715728,-2.82259292883258,-4.73758850318095,-5.31179452347416,-5.29263013309385,0.30506534839289,0.377774315601051,0.605530152287501,-2.95511870629571,-4.74491880934647,5fefc315fd725a386c6aac79_day1_block2
297,d2r1,0.511543220224346,-1.82051186489762,-4.34860944228347,0.534558223364904,-1.91108186476001,-4.71228084236058,0.534546541959436,-1.90568221735921,-4.70635169774457,-5.3145403658733,-5.29326239907613,-4.6825326616352,-4.66759833797763,0.534570947017776,-1.9146985445258,-4.71623185029788,5fefc315fd725a386c6aac79_day2_block1
297,d2r2,0.396047958335758,-3.39577355572764,-4.24513324814313,0.383943725788841,-2.40705188526511,-3.41477980199122,0.384944904657223,-2.95662041416262,-3.88805132762211,-3.4335811669815,-4.14815207431717,-1.29781529990428,-2.70131302956549,0.394534617808245,-2.9650977370829,-3.63510923801484,5fefc315fd725a386c6aac79_day2_block2
298,d1r1,0.656127210941177,-1.69230343583807,-3.68830074295541,0.645097045067945,-2.19021966192684,-2.36036975677433,0.63671851971305,-2.17120106139174,-2.71999918735209,-5.28308842912835,-5.21189405595944,-3.27030403896367,-3.40729254620763,0.676195765165097,-1.80840421182424,-2.5078546279372,5ff1f064dfad1566c37554e6_day1_block1
298,d1r2,0.633401530752494,-2.45313095575848,-2.692126937631,0.659953825396726,-2.51024991518737,-2.20501323714707,0.632715105566846,-3.05862193519813,-2.40815191707987,-5.19284953380536,-4.81197731637925,-1.172810593672,-1.25017669686532,0.679921987557195,-2.04006591244311,-2.08500723270706,5ff1f064dfad1566c37554e6_day1_block2
298,d2r1,0.637070399970817,-2.28851314420693,-2.7336019317222,0.654399828180911,-2.2815632814861,-2.19877203977219,0.629950293809676,-2.81120627692462,-2.25029614967796,-5.43408621728016,-5.33923522485441,-0.993647218564124,-1.04571723313705,0.67929170410089,-1.97397059934558,-2.06392831090654,5ff1f064dfad1566c37554e6_day2_block1
298,d2r2,0.667203948356503,-1.64009683268298,-4.33990392295381,0.67160536872192,-1.78446015420137,-4.73587192583128,0.671616767698879,-1.76933978773528,-4.73056222240096,-5.3303239677026,-5.30917057826065,-4.56492834047386,-4.55676865362321,0.671595338729755,-1.79619203102774,-4.73964461063612,5ff1f064dfad1566c37554e6_day2_block2
299,d1r1,0.441588278276097,-0.844404960363617,-1.40507226019609,0.514206327467073,-1.08259029932613,-0.621700247432862,0.377327047851502,-0.976591695391996,-0.669662147076074,-5.66277652162013,-5.55010249486873,-4.02446479656907,-4.07534097938552,0.589447756940978,-1.22098512372568,-0.629987892053064,5ff77a40326eb6444a1b925e_day1_block1
299,d1r2,0.409869572500152,-0.684246078413524,-2.09399540750039,0.416246328873173,-0.221409575271276,-3.91519281389949,0.413333088099048,-0.352582391144825,-3.33012640085558,-5.1646432869917,-5.22714668940942,-4.31392748650747,-4.33248998164639,0.412762440485767,-0.197399201017037,-4.10902462252975,5ff77a40326eb6444a1b925e_day1_block2
299,d2r1,0.438319792179335,-0.396213416037848,-2.94619446976895,0.383985550927191,-0.0943980094004707,-3.59488558501984,0.364616117168001,-0.118199253846308,-3.36504817802566,-5.05091984543925,-5.00900150628574,-4.48706206060367,-4.44585157289702,0.407918495343199,-0.0779948556597312,-3.83382063547262,5ff77a40326eb6444a1b925e_day2_block1
299,d2r2,0.502399618455836,-0.400138140455528,-1.66331690973773,0.479601384464742,-0.116376509670478,-1.42845724033276,0.392647358691113,-0.183747447962311,-1.42204433536425,-4.53226586706862,-4.63302928835689,-4.20329331987374,-4.22193011613428,0.498054766790352,-0.102996909748854,-1.53540229762727,5ff77a40326eb6444a1b925e_day2_block2
300,d1r1,0.514542385279576,-1.72156721614946,-1.10728103054908,0.637695631635439,-2.12040599257448,-0.638494192768378,0.547966675873295,-2.07761235513634,-0.568145302785743,-5.75258927150052,-5.79751111700981,-4.31258175166077,-4.28628321963619,0.696916335575094,-2.06808021609815,-0.697727280185969,5ff797b72ac13349beac1906_day1_block1
300,d1r2,0.525711168803977,-1.62933895547777,-2.22382506354946,0.445649501665278,-1.40368501638946,-2.15198479820163,0.431427826014447,-1.47185545952995,-2.10913197182833,-3.68902389564029,-3.54022512764959,0.346354621900532,0.314242279457128,0.487495189636891,-1.48515689583851,-1.8278231234201,5ff797b72ac13349beac1906_day1_block2
300,d2r1,0.602376009789937,-1.40328921361836,-3.51005443127089,0.577969851186884,-2.1431703749175,-3.45127695323799,0.57376379243333,-1.61682152026159,-3.61030418060316,-4.83236831549891,-4.78131168691037,0.159175145747693,0.306419944243683,0.605416881566426,-2.83881818428793,-4.00429070575044,5ff797b72ac13349beac1906_day2_block1
300,d2r2,0.564340237460295,-1.47926855557642,-2.93597237179049,0.591893532672684,-1.61650429098303,-4.13913060090259,0.525808575855413,-1.34294303939966,-3.13708903636705,-4.52738865297607,-3.69737299224261,0.782586536434194,-0.213059849104742,0.605432732513651,-1.9430141071241,-4.60352959934681,5ff797b72ac13349beac1906_day2_block2
301,d1r1,0.448581045035889,-1.39295361835245,-2.81823779116998,0.221324198227561,-1.53986260242595,-1.68846988226057,0.257830865583084,-1.51770619100815,-1.69180287617078,-5.15690166088864,-4.92097971049529,-4.54749971345842,-4.51234187783163,0.221303934225047,-1.51657221352179,-1.77897914000513,5ff866b014e42704466f8ec5_day1_block1
301,d1r2,0.269694792297216,-1.49374474260375,-3.01403967218764,0.18816336108565,-1.80849210184,-1.76263704174723,0.163317517960768,-1.79695474160171,-1.69095273726347,-2.68704652170632,-2.47341720095062,-4.25029660146365,-4.18875301809633,0.12605106125568,-1.75928436831891,-1.08197804752426,5ff866b014e42704466f8ec5_day1_block2
301,d2r1,0.448522201598496,-1.54030870653921,-3.07962308889487,0.347851447823037,-1.6183040131373,-1.99847845278553,0.390493050535197,-1.51131807799655,-2.68726915118912,-4.64768674011823,-4.58442979693707,-4.32162102458359,-3.99736241373474,0.335113363689829,-1.62452773051231,-1.98760114007861,5ff866b014e42704466f8ec5_day2_block1
301,d2r2,0.337431715755072,-1.76169204453758,-3.09014776921937,0.381819824167492,-1.83711504917654,-2.70649929203656,0.384192828597999,-2.30416604114597,-2.58890415688227,-3.65094819995103,-3.83091274758321,-0.0340577437532672,-0.212143021382048,0.373716182317697,-1.29294360108713,-2.69288277496294,5ff866b014e42704466f8ec5_day2_block2
302,d1r1,0.486048618384707,-1.22154526827045,-2.62380616658069,0.447522720372354,-2.20003192651547,-1.80207483539543,0.416961176737179,-2.10540427988787,-1.78303611825401,-5.33475756337768,-5.251251243768,-1.43152725333371,-1.91039619143438,0.425108350053834,-1.8608722963865,-1.74572906426796,5ffb5b3dc598145ab98eeea5_day1_block1
302,d1r2,0.44323669402744,-1.68360634241754,-1.97490359639388,0.391902825664999,-2.09272723544518,-1.53995339634068,0.376192452663032,-2.00717433752403,-1.5103606546586,-5.60069667196814,-5.562577255958,-4.14549317037678,-4.2850570037592,0.395754397647705,-2.34669397998043,-1.58396016966295,5ffb5b3dc598145ab98eeea5_day1_block2
302,d2r1,0.581532111804265,-1.72749663433634,-3.64775261974194,0.560015385055135,-1.94742265433172,-2.24202925372865,0.554011425599526,-1.75563846582536,-2.57052037022258,-5.29297572460793,-5.19421285678251,-1.12225574271077,-0.802634475258392,0.547160741599617,-1.61466989419548,-2.26778389909002,5ffb5b3dc598145ab98eeea5_day2_block1
302,d2r2,0.415267146280725,-1.70096118309085,-3.64611984320431,0.484774096462264,-1.76459669372312,-2.19182138952305,0.447674897098419,-1.32801372898196,-3.21058887866546,-5.29174263039173,-5.20032743806849,-1.74171819269413,-0.658749404418258,0.493251123328906,-1.92171725375324,-1.99814233285143,5ffb5b3dc598145ab98eeea5_day2_block2
303,d1r1,0.423979839518836,-0.357671212898747,-2.66341114067925,0.429584088561604,-0.260135026836256,-3.15968918208733,0.397109297979133,-0.243628031120813,-2.99423584264773,-5.26229957661162,-5.21245390330102,-4.37679264236636,-4.39418163723064,0.423469182429435,-0.200850579310561,-3.3918474712873,5ffca360e5368712c0d99025_day1_block1
303,d1r2,0.485957974485321,-0.439509832212131,-2.80320220983186,0.530627419490347,-0.427241061894989,-3.35233361740789,0.493923266265987,-0.325252415085245,-3.23278644509065,-5.20676408495373,-5.16896940279561,-3.53957605310468,-3.94189240138524,0.666355355143415,-0.440964071920731,-2.74602151245498,5ffca360e5368712c0d99025_day1_block2
303,d2r1,0.56475092590011,-1.08310203436624,-1.16206080504222,0.553606798556027,-1.3953705102441,-0.907392092649021,0.477941786406529,-1.28871860903544,-0.910908357461929,-5.38868466928218,-5.36843810924372,-3.38160202976904,-3.54186425144766,0.610525004627031,-1.46677488544888,-0.820338018335689,5ffca360e5368712c0d99025_day2_block1
303,d2r2,0.307082632420973,-1.43978725327593,-0.784762641742193,0.357125289682422,-1.00451175157631,-0.708231183720261,0.291269547448374,-1.08060994453936,-0.619212041142625,-5.83085732024547,-5.83672278583626,-4.17761487460425,-4.14171552433982,0.265577756731743,-0.808884987723315,-1.01114215939192,5ffca360e5368712c0d99025_day2_block2
304,d1r1,0.664781732056157,-1.72750076674285,-4.2995747973274,0.66891273768912,-1.70299859237094,-4.62236964679165,0.669665515618482,-1.7575293431592,-4.65830621091436,-5.20598073585393,-5.22889962351821,-4.43529795245811,-4.49107155012639,0.670737406668941,-1.68160777043134,-4.71139384888158,5ffdb0f68f292634adbb3032_day1_block1
304,d1r2,0.586416139769634,-2.5738734508026,-3.61813166191901,0.562473017295039,-1.55609289255748,-3.62363553208127,0.580941686637362,-1.93664494005719,-3.97458129706854,-3.78146954231631,-4.24477319363743,-0.215378683531289,-0.23657539759975,0.587299606719732,-1.05892767970838,-3.95214162444605,5ffdb0f68f292634adbb3032_day1_block2
304,d2r1,0.459347994596075,-2.10012654408114,-2.78173706882547,0.395259844902856,-1.92760210047154,-2.08301136308704,0.354621553158265,-1.9132970858097,-2.15652636676896,-4.83998408446669,-4.68503159899064,-2.29649280582142,-2.16641961401174,0.473894747018588,-1.95852076081773,-1.7904420555509999,5ffdb0f68f292634adbb3032_day2_block1
304,d2r2,0.746950925983566,-1.5980634279535,-2.80021124873467,0.784563683283327,-1.68607217204567,-3.46021406283188,0.781294946883259,-1.71214696974809,-3.15099105859279,-2.74000678789694,-2.99815747060368,-3.61700902467496,-3.58215656830882,0.785328377893579,-1.76423676221391,-3.60115667026174,5ffdb0f68f292634adbb3032_day2_block2
305,d1r1,0.708842675359783,-1.14485846815321,-3.86892218104136,0.691802197838581,-1.18666858075159,-3.52134933380921,0.694290001162072,-1.16714153434559,-3.67432105757615,-4.6237493071134,-4.71918738012525,-4.49054485706418,-4.48762229881386,0.706277070550121,-1.15658761539409,-3.67911975545002,5ffdc8a498569434d22c4397_day1_block1
305,d1r2,0.622823004874257,-1.7564502918041,-1.82709077158892,0.666485151861994,-1.72741875652872,-2.06155374572978,0.659016522667322,-1.77140826998113,-2.01852642667766,-4.50198819872926,-4.88628350420496,-4.25467904996801,-3.85658735070003,0.640404037796283,-1.66462572854091,-2.25428649142457,5ffdc8a498569434d22c4397_day1_block2
305,d2r1,0.716581325070235,-1.31510455987658,-3.7690781737942,0.725996751233418,-1.3790856922843,-4.45847878542136,0.726836244901812,-1.35823798979972,-4.44141984897221,-5.15770485602268,-5.13506102231016,-4.46918734795573,-4.45972297019611,0.713885038298108,-1.35134940445583,-4.09856077476232,5ffdc8a498569434d22c4397_day2_block1
305,d2r2,0.758436584275016,-1.7237962429944,-3.58195564172621,0.746460078232222,-1.58595088452054,-2.21243774593557,0.731855666815981,-1.60465855786371,-2.48362618966604,-4.05166037167185,-4.28200375210388,-3.61763718118513,-3.61192460655952,0.741578670455415,-1.51440068570962,-2.28920366544997,5ffdc8a498569434d22c4397_day2_block2
306,d1r1,0.518940905230001,-1.43501744174735,-3.43154122465304,0.526135716931508,-1.4709252967946,-3.58475002951669,0.512023138586228,-1.46981088195072,-3.38375125771593,-5.15228209363112,-5.00329174322726,-4.50591070965779,-4.49371931278274,0.540004635420672,-1.4512168513169,-3.84627258848799,5ffdf54a500d7740e02f3639_day1_block1
306,d1r2,0.531660709653721,-1.60631347890876,-2.78842513589749,0.51606439308607,-1.76580532696248,-2.75916790774828,0.508172007482824,-1.76556938653033,-2.69891600958842,-4.76940148634496,-4.80185344115594,-4.44040526877421,-4.42198531701854,0.531557447711916,-1.72321345584734,-2.9470353931586,5ffdf54a500d7740e02f3639_day1_block2
306,d2r1,0.532950774308838,-1.74390108618261,-3.79263695807952,0.531688683324131,-1.82279860051708,-4.50722230792075,0.531351679247647,-1.81553350571404,-4.47388186590192,-5.18655823123084,-5.17465781090454,-4.58555518310682,-4.56768779030314,0.531916699847144,-1.82882492228363,-4.52992142097597,5ffdf54a500d7740e02f3639_day2_block1
306,d2r2,0.479650376089788,-1.64658818854395,-2.9003709313929,0.47871093363163,-1.83857678042689,-3.559285221503,0.478700054428489,-1.8243951935009,-3.50236648407133,-3.1668675074459,-3.33212768146247,-4.27071786066042,-4.23169471641989,0.478525420017661,-1.84793137345046,-3.60583029110734,5ffdf54a500d7740e02f3639_day2_block2
307,d1r1,0.542267076744184,-1.05411662019718,-2.07785409195989,0.708024855825029,-1.16911825459169,-1.0353983435456,0.620775015837555,-1.17817134927925,-1.20151645989926,-5.68219847722604,-5.54756996353325,-4.03284092083192,-3.88532928325544,0.636256623531803,-1.2227384465074,-1.01362272009833,600091ba38fa9b158243c79f_day1_block1
307,d1r2,0.407817051175743,-0.969759839799604,-2.36318044757261,0.351401936254058,-0.382349937352694,-3.57844084774934,0.369648797902573,-0.498415143029227,-3.33924577465586,-5.2277489126769,-5.16875013810731,-4.47728928573812,-4.35692510522926,0.342572120343122,-0.421963092482911,-3.34453633449719,600091ba38fa9b158243c79f_day1_block2
307,d2r1,0.546461650758861,-1.40034166591573,-1.59309088744461,0.59997029290149,-1.70387440535177,-0.641790018051394,0.42862249452452,-1.68704291397847,-0.710431379081164,-4.92541302109445,-4.55522466353794,-4.37476957175051,-4.37724253597415,0.539948291165866,-1.47543349832321,-0.522940685278307,600091ba38fa9b158243c79f_day2_block1
307,d2r2,0.535622644214943,-0.964572431660874,-1.82386796883865,0.179698448046891,-0.920157539564365,-0.876710394517598,0.297765920559642,-0.829683110118359,-1.13086757514766,-5.16621203087573,-5.15889046300826,-4.32716649070632,-4.32477855963382,0.198668622306729,-0.95148748374992,-0.982944912667069,600091ba38fa9b158243c79f_day2_block2
308,d1r1,0.433660149062035,-1.37920955904304,-3.13805172218255,0.437830835179196,-1.52188885536874,-1.73959443884518,0.385270392738722,-1.50275558857594,-1.75979199368813,-5.08480317702796,-4.7893751185453,-4.47507426379089,-4.43299735118879,0.433536579752288,-1.54913958692241,-1.71271936042937,600096b0685b2315be3a0891_day1_block1
308,d1r2,0.516544015245681,-1.55311777011316,-3.83118217252123,0.481334681388761,-1.53968409144325,-2.78257173205087,0.480529515340065,-1.59985727902784,-3.12010338130626,-3.75286593221615,-4.00571109464732,-4.30288778035932,-4.4264159754662,0.523268531711321,-1.50018367846692,-2.78303355689659,600096b0685b2315be3a0891_day1_block2
308,d2r1,0.458392441366652,-1.28664914661621,-3.70921548233659,0.47846149142993,-1.2718593646033,-4.28048132928858,0.471412227618764,-1.30052084955644,-4.41851889622879,-3.97382313330758,-4.19224597485694,-2.38886972788835,-2.20526898012797,0.486962698804451,-1.2308303143969,-4.0712021584436,600096b0685b2315be3a0891_day2_block1
308,d2r2,0.452358028404459,-1.69379209567529,-1.74642441611384,0.544368900144688,-1.6306945177358,-1.714773892767,0.501812573079177,-1.63253614656864,-1.71004673117191,-5.63928622548091,-5.59284951738927,-4.48541449483905,-4.44560906129526,0.587039437109055,-1.64894676521521,-1.65652237586868,600096b0685b2315be3a0891_day2_block2
309,d1r1,0.531488334900326,-1.78399602518598,-4.25894289523811,0.53365065081584,-1.91237953001334,-4.70344785742723,0.533552522720227,-1.90771981581953,-4.69645972778158,-5.28954843491654,-5.26701373880958,-4.67916348319184,-4.66420710126414,0.533712832098956,-1.91568692519807,-4.70814041985924,6000b7fbdb4bfd1bcab87f44_day1_block1
309,d1r2,0.531488334900326,-1.78399602518598,-4.25894289523811,0.53365065081584,-1.91237953001334,-4.70344785742723,0.533552522720227,-1.90771981581953,-4.69645972778158,-5.28954843491654,-5.26701373880958,-4.67916348319184,-4.66420710126414,0.533712832098956,-1.91568692519807,-4.70814041985924,6000b7fbdb4bfd1bcab87f44_day1_block2
310,d1r1,0.436367867513346,-1.05620452609438,-1.99119701744893,0.403771670619588,-1.21904784518246,-1.11489434867257,0.304772006475405,-1.32183438035431,-1.17296996494733,2.12540488087769,2.30019567284722,-3.33106750886315,-3.20713210710213,0.49959554918808,-0.991819573017238,-1.1652401905118701,6000d5f5eebf792047c6fd23_day1_block1
310,d1r2,0.578410353138002,-1.08961926784508,-1.63047553537781,0.509474627450583,-1.51468097837732,-2.51183499792612,0.504174598376703,-1.47753972889192,-2.32018329976206,-2.0555749860834,-2.32943917439363,-3.35502869781421,-3.21968146276908,0.524326451152775,-1.45500332898718,-2.75933053892574,6000d5f5eebf792047c6fd23_day1_block2
310,d2r1,0.56446831125011,-2.16037376628427,-2.86545214419531,0.503163907179511,-1.82410226395668,-2.15152442425466,0.504289049940087,-1.8097291431175,-2.13865515409297,-5.61768074275962,-5.63477007064331,-1.41133576370326,-1.28409982198102,0.502739730374355,-1.83638857547845,-2.16436892532744,6000d5f5eebf792047c6fd23_day2_block1
310,d2r2,0.554724585510549,-1.87913278617308,-2.61668092248937,0.514787438953943,-1.9545213500176,-2.60887871178042,0.509933394577888,-1.96019081221658,-2.54826285281139,-4.36711403810526,-4.49434011687835,-4.6593067333986,-4.64346361334514,0.55171686427788,-1.9363158564772,-2.64451559608254,6000d5f5eebf792047c6fd23_day2_block2
311,d1r1,0.503406197768713,-1.75854180299395,-3.54135989101299,0.456061683708007,-2.2513059744878,-2.04720191851899,0.42750512329256,-2.24200637171692,-2.07440820515239,-5.66122935436599,-5.46536824812879,-3.51760261526891,-3.60065396581476,0.480594884147096,-1.99803356488939,-2.02812005754152,6003676cf436523766a2ab16_day1_block1
311,d1r2,0.473507145447547,-1.72657118049706,-4.22576068757505,0.465048923397885,-1.80417409215049,-4.70047007379205,0.465000561227887,-1.79270828578177,-4.69274378296085,-5.30972333710343,-5.29041599359832,-4.64049828969273,-4.62547932034467,0.465064412389987,-1.81267828545985,-4.70581481851276,6003676cf436523766a2ab16_day1_block2
311,d2r1,0.670250780057831,-1.77358187371115,-4.35072388415536,0.671537010913364,-1.82709507064281,-4.73596897829467,0.671505453405556,-1.80861163736032,-4.73100483182708,-5.33065358146777,-5.3096836429786904,-4.62573327598121,-4.60415734013809,0.671542966137345,-1.83988712620083,-4.73949593330879,6003676cf436523766a2ab16_day2_block1
311,d2r2,0.626419199415727,-1.87049809595743,-3.66175259734094,0.511869043319001,-1.97455078677904,-2.65044144332198,0.514025985071997,-1.98122973158271,-2.47437792031804,-3.21315998117533,-3.12369743003536,-4.67156896590999,-4.65455209194394,0.511015151675257,-1.97026357887904,-2.74706437510341,6003676cf436523766a2ab16_day2_block2
312,d1r1,0.586764346991488,-1.66952384116412,-4.01955703981475,0.605502555587864,-1.80722826692367,-4.73912510609291,0.605738556094332,-1.50556024895454,-4.70118708207513,-5.26621077369245,-5.18362642518424,1.6041257380593,1.75138421556946,0.605500768397463,-1.98544045837625,-4.74039144047482,600463555dafb42a777cf5a3_day1_block1
312,d1r2,0.513293580308806,-2.40369667596007,-2.3849238428326,0.604742740181524,-2.83880235024134,-4.27010578066796,0.602563590927162,-2.56614976027778,-4.10610886720973,0.0326616238992928,0.0612617735104216,0.339240981479517,0.539087811751384,0.604913991401968,-2.94081432323955,-4.31329701562075,600463555dafb42a777cf5a3_day1_block2
312,d2r1,0.62405284294962,-2.44510501789233,-3.17726075135914,0.601730520971663,-2.17261756670407,-2.93348192579742,0.603472333936596,-2.63619805338293,-2.9573025230349,-3.52181994472095,-3.61517747571629,-0.37778114498825,-0.479998908934424,0.557316827632189,-1.04979260511192,-2.5617857189768,600463555dafb42a777cf5a3_day2_block1
312,d2r2,0.602952695039634,-2.42112248276985,-4.30093756528318,0.605529875414361,-3.06541082464719,-4.74213684800537,0.60552926636924,-3.01475646028958,-4.73782589722117,-5.31323940486883,-5.29333259855686,0.138374452514565,0.190438035214976,0.605530206700962,-3.09753868673676,-4.74501027018367,600463555dafb42a777cf5a3_day2_block2
313,d1r1,0.36272611892045997,-1.06861307295065,-2.43689645256798,0.531677375532848,-0.623526716089086,-1.57926019147216,0.436312488905718,-0.433974781782296,-1.89952386622232,-5.03105884812923,-4.69082463843397,-1.2631802924526,-1.34325141535215,0.567933517646995,-0.997564663673655,-1.26302052805712,60099f98b581fa000aa1d28b_day1_block1
313,d1r2,0.348793483665143,-0.429322210422481,-3.26509670952347,0.378242766601588,0.217025681213698,-3.93626647687301,0.357336061325133,0.0742564935253611,-4.08801608354441,-4.75513600193554,-4.83355358116469,-3.27462789680475,-3.45547829500324,0.391720128866455,0.200235929244868,-3.81297998934765,60099f98b581fa000aa1d28b_day1_block2
313,d2r1,0.469493165338296,-0.467639261786195,-2.98236396976194,0.458078083659507,0.0189999585508067,-4.1468956005324,0.459609794731052,-0.0114441573586912,-3.92852472878522,-5.18979749213346,-5.14830190620101,-4.55001657812347,-4.46288988634621,0.469600692904254,0.0298798345851363,-4.2917389141164,60099f98b581fa000aa1d28b_day2_block1
313,d2r2,0.480049722286908,-0.119447566378459,-3.11871771274085,0.451567199817693,0.238619794265801,-4.03919128544985,0.442025463454687,0.246834438882289,-3.88386021896357,-5.10417697245108,-5.00514069419971,-4.52485154752225,-4.46442358503355,0.473957164253802,0.237999092266243,-4.13818306439161,60099f98b581fa000aa1d28b_day2_block2
314,d1r1,0.596487452970612,-1.57447175081229,-2.11936956997604,0.585690504133127,-1.66442822242967,-1.88376566220504,0.573252824787028,-1.67900397310728,-1.85720916717387,-5.65167251043547,-5.65180162038065,-4.54846593667427,-4.51696895140262,0.616334903169022,-1.67139465234368,-1.79862418232062,600b37ec45d6e418efbada69_day1_block1
314,d1r2,0.629184567054833,-1.68132562129689,-3.44817913918342,0.558429401115419,-1.89644912124301,-2.10189676432554,0.553491065199798,-1.91670539329034,-2.15731218933779,-4.9911167658591,-4.68261930288443,-4.37016489137156,-4.26401935919801,0.538827169952783,-1.84195828631884,-2.13252557277187,600b37ec45d6e418efbada69_day1_block2
314,d2r1,0.614434906361124,-1.71161307655279,-2.59705551772419,0.585521600160144,-1.80669011061909,-1.73193081315796,0.570668949127118,-1.77709649964798,-1.71158515952466,-5.46679083468956,-5.40542308413283,-4.16380765231907,-4.00140548881139,0.665385071686812,-1.84293457527487,-1.59611095339883,600b37ec45d6e418efbada69_day2_block1
314,d2r2,0.591844983314224,-1.33889099278354,-4.18825606314253,0.604995189262187,-1.3212706829314,-4.7292602412738,0.604797413879506,-1.30290527759769,-4.71700976015355,-5.30241746897043,-5.27075010569536,2.13576928459562,2.15860085761734,0.605139012377265,-1.03595287588845,-4.73412622934586,600b37ec45d6e418efbada69_day2_block2
315,d1r1,0.693860266212809,-1.74198360353556,-2.00872921577749,0.642824189723374,-1.88102086343027,-1.97187602921351,0.658115191184843,-1.89911943778067,-1.91500951475744,-5.16041030395966,-5.24270240393762,-4.54370333299064,-4.5324440870947,0.632874289913513,-1.80984213625725,-2.09306782863744,600eb5b80e8a5177f5e0b14b_day1_block1
315,d1r2,0.480352897082697,-1.76406740931505,-3.32910202619936,0.515742056976353,-1.63897277684785,-2.95407996499434,0.49352687312393,-1.62438836056502,-3.48213996378862,-5.38469843463067,-5.30272435525246,-4.43554483525828,-4.44360008533028,0.525788671165785,-1.67331033959995,-2.40585104090379,600eb5b80e8a5177f5e0b14b_day1_block2
315,d2r1,0.734169771978699,-1.44272952262805,-3.04664527029871,0.658948301427286,-1.03509672669828,-1.90900580337051,0.675456752260094,-1.18236785248445,-2.1465514199477,-4.14910383269798,-4.18227186424964,-2.73295499576512,-3.17596039061273,0.626854273358621,-0.856461852976316,-1.95668961648008,600eb5b80e8a5177f5e0b14b_day2_block1
315,d2r2,0.753475609383188,-1.70828602589654,-2.40627242278903,0.764620142665987,-1.86209669332132,-2.34983326665618,0.771973345432533,-1.90154066199415,-2.31800095486564,-5.74552579659221,-5.70300308361221,-4.44973433841068,-4.4030256571906,0.749661035085342,-1.78252326935819,-2.55440298123068,600eb5b80e8a5177f5e0b14b_day2_block2
316,d1r1,0.377191307241556,-1.19947918655199,-2.75775005189715,0.136864618285688,-1.29566210526812,-1.39959995749289,0.147570787666082,-1.31148621173199,-1.35349988116519,-5.14222136101982,-5.07422889783119,-4.4326455475565,-4.41188814357696,0.127292123722252,-1.23378967101472,-1.52184395785329,6015c9faea3f2370ec2e3612_day1_block1
316,d1r2,0.176300486480505,-2.04197536257871,-2.82550333078068,0.109054475945337,-2.5451659836634,-3.9681803654449,0.110264886897885,-2.52018062867162,-3.8516249116603,0.547189262283094,0.631836462660227,-4.22822855889947,-4.27826689815774,0.108365902852688,-2.56272955787945,-4.04625190748611,6015c9faea3f2370ec2e3612_day1_block2
316,d2r1,0.34602881809930103,-2.05802953229151,-3.44882202338245,0.362280955134644,-2.22629952747171,-2.04243438751176,0.358149034598956,-2.46853912979286,-2.20527466279305,-4.82288753364784,-4.39479548722941,-3.33988026692502,-2.94822248222211,0.332278506947784,-2.14299547685582,-1.94864860971078,6015c9faea3f2370ec2e3612_day2_block1
316,d2r2,0.183701287123837,-1.12443471062633,-3.64654332271226,0.173962394991826,-0.996651027477305,-4.46050222240234,0.169535253501155,-0.955615338280655,-4.39694372886114,-5.26764275018041,-5.24140731898355,-4.43464131103946,-4.48593573456256,0.174966026195642,-1.04800049035805,-4.43388442593734,6015c9faea3f2370ec2e3612_day2_block2
317,d1r1,0.546816095182075,-0.695614645070282,-3.68502200830704,0.529419518163438,-0.611808155776079,-4.28033749458724,0.522934682347616,-0.600098415455731,-4.15193729311995,-5.20900885191139,-5.15607253850756,-4.18038916102283,-4.06044693869134,0.529703156370045,-0.613958035006327,-4.36604951530266,6016d442222eb48891237986_day1_block1
317,d1r2,0.569077090045336,-1.031961725151,-3.35176520534086,0.604759249153462,-1.09187915779881,-4.43490439701273,0.596033611873628,-1.12002429450238,-4.37432849045181,-5.19989633710853,-5.20433118169375,1.95154291167409,1.64893519076424,0.586679635429709,-0.938049366108997,-4.16085730371054,6016d442222eb48891237986_day1_block2
317,d2r1,0.60350021717312,-1.31691304031469,-4.31864283823088,0.605579390996838,-1.45452580556347,-4.74441722172535,0.605414732186672,-1.41883613691824,-4.73588969918635,-5.33953527951551,-5.31395750495849,2.01942950299183,1.93097713194242,0.605530384959504,-1.60682387184773,-4.75139085337624,6016d442222eb48891237986_day2_block1
317,d2r2,0.560019193037043,-1.49868200654177,-2.85811664992075,0.605782274193811,-1.38571472514665,-4.43118397758016,0.605324103885885,-1.4129223319398,-4.30638187809779,-4.61625845156557,-4.58463501723185,1.50178525100218,1.37136838744333,0.605496463197536,-1.85966785723198,-4.54450806788885,6016d442222eb48891237986_day2_block2
318,d1r1,0.522960523065846,-1.00138224694558,-2.77929496557756,0.423840476061569,-2.00427762818248,-2.00246045143064,0.401244521556124,-1.44423807007499,-1.98992109325238,-4.60429548059253,-4.12023383233212,-0.766185307722356,-0.971497612400482,0.423496308693341,-1.6831729875622,-1.92720066274291,60173121d4e20d97e1b19263_day1_block1
318,d1r2,0.469654749835997,-1.47024531416337,-3.26465482808387,0.490616894423577,-1.62968598242461,-3.47762801193344,0.490265636915136,-1.58385155358059,-3.46583317144834,-4.39154666183924,-4.47533237133146,-3.84673321560495,-3.86876341813671,0.491036406530016,-1.65689109640864,-3.49376615201935,60173121d4e20d97e1b19263_day1_block2
318,d2r1,0.552586517165702,-1.23585479095652,-3.72155571497554,0.533090066975506,-1.83224167660745,-4.65466890738893,0.533116691446672,-1.82481715223695,-4.64421594844301,-4.90121019001198,-4.91136197524435,-1.67124498039175,-1.61183632886774,0.533026331897578,-1.83685398009671,-4.6607954816902,60173121d4e20d97e1b19263_day2_block1
319,d1r1,0.713897840158958,-1.76082488242406,-1.99223624243409,0.686616172810384,-1.61916398177273,-2.55785255380876,0.680558041828987,-1.5883183974058,-2.22475810018941,-3.332003377638,-4.02815663099257,-4.37074575261014,-4.37246609670558,0.684381176421918,-1.65130367551727,-2.86067835131962,6017a60516d73141121d9970_day1_block1
319,d1r2,0.587487803276983,-2.71134820289553,-3.29021678050252,0.605510928130964,-3.32266790199099,-3.96470555228446,0.605505313406348,-3.27463330791471,-3.95976402328881,-4.20413004485746,-4.21700526431815,-0.275257839384923,-0.210924769558235,0.605513621161104,-3.35209594007643,-3.95966499104033,6017a60516d73141121d9970_day1_block2
319,d2r2,0.682346303290805,-1.83785683343288,-4.2714743596501,0.718562678414162,-1.79737235646854,-4.43446527760714,0.716589652445877,-1.81079957308712,-4.31120841801349,-5.03886031048403,-4.87783688168424,-4.52125202581154,-4.50437605888548,0.71716017482841,-1.80590406055582,-4.46255617057253,6017a60516d73141121d9970_day2_block2
320,d1r1,0.582099710589062,-1.19669626163219,-2.58644050708388,0.460238027440714,-1.39533347851238,-1.79399289762284,0.443667592489653,-1.48708745842736,-1.8788455033995899,-4.53651217695546,-4.20048880639389,-2.88735874118516,-2.86295544566345,0.458001161400869,-1.15744678079808,-1.8761194661837,601903cdcd7cd6213bf60d64_day1_block1
320,d1r2,0.517238251717245,-1.75339559389374,-2.81462859958376,0.429599459378783,-2.12039617225096,-2.14395618093712,0.450766778388216,-1.84451752381352,-2.21806114475052,-5.27834881291881,-5.05229134909084,-1.81030757180149,-1.84627090744699,0.47002992318889,-1.73960011234255,-2.24814284073982,601903cdcd7cd6213bf60d64_day1_block2
320,d2r1,0.554258441705462,-1.66862289867506,-2.24102137708622,0.505626596539931,-1.80723957762044,-1.70508620620594,0.470084804456392,-1.81261757374068,-1.76526602854088,-5.77843333766899,-5.70468229639908,-4.35975645034453,-4.3894338076921,0.524573566409237,-1.71253577739203,-1.71811140587671,601903cdcd7cd6213bf60d64_day2_block1
320,d2r2,0.451222986079518,-1.41332367472474,-2.35795120904212,0.453644435583982,-1.72949221621134,-1.73512295544076,0.411268062111071,-1.85683180323194,-1.80378183794317,-5.16531361495096,-5.03832709712376,-2.94666277326275,-2.8263869101152,0.491877239077826,-1.74278002542046,-1.65662815331908,601903cdcd7cd6213bf60d64_day2_block2
321,d1r1,0.579625509015274,-0.943415846977969,-3.79375447387929,0.605210044048947,-1.19534613386882,-4.7217281588077,0.605096671248222,-1.17834647263858,-4.70789917369038,-5.27457723247753,-5.24405768862507,2.9481149660033,2.83681811025904,0.605238305703985,-1.11161319913391,-4.72428368228855,60191fbba0d21e000bafa58a_day1_block1
321,d1r2,0.535708464014174,-1.25029683265228,-2.30514693528361,0.553433845666801,-1.54340017841695,-2.52050168060205,0.540328547079998,-1.43097317804018,-2.1547298836576,-2.31211581721196,-2.47831812743723,-3.09911446260539,-3.00786645902044,0.534429546014107,-1.46346339338402,-3.05801457387879,60191fbba0d21e000bafa58a_day1_block2
321,d2r1,0.582253556188035,-0.955569047115137,-3.4469877432087,0.580329290374734,-0.604892443906918,-3.97782475821878,0.575254609164923,-0.583639868924798,-3.56184789217167,-4.98021978444828,-4.6587412717269,-2.66231016315369,-2.51955939552916,0.567349056264781,-0.770583182453962,-4.10076197055269,60191fbba0d21e000bafa58a_day2_block1
321,d2r2,0.496627407669347,-1.60279795373305,-3.03302777644049,0.532836603875041,-1.42835892137695,-2.82937175592953,0.515990330416541,-1.60686620753817,-3.37629737325886,-1.08552779649044,-0.625262525613299,-3.47949556342548,-3.89089954006277,0.520639340935462,-1.29254680186122,-3.54439963451217,60191fbba0d21e000bafa58a_day2_block2
322,d1r1,0.51455203040387,0.102066122222148,-3.28506363136961,0.478602101681581,0.290911712066365,-4.2807909394309,0.478375509281517,0.290391388504438,-4.23358560790016,-5.14946740537423,-5.12607163517116,-4.58348673589323,-4.54254940523416,0.480162417963459,0.276802483844299,-4.34122244160229,601941db6605160008690742_day1_block1
322,d1r2,0.579390826911667,-0.280272707938973,-2.70129984207511,0.615753851512969,-0.237550496528957,-2.7960364925101,0.58696023848278,-0.241475109094371,-2.76809380183403,-5.12690329271081,-5.05459718581615,-4.25174461778024,-4.21398615632861,0.58766673198356,-0.178495157443532,-3.04616473733948,601941db6605160008690742_day1_block2
322,d2r1,0.419028578407853,-0.792203053164082,-2.20185675635324,0.339433876088547,-0.282971929335136,-2.02003016833058,0.335504875791227,-0.352890523567421,-1.90235332425359,-4.73155142860553,-4.70714851085713,-1.72002879770856,-1.24874567223526,0.380494931332494,-0.446215392279415,-2.11070584449917,601941db6605160008690742_day2_block1
322,d2r2,0.453704366752149,-1.58977087361485,-2.15484601488784,0.413878169965746,-0.88781589599947,-3.64333153192155,0.414581482172769,-1.42982776387022,-3.08554759009516,-4.63570271321147,-4.95020158152903,0.838435590675897,0.30705540348623,0.433944471143872,-0.622192151213053,-3.40328622351723,601941db6605160008690742_day2_block2
323,d1r1,0.734000096712406,-1.40008695678965,-3.23640139831436,0.731632708939029,-1.40493466944851,-4.05136777634254,0.730840510941314,-1.41628663858757,-3.90267442921559,-5.01026489985534,-5.03481837800101,-4.53988101258733,-4.51445526361817,0.73113317447843,-1.37553461523614,-4.26745672084805,601f29c54bbde5480ce8f014_day1_block1
323,d1r2,0.728450156981615,-1.24117494261046,-4.19476731873421,0.731065849036104,-1.41152878035302,-4.7145895972468,0.730790317498673,-1.41536347166943,-4.7046594961876,-5.306309505318,-5.28440834247233,-4.52040593418823,-4.47821074811592,0.731045078937992,-1.39964679410259,-4.72859185036163,601f29c54bbde5480ce8f014_day1_block2
323,d2r1,0.77051646157881,-2.12669410360765,-4.0466337165726,0.770846707168092,-2.10253504245377,-2.38321444044297,0.768754406624307,-2.15654843571302,-3.18667841879101,-2.0659642658442,-3.23268479754614,-4.25508728160517,-4.39246677106307,0.785483083184633,-2.11182819477839,-2.79720482413769,601f29c54bbde5480ce8f014_day2_block1
323,d2r2,0.731447927192002,-1.726215892434,-3.11863800921377,0.694479801965155,-1.63515861386599,-2.38537369113317,0.702012159156207,-1.68992272707696,-2.45871513050868,-4.60035988156068,-4.2858580956223,-4.08170261478606,-4.13765175999944,0.695427543264214,-1.68074715124548,-2.42742942131343,601f29c54bbde5480ce8f014_day2_block2
324,d1r1,0.446873433991856,-2.19376118551898,-2.02610741079462,0.384473697923979,-3.26825632282935,-2.36933497576871,0.389544762878287,-3.26002497562977,-2.15753947672556,-4.04211518948781,-4.56541190350101,-1.06375347269082,-1.32931095027342,0.344426208810557,-2.17456779966996,-2.16772389390225,602187270baab9186e424978_day1_block1
324,d1r2,0.464245352832878,-1.45396764787221,-4.0990682956461,0.481120766241887,-1.44100358085033,-4.21988334424839,0.472057842195095,-1.45098368645545,-4.44770603253232,-4.85052832232804,-5.04678896334816,-4.5391349642029,-4.57115646213331,0.533992227229269,-1.49654249451232,-3.08207051106057,602187270baab9186e424978_day1_block2
324,d2r1,0.595467454235615,-2.35984619402089,-4.15424463912022,0.605282004825495,-1.85795124534107,-4.73177455974491,0.605363584823991,-2.2158813157324,-4.72588745022395,-5.32674691250423,-5.30692650231069,0.476891157371314,0.439946706213648,0.605032799663236,-0.92007060434642,-4.72671794315724,602187270baab9186e424978_day2_block1
324,d2r2,0.529381392308488,-1.2982589932244,-2.9099089982039,0.48919494599917,-1.23957647730441,-3.16247246100135,0.481095275704266,-1.2695238078108,-3.05411614658881,-3.08113903897407,-3.38337145421091,-3.35447621814554,-3.14879010653147,0.504594679442554,-1.15214836467528,-3.06127191281801,602187270baab9186e424978_day2_block2
325,d1r1,0.467144056242251,-1.42684653057917,-3.2481878364341,0.425928252985021,-1.94067928906799,-3.36205361047795,0.439959214444544,-1.75182979496868,-3.74904700828755,-2.50031114300239,-2.64633792843165,-2.98363324582795,-3.03373753186924,0.419846716360416,-1.75206976529353,-3.42413735557745,60229f490f354b3daee365c9_day1_block1
325,d1r2,0.449593075913451,-1.96611798335744,-3.25679975506277,0.466284946819436,-1.56236144940983,-4.16452470006411,0.471702572505378,-1.43506975428562,-3.94556868363376,-0.0200970194151065,0.0307327167898681,-1.32439283931639,-1.27688872233839,0.459753376590471,-1.51125122181855,-4.10482589475932,60229f490f354b3daee365c9_day1_block2
325,d2r1,0.464651341554642,-1.73692314197394,-4.27316016653232,0.465635820276985,-1.89256537658067,-4.70594611777914,0.465671912251993,-1.88559205515142,-4.69937066976655,-5.29617291053152,-5.27429863758202,-4.66255725349471,-4.64627362132354,0.465615668228731,-1.89755848626112,-4.71038428025063,60229f490f354b3daee365c9_day2_block1
325,d2r2,0.477371753380569,-1.73223968654963,-3.11147829050231,0.487193136019194,-1.90997162273662,-3.78951792686686,0.487227845191582,-1.90586971800888,-3.72817574377593,-2.242920963543,-2.36756140796031,-4.51414710583693,-4.47702740201119,0.487160486739932,-1.912834825983,-3.83607516479514,60229f490f354b3daee365c9_day2_block2
326,d1r1,0.554386920867998,-2.47198089536427,-3.47412225885102,0.502721900559911,-1.64643806106238,-2.87586430942188,0.498661886831847,-1.66828414374118,-2.86731241999143,-3.44785184910338,-3.38487479750757,-1.42166404074225,-1.39468867052042,0.522900606781944,-1.53993230871243,-2.77143167022018,6022bf9625dc8405258344e6_day1_block1
326,d1r2,0.530395092853581,-1.69929868547952,-4.3243843938556,0.535147427136132,-1.83577293796952,-4.72855852128006,0.535183678940436,-1.8248496695197,-4.72463853202021,-5.32439356709551,-5.30437705311228,-4.65724253499878,-4.64373274272589,0.535123162367183,-1.84382998025727,-4.73134049868142,6022bf9625dc8405258344e6_day1_block2
326,d2r1,0.5248989103985,-1.36263839317661,-2.00410921955529,0.499865124000544,-1.04694488295439,-2.57079195256237,0.462416539788218,-1.05437982939623,-2.41121691748149,0.785202601359653,0.796129092465082,-1.62500476801579,-1.74376100804994,0.512958463458412,-1.25752021279338,-2.77924810610778,6022bf9625dc8405258344e6_day2_block1
326,d2r2,0.627823713965017,-1.15484977954329,-2.29133420959607,0.53646720284689,-1.50584769507967,-1.96526081822651,0.518929643886585,-1.22102618657721,-1.82145246596979,-4.80090117791079,-4.98169162570287,-0.83342974818493,-0.740079605662883,0.53167623077139,-1.43312591081812,-2.16136565337365,6022bf9625dc8405258344e6_day2_block2
327,d1r1,0.521937305180913,-2.00218389329541,-2.30847845392584,0.379777676259792,-1.92120972864207,-2.07384936494226,0.435544272482513,-1.95166905743799,-2.21841708132179,-5.31777621585011,-5.10116548905003,-4.46290326212972,-4.47768975128669,0.318924119067186,-1.94485657929735,-1.97169628200258,60230fc6c505eb163dddda74_day1_block1
327,d1r2,0.529902811407748,-1.57092898760009,-4.00365336479719,0.529583038156113,-1.75880506586949,-4.50591134438892,0.529693144483116,-1.7497910733728,-4.49218098578364,-4.74978224465509,-4.7775601636665,-3.97505523476732,-3.92813607221294,0.529484134940131,-1.76432868160379,-4.51618652991202,60230fc6c505eb163dddda74_day1_block2
327,d2r1,0.611115370868445,-3.0113109366609,-3.19034234327163,0.675807716341391,-1.94277871568705,-4.04013778304749,0.676528358632336,-1.9792592665844,-3.83882530147803,0.197109366315156,0.227024874683551,-1.49545953428772,-1.45297524372538,0.675352322035762,-1.93323672272635,-4.11715072968129,60230fc6c505eb163dddda74_day2_block1
327,d2r2,0.666411373644988,-1.88111447850763,-4.1973111223565,0.62744479164429,-2.00818085820499,-3.27878147483648,0.649662947933443,-1.99248168240107,-3.99972282138038,-3.96793413560528,-4.6271531021681,-4.53803690417603,-4.59487696679426,0.605629475134397,-2.13670569595559,-2.69731670037666,60230fc6c505eb163dddda74_day2_block2
328,d1r1,0.406690268378786,-2.20179915960644,-3.35072412387932,0.405485568444308,-1.32163972585836,-4.10705502538091,0.399014346554316,-1.84432991071469,-4.13790950642197,-5.34214934956866,-5.33796330626473,0.200101296452039,0.17943218159302,0.403808747022084,-1.85445349467557,-4.05118644733205,60245395a4f7f3128ca0bc2f_day1_block1
328,d1r2,0.444730864101123,-1.66671074217684,-2.9653340534,0.466956289203106,-1.78113747204068,-4.02029876187263,0.468469777424295,-1.78805587086912,-3.85321314047492,-1.03073515718431,-1.2327024643954,-4.51321553328004,-4.46602428972447,0.467653496333659,-1.79445703488685,-4.06673538075668,60245395a4f7f3128ca0bc2f_day1_block2
328,d2r1,0.515749836260784,-1.48788056484361,-3.85469054251532,0.477633468698062,-1.60971791109556,-2.99159859462618,0.486218347123483,-1.57107151822485,-3.20694173790875,-4.1876380044489,-4.3667701498397,-4.55895752941225,-4.5133631991791,0.478552894659853,-1.62996208978527,-2.99391290645945,60245395a4f7f3128ca0bc2f_day2_block1
328,d2r2,0.560395184044705,-1.6430193553011,-4.22725680775634,0.536782830635407,-1.65405628868413,-4.55915943728478,0.535151084282738,-1.65769594102002,-4.54183377169596,-5.16161277137238,-5.13494473379236,-4.57957801822743,-4.54375866641833,0.535762640193358,-1.64175596446926,-4.62036388177691,60245395a4f7f3128ca0bc2f_day2_block2
329,d1r1,0.748426657244273,-1.35304349176092,-1.44794838577333,0.706211355649409,-1.55241286955799,-1.11891283086616,0.683991814599294,-1.55868683407714,-1.07903225981469,-5.87228438492054,-5.88363357413672,-4.38220595384298,-4.35493357181769,0.628700900369819,-1.55402973761952,-1.12667016489561,6025c3fbe373491d132003e3_day1_block1
329,d1r2,0.490342565850479,-1.65919674725667,-1.74029180845018,0.499683768128145,-1.8848385201443,-1.60117089067555,0.499252999970179,-1.87933826513567,-1.5601276626156,-5.82655393115762,-5.87294267230383,-4.60575289561528,-4.57824446394471,0.49960846055067,-1.88918076375486,-1.63222617636579,6025c3fbe373491d132003e3_day1_block2
329,d2r1,0.645405035050778,-2.29017541990268,-3.28549798934962,0.67298984989423,-1.74882288501416,-3.07346075683522,0.673349253065023,-1.79955652753095,-3.02961981885677,-3.83254887345372,-3.80122610610925,-1.53156011727587,-1.5075518294288,0.673475176019631,-1.82559294027652,-3.08942049089984,6025c3fbe373491d132003e3_day2_block1
329,d2r2,0.728014730696015,-1.41558401352474,-3.74783721367747,0.764078212156275,-1.47679723676542,-3.03163749925427,0.7553434826251,-1.43094544424088,-3.56967147801232,-4.26817471055836,-4.54600109081854,-4.39895882533078,-4.45901690590067,0.759907868123491,-1.4023212122155,-3.24649931654182,6025c3fbe373491d132003e3_day2_block2
330,d1r1,0.602981937501007,-1.53976479313927,-4.26207486417652,0.604211449982038,-1.41408275865376,-4.68318777727123,0.604515995898704,-1.33006937817996,-4.69392520391557,-5.27504697718893,-5.26680730919788,1.51121288364565,1.52785138268661,0.605551968721485,-1.65830504212232,-4.73819909782541,6026bdfaf5361f3d0273bb9c_day1_block1
330,d1r2,0.527077045354922,-1.15614364788582,-3.14640168720743,0.582602389358195,-0.869855600899496,-3.53654762156585,0.571829713381795,-0.912756119231549,-3.64181724064005,-5.1464292558831,-5.19962840577763,-4.49095534923233,-4.49036228127176,0.607586787277189,-0.841299306496401,-2.90041989491488,6026bdfaf5361f3d0273bb9c_day1_block2
330,d2r1,0.598273391149163,-1.12041595950139,-2.22878124404472,0.548862587061839,-0.975315388913504,-1.98616278895334,0.527103913588774,-0.977529105132001,-1.87432536678521,-4.72274346836618,-4.86072922271107,-4.40328652394712,-4.31889845463071,0.560086034410378,-0.95745692922538,-2.07083504557826,6026bdfaf5361f3d0273bb9c_day2_block1
330,d2r2,0.516153555589036,-1.10357530355718,-3.70785585895477,0.535235192187103,-0.928381404952295,-4.48315727512114,0.528947362113701,-0.912592884863725,-4.37475967763431,-5.25466928960388,-5.21149023490937,-4.60474294501314,-4.59497816158551,0.54064661311278694,-0.908556816280012,-4.4952958079113,6026bdfaf5361f3d0273bb9c_day2_block2
331,d1r1,0.476632698927035,-0.352425360957572,-2.13660746614031,0.425136972651848,-0.0651138820799508,-2.81378091389311,0.417721287752296,-0.184875741658411,-2.89174598972517,-4.90670340852596,-4.8810242471945,-4.25664338564598,-4.03198824774687,0.521372300961726,0.0389016059591384,-3.1374402788007,602991899c55d2596ba1e637_day1_block1
331,d1r2,0.529013524567485,-0.681872255547375,-2.57962514454945,0.263109132970608,-0.639694963659895,-1.32570314174961,0.3293444715361,-0.841885161148355,-1.71112563333984,-5.26475125279342,-4.70851171582249,-2.81036587524092,-1.930605724079,0.337321440783817,-0.341851316316021,-1.28865055304943,602991899c55d2596ba1e637_day1_block2
331,d2r1,0.585063155669706,-0.909569749448573,-3.40571191932481,0.590747836033807,-1.56812587978945,-4.37213417222271,0.560335167010478,-1.09768876718071,-3.76662900972992,-4.80824782940116,-4.15464877054962,0.297913654893219,-0.952218018890511,0.602906931254655,-0.990561843916362,-4.63914990317071,602991899c55d2596ba1e637_day2_block1
331,d2r2,0.556822411642376,-1.12537999471401,-3.17398571752327,0.389592858628043,-1.23226537521742,-1.69053593758368,0.401671784254392,-1.11049835949568,-1.6073538515766,-4.23026355612551,-4.0459739494781,-3.34637870323231,-3.63888675847258,0.264486331119594,-0.592674002021117,-0.781105340639366,602991899c55d2596ba1e637_day2_block2
332,d1r1,0.447184037653108,-0.422207405995891,-1.1794932343708,0.272985846835505,-0.307046066818236,-0.895707021652475,0.291897137031432,-0.230382021894812,-1.24904952410349,-4.02052037285308,-3.9328740339342,-4.3220782888219,-4.34833158772576,0.227137875510706,-0.0778618418406366,-1.21214735003779,602a68f190ccb203ce5a66cf_day1_block1
332,d1r2,0.519656602292492,-0.691245141529667,-1.39812460898028,0.540107481886052,-0.249804850086575,-0.958720338798132,0.500963554139464,-0.416380191016775,-0.840081358598794,-3.25362244439075,-3.17125381261366,-3.84981531156549,-3.87102561442314,0.329417225389269,0.0309277011928304,-1.20028134096895,602a68f190ccb203ce5a66cf_day1_block2
332,d2r1,0.443324356199976,-0.491633639831766,-1.77705917439952,0.413651046834506,-0.334834454691636,-1.81970700255522,0.380462126052751,-0.374692570555748,-1.83449232767915,-5.31224470355284,-5.25982545493708,-4.31743008118865,-4.18834062316067,0.47348979152337,-0.372426405128048,-1.88084876708121,602a68f190ccb203ce5a66cf_day2_block1
332,d2r2,0.355063594846715,-1.02902929632177,-1.22085334196095,0.405872839494256,-0.7080148510694,-1.06694282139599,0.430980359451305,-0.771939337357431,-0.99553864731362,-5.72299154942337,-5.74485707215658,-4.47222811253746,-4.42871354271202,0.481691644285262,-0.641844251874543,-1.15296175457708,602a68f190ccb203ce5a66cf_day2_block2
