subject,component,Local.Date.D1,wof_order,wofoutcome1,Local.Date.D2,Local.Date.D1.Day,Local.Date.D2.Day,day_diff,loseday_block1_1,loseday_block1_2,loseday_block1_3,loseday_block1_41,winday_block1_1,winday_block1_2,winday_block1_3,winday_block1_41,winday_block2_1,winday_block2_2,winday_block2_3,winday_block2_41,loseday_block2_1,loseday_block2_2,loseday_block2_3,loseday_block2_41,winday_X1,winday_X2,winday_X3,loseday_X1,loseday_X2,loseday_X3
263,moodrate,2021-01-25T17:10:56Z,Winsec,0,2021-01-26T14:08:42Z,2021-01-25,2021-01-26,1,1.4899251370787836,-0.804419674948639,-0.2308334719417833,1.4899251370787836,0.3427527310650723,-0.2308334719417833,-0.2308334719417833,-0.2308334719417833,0.9163389340719279,0.3427527310650723,0.3427527310650723,-0.2308334719417833,-1.3780058779554947,-1.3780058779554947,-1.9515920809623502,-1.9515920809623502,1.1471724060137112,0.5735862030068556,0.5735862030068556,-2.8679310150342783,-2.8679310150342783,-3.4415172180411338
187,moodrate,2021-01-26T10:18:05Z,Winfirst,1,2021-01-26T13:46:01Z,2021-01-26,2021-01-26,0,1.7620972710648555,-0.16446241196605305,0.4777241490442498,-1.4488355339866588,1.7620972710648555,1.1199107100545527,1.1199107100545527,-0.16446241196605305,1.7620972710648555,-0.8066489729763558,0.4777241490442498,0.4777241490442498,-0.8066489729763558,-0.16446241196605305,-0.16446241196605305,-0.8066489729763558,1.9265596830309084,-0.6421865610103028,0.6421865610103028,0.6421865610103029,1.2843731220206056,1.2843731220206056
206,moodrate,2021-01-30T01:13:09Z,Winsec,0,2021-02-03T22:58:28Z,2021-01-30,2021-02-03,4,1.389793973210626,1.389793973210626,1.389793973210626,-0.4483206365195573,3.227908582940809,1.389793973210626,1.389793973210626,-0.4483206365195573,-0.4483206365195573,-0.4483206365195573,-0.4483206365195573,-0.4483206365195573,-2.2864352462497406,-2.2864352462497406,-2.2864352462497406,-0.4483206365195573,0,0,0,-1.8381146097301833,-1.8381146097301833,-1.8381146097301833
27,moodrate,2021-01-30T12:58:13Z,Winfirst,1,2021-01-31T16:42:06Z,2021-01-30,2021-01-31,1,NA,NA,NA,NA,2.538939702692232,-6.9243810073424505,-6.9243810073424505,0.17310952518356143,NA,NA,NA,NA,-2.192720652325109,0.17310952518356143,0.17310952518356143,0.17310952518356143,NA,NA,NA,NA,NA,NA
111,moodrate,2021-01-30T13:02:06Z,Winsec,0,2021-01-31T15:15:48Z,2021-01-30,2021-01-31,1,0.7484472275234543,1.4458639622612184,0.05103049278569011,0.7484472275234543,0.7484472275234543,1.4458639622612184,1.4458639622612184,-0.6463862419520741,0.05103049278569011,0.05103049278569011,0.05103049278569011,1.4458639622612184,-1.3438029766898383,-1.3438029766898383,-1.3438029766898383,-2.0412197114276025,0.6974167347377642,0.6974167347377642,0.6974167347377642,-2.0922502042132924,-2.0922502042132924,-2.0922502042132924
64,moodrate,2021-01-30T13:04:41Z,Winfirst,1,2021-01-31T20:05:27Z,2021-01-30,2021-01-31,1,0.3732442712568664,0.3732442712568664,0.3732442712568664,-2.0752381481881783,0.3732442712568664,0.3732442712568664,0.3732442712568664,0.3732442712568664,2.821726690701911,2.821726690701911,0.3732442712568664,2.821726690701911,0.3732442712568664,-2.0752381481881783,-2.0752381481881783,0.3732442712568664,2.4484824194450447,2.4484824194450447,0,2.4484824194450447,0,0
79,moodrate,2021-01-30T12:11:53Z,Winfirst,1,2021-01-31T15:43:10Z,2021-01-30,2021-01-31,1,-0.031570877836342846,-0.031570877836342846,-0.031570877836342846,-1.1821539812052857,1.1190122255326,0.5437206738481286,0.5437206738481286,1.1190122255326,-1.1821539812052857,-0.6068624295208143,-0.6068624295208143,-1.1821539812052857,-1.1821539812052857,-1.1821539812052857,-1.1821539812052857,1.6943037772170715,-2.3011662067378857,-1.7258746550534143,-1.7258746550534143,0,0,0
7,moodrate,2021-01-30T12:33:17Z,Winfirst,1,2021-01-31T15:47:23Z,2021-01-30,2021-01-31,1,0.7371114795831993,2.211334438749598,0.7371114795831993,-0.7371114795831993,-0.7371114795831993,-2.211334438749598,-0.7371114795831993,-0.7371114795831993,2.211334438749598,0.7371114795831993,0.7371114795831993,0.7371114795831993,-2.211334438749598,-2.211334438749598,-2.211334438749598,-0.7371114795831993,2.9484459183327973,1.4742229591663987,1.4742229591663987,-1.4742229591663985,-1.4742229591663985,-1.4742229591663985
183,moodrate,2021-01-30T13:39:57Z,Winsec,0,2021-02-04T16:46:28Z,2021-01-30,2021-02-04,5,0.6914074537631252,0.6914074537631252,-1.2979052202220063,0.6914074537631252,-1.2979052202220063,-1.2979052202220063,0.6914074537631252,-1.2979052202220063,2.680720127748257,-1.2979052202220063,-1.2979052202220063,-1.2979052202220063,-3.2872178942071377,-1.2979052202220063,-1.2979052202220063,-1.2979052202220063,3.9786253479702633,0,0,-3.978625347970263,-1.9893126739851315,-1.9893126739851315
236,moodrate,2021-01-30T16:08:10Z,Winsec,0,2021-01-31T17:04:57Z,2021-01-30,2021-01-31,1,-0.6366427142907488,-0.6366427142907488,-0.6366427142907488,-0.6366427142907488,-0.6366427142907488,-0.6366427142907488,0.33914611882778223,-0.6366427142907488,2.290723785064844,1.3149349519463132,0.33914611882778223,0.33914611882778223,-5.515586879883404,-0.6366427142907488,-1.6124315474092799,-0.6366427142907488,2.927366499355593,1.9515776662370619,0.975788833118531,-4.878944165592656,0,-0.975788833118531
227,moodrate,2021-01-30T16:28:44Z,Winfirst,1,2021-01-31T17:00:35Z,2021-01-30,2021-01-31,1,-0.4255984140336221,-0.8909193467103821,-0.8909193467103821,0.039722518643137875,0.039722518643137875,0.039722518643137875,0.039722518643137875,0.039722518643137875,0.9703643839966578,0.5050434513198978,0.5050434513198978,0.9703643839966578,-1.356240279387142,-1.356240279387142,-1.356240279387142,-1.356240279387142,0.9306418653535199,0.46532093267675995,0.46532093267675995,-1.3959627980302798,-1.3959627980302798,-1.3959627980302798
57,moodrate,2021-01-30T18:21:46Z,Winfirst,1,2021-01-31T15:29:32Z,2021-01-30,2021-01-31,1,0.6383288442270674,-1.1360089600651218,-1.1360089600651218,0.6383288442270674,0.6383288442270674,-1.1360089600651218,0.6383288442270674,0.6383288442270674,0.6383288442270674,-1.1360089600651218,0.6383288442270674,0.6383288442270674,-6.459022372941689,-1.1360089600651218,-1.1360089600651218,0.6383288442270674,0,-1.7743378042921891,0,-7.0973512171687565,-1.7743378042921891,-1.7743378042921891
21,moodrate,2021-01-30T19:05:19Z,Winsec,0,2021-01-31T19:40:15Z,2021-01-30,2021-01-31,1,-0.6634985908552088,0.37282301771864057,0.37282301771864057,-0.6634985908552088,0.37282301771864057,-0.6634985908552088,-0.6634985908552088,-0.6634985908552088,0.37282301771864057,0.37282301771864057,0.37282301771864057,-0.6634985908552088,-1.6998201994290583,-0.6634985908552088,-0.6634985908552088,-1.6998201994290583,1.0363216085738494,1.0363216085738494,1.0363216085738494,-1.0363216085738496,0,0
278,moodrate,2021-01-30T14:22:51Z,Winfirst,1,2021-01-31T16:07:33Z,2021-01-30,2021-01-31,1,0.18030175658926606,0.18030175658926606,0.18030175658926606,0.18030175658926606,0.18030175658926606,0.18030175658926606,-0.5978426665854619,-0.5978426665854619,0.958446179763994,0.958446179763994,0.18030175658926606,-1.37598708976019,-2.932275936109646,0.18030175658926606,0.18030175658926606,0.18030175658926606,1.556288846349456,1.556288846349456,0.778144423174728,-3.112577692698912,0,0
140,moodrate,2021-01-30T15:18:02Z,Winsec,0,2021-01-31T16:02:25Z,2021-01-30,2021-01-31,1,0.7347384725076012,-0.06325563008343572,0.7347384725076012,-0.8612497326744726,0.7347384725076012,-1.6592438352655094,-0.8612497326744726,-0.06325563008343572,2.330726677689675,-0.06325563008343572,-0.8612497326744726,-0.06325563008343572,-2.4572379378565463,-1.6592438352655094,-1.6592438352655094,-0.8612497326744726,2.393982307773111,0,-0.7979941025910369,-1.5959882051820737,-0.7979941025910369,-0.7979941025910369
209,moodrate,2021-01-30T15:23:51Z,Winsec,0,2021-01-31T20:05:08Z,2021-01-30,2021-01-31,1,-0.9494453107919963,0.04868950311753832,0.04868950311753832,-0.9494453107919963,-1.9475801247015312,-0.9494453107919963,-0.9494453107919963,0.04868950311753832,2.0449591309366077,0.04868950311753832,0.04868950311753832,0.04868950311753832,-1.9475801247015312,-1.9475801247015312,-0.9494453107919963,-0.9494453107919963,1.9962696278190695,0,0,-0.9981348139095348,-0.9981348139095348,0
142,moodrate,2021-01-30T20:31:30Z,Winsec,0,2021-02-01T10:42:40Z,2021-01-30,2021-02-01,2,-0.11619139653123284,-1.0689608480873414,-1.0689608480873414,-2.02173029964345,-2.02173029964345,-2.02173029964345,-2.02173029964345,-1.0689608480873414,0.8365780550248756,-0.11619139653123284,-0.11619139653123284,-0.11619139653123284,-2.9744997511995583,-2.02173029964345,-2.02173029964345,-1.0689608480873414,1.905538903112217,0.9527694515561085,0.9527694515561085,-0.9527694515561085,0,0
235,moodrate,2021-01-30T20:47:42Z,Winfirst,1,2021-01-31T23:56:56Z,2021-01-30,2021-01-31,1,-0.2646467142085873,-0.2646467142085873,0.6788763538394202,-0.2646467142085873,0.6788763538394202,0.6788763538394202,0.6788763538394202,-1.2081697822565949,1.6223994218874278,0.6788763538394202,0.6788763538394202,0.6788763538394202,-2.1516928503046024,-1.2081697822565949,-0.2646467142085873,-1.2081697822565949,2.8305692041440227,1.8870461360960151,1.8870461360960151,-1.8870461360960151,-0.9435230680480076,0
266,moodrate,2021-01-30T21:50:21Z,Winsec,0,2021-02-01T09:48:03Z,2021-01-30,2021-02-01,2,-0.41921208871767524,-0.41921208871767524,-0.41921208871767524,-0.41921208871767524,-0.41921208871767524,-0.41921208871767524,-0.41921208871767524,1.7985550903048602,-0.41921208871767524,-0.41921208871767524,-0.41921208871767524,1.7985550903048602,-0.41921208871767524,-0.41921208871767524,-0.41921208871767524,6.234089448349931,-2.2177671790225353,-2.2177671790225353,-2.2177671790225353,0,0,0
62,moodrate,2021-01-30T21:08:30Z,Winsec,0,2021-01-31T22:07:59Z,2021-01-30,2021-01-31,1,1.2251512233839876,-0.13244878090637718,0.5463512212388052,0.5463512212388052,0.5463512212388052,-0.13244878090637718,-0.8112487830515596,-0.13244878090637718,1.2251512233839876,-0.8112487830515596,0.5463512212388052,-0.13244878090637718,-2.1688487873419247,-0.8112487830515596,-0.13244878090637718,0.5463512212388052,1.3576000042903649,-0.6788000021451823,0.6788000021451823,-2.7152000085807297,-1.3576000042903646,-0.6788000021451823
188,moodrate,2021-01-30T22:07:36Z,Winsec,0,2021-01-31T17:17:18Z,2021-01-30,2021-01-31,1,1.4093616260069766,1.4093616260069766,-0.3550300279254215,1.4093616260069766,-2.1194216818578195,-2.1194216818578195,-2.1194216818578195,-0.3550300279254215,1.4093616260069766,-0.3550300279254215,-0.3550300279254215,-0.3550300279254215,-2.1194216818578195,-0.3550300279254215,-0.3550300279254215,-0.3550300279254215,1.764391653932398,0,0,-3.528783307864796,-1.764391653932398,-1.764391653932398
119,moodrate,2021-01-30T21:38:10Z,Winfirst,1,2021-01-31T15:32:54Z,2021-01-30,2021-01-31,1,0.3615846419953204,0.3615846419953204,0.3615846419953204,0.3615846419953204,1.043192472883051,-1.001631019780141,-1.6832388506678717,-1.001631019780141,1.7248003037707818,1.043192472883051,-0.32002318889241027,0.3615846419953204,-2.364846681555602,-1.001631019780141,-1.6832388506678717,-0.32002318889241027,2.7264313235509228,2.044823492663192,0.6816078308877307,-2.7264313235509228,-1.3632156617754614,-2.044823492663192
260,moodrate,2021-01-30T22:46:32Z,Winsec,0,2021-01-31T17:01:56Z,2021-01-30,2021-01-31,1,1.7770544930542977,-1.4975178312255315,0.9584114119843404,0.9584114119843404,0.9584114119843404,0.9584114119843404,0.9584114119843404,0.1397683309143831,0.9584114119843404,-0.6788747501555742,-0.6788747501555742,0.1397683309143831,0.1397683309143831,-0.6788747501555742,-0.6788747501555742,0.1397683309143831,0.8186430810699573,-0.8186430810699573,-0.8186430810699573,-0.8186430810699573,-1.6372861621399146,-1.6372861621399146
299,moodrate,2021-01-30T22:08:53Z,Winsec,0,2021-01-31T22:33:34Z,2021-01-30,2021-01-31,1,0.8001242620748327,0.28754465668314283,0.28754465668314283,0.8001242620748327,0.28754465668314283,-0.7376145541002367,0.28754465668314283,-0.22503494870854693,1.8252834728582121,0.28754465668314283,0.28754465668314283,-0.22503494870854693,-1.2501941594919266,-0.7376145541002367,-0.22503494870854693,-0.7376145541002367,2.050318421566759,0.5125796053916898,0.5125796053916898,-2.050318421566759,-1.5377388161750694,-1.0251592107833796
152,moodrate,2021-01-30T22:30:50Z,Winfirst,1,2021-02-01T12:42:27Z,2021-01-30,2021-02-01,2,1.271617613949547,-0.31427811751604784,-1.1072259832488454,-1.1072259832488454,1.271617613949547,0.47866974821674957,0.47866974821674957,-1.9001738489816427,2.0645654796823445,2.0645654796823445,1.271617613949547,0.47866974821674957,-2.69312171471444,-2.69312171471444,-1.9001738489816427,-1.1072259832488454,3.9647393286639874,3.9647393286639874,3.1717914629311896,-1.5858957314655948,-1.5858957314655948,-0.7929478657327973
120,moodrate,2021-01-30T22:49:03Z,Winfirst,1,2021-02-01T12:48:26Z,2021-01-30,2021-02-01,2,0.06792765820973888,-0.789005876128507,0.9248611925479848,0.06792765820973888,-1.645939410466753,0.9248611925479848,0.06792765820973888,0.9248611925479848,1.7817947268862309,0.9248611925479848,0.06792765820973888,0.06792765820973888,-1.645939410466753,-0.789005876128507,-1.645939410466753,0.9248611925479848,0.856933534338246,0,-0.8569335343382459,-1.7138670686764919,-0.8569335343382459,-1.7138670686764919
46,moodrate,2021-01-30T18:05:16Z,Winfirst,1,2021-01-31T18:17:47Z,2021-01-30,2021-01-31,1,0.1824259174768752,0.1824259174768752,0.1824259174768752,0.1824259174768752,-1.19406055075773,0.1824259174768752,0.1824259174768752,0.1824259174768752,-5.3235199554615455,-5.3235199554615455,0.1824259174768752,0.1824259174768752,NA,NA,NA,NA,-5.505945872938421,-5.505945872938421,0,NA,NA,NA
250,moodrate,2021-01-31T13:46:56Z,Winsec,0,2021-01-31T21:50:13Z,2021-01-31,2021-01-31,0,0.057860635427449056,0.057860635427449056,0.057860635427449056,0.057860635427449056,0.057860635427449056,0.057860635427449056,1.4134526654419615,0.057860635427449056,0.057860635427449056,0.057860635427449056,0.057860635427449056,0.057860635427449056,-2.653323424601576,-4.008915454616089,-1.2977313945870634,0.057860635427449056,0,0,0,-2.711184060029025,-4.066776090043538,-1.3555920300145126
270,moodrate,2021-01-31T15:09:18Z,Winsec,0,2021-02-02T12:39:51Z,2021-01-31,2021-02-02,2,0.9986604090445125,-0.0123291408524014,0.9986604090445125,-1.528813465697772,0.9986604090445125,-0.5178239158008583,-0.5178239158008583,0.9986604090445125,2.5151447338898834,-1.528813465697772,-1.0233186907493153,-1.0233186907493153,-1.528813465697772,-1.528813465697772,-1.528813465697772,-1.0233186907493153,1.5164843248453708,-2.5274738747422845,-2.021979099793828,0,0,0
261,moodrate,2021-01-31T15:18:47Z,Winsec,0,2021-02-02T12:12:26Z,2021-01-31,2021-02-02,2,0.5276565621834773,-0.4028345797314719,-1.0231620076747714,-1.0231620076747714,0.21749284821182754,-0.0926708657598222,0.21749284821182754,-0.7129982937031216,NA,NA,NA,NA,-1.0231620076747714,-1.0231620076747714,-1.0231620076747714,-0.7129982937031216,NA,NA,NA,0,0,0
228,moodrate,2021-01-31T23:45:14Z,Winfirst,1,2021-02-02T11:07:08Z,2021-01-31,2021-02-02,2,0.16316799116882713,-0.35143875020978105,0.16316799116882713,-0.8660454915883893,2.22159495668326,0.6777747325474354,1.1923814739260434,0.16316799116882713,0.6777747325474354,0.6777747325474354,-0.35143875020978105,0.16316799116882713,-1.8952589743456056,-0.8660454915883893,-1.3806522329669975,-0.35143875020978105,0.5146067413786082,0.5146067413786082,-0.5146067413786082,-1.0292134827572164,0,-0.5146067413786082
28,moodrate,2021-02-01T09:10:05Z,Winfirst,1,2021-02-02T11:25:17Z,2021-02-01,2021-02-02,1,1.1852875353837073,-1.5758936549987925,0.08081505923070739,-0.4714211788457926,1.1852875353837073,-0.4714211788457926,-0.4714211788457926,-0.4714211788457926,1.1852875353837073,-0.4714211788457926,0.08081505923070739,-1.0236574169222927,0.08081505923070739,-1.5758936549987925,-0.4714211788457926,-2.1281298930752928,1.6567087142295,0,0.5522362380765,0.5522362380765,-1.104472476153,0
132,moodrate,2021-02-01T08:24:58Z,Winfirst,1,2021-02-02T08:28:26Z,2021-02-01,2021-02-02,1,1.0684333521595193,-0.16553192779936166,1.0684333521595193,-0.16553192779936166,1.0684333521595193,1.0684333521595193,-1.3994972077582426,-1.3994972077582426,-1.3994972077582426,-1.3994972077582426,-1.3994972077582426,-1.3994972077582426,1.0684333521595193,-0.16553192779936166,-0.16553192779936166,-0.16553192779936166,0,0,0,1.233965279958881,0,0
298,moodrate,2021-02-01T11:12:51Z,Winfirst,1,2021-02-03T21:06:18Z,2021-02-01,2021-02-03,2,0.8285589490854771,0.8285589490854771,0.8285589490854771,0.8285589490854771,0.8285589490854771,0.8285589490854771,0.8285589490854771,0.8285589490854771,-1.1995554934521102,-1.1995554934521102,-1.1995554934521102,0.8285589490854771,0.8285589490854771,0.8285589490854771,0.8285589490854771,0.8285589490854771,-2.0281144425375874,-2.0281144425375874,-2.0281144425375874,0,0,0
114,moodrate,2021-02-03T22:53:54Z,Winfirst,1,2021-02-05T13:51:23Z,2021-02-03,2021-02-05,2,0.7540959014502636,0.7540959014502636,-0.2274257480564284,1.7356175509569556,-0.2274257480564284,-0.2274257480564284,0.7540959014502636,-1.2089473975631204,0.7540959014502636,-0.2274257480564284,-0.2274257480564284,-0.2274257480564284,-0.2274257480564284,-1.2089473975631204,-0.2274257480564284,-0.2274257480564284,1.9630432990133841,0.9815216495066921,0.9815216495066921,-1.963043299013384,-2.944564948520076,-1.963043299013384
82,moodrate,2021-02-04T19:46:15Z,Winfirst,1,2021-02-05T11:07:45Z,2021-02-04,2021-02-05,1,0.9419921252063275,-0.367217269148229,0.2873874280290492,0.2873874280290492,0.9419921252063275,0.9419921252063275,0.2873874280290492,0.2873874280290492,1.5965968223836056,-0.367217269148229,0.2873874280290492,0.2873874280290492,-2.985636057857342,-1.6764266635027854,-2.3310313606800634,-1.0218219663255073,1.3092093943545564,-0.6546046971772782,0,-3.2730234858863914,-1.9638140915318345,-2.618418788709113
51,moodrate,2021-02-10T16:07:18Z,Winsec,0,2021-02-11T16:56:03Z,2021-02-10,2021-02-11,1,0.010450265420557776,-0.8464714990652104,0.010450265420557776,-0.8464714990652104,0.010450265420557776,0.010450265420557776,-0.8464714990652104,-0.8464714990652104,1.7242937943920942,1.7242937943920942,0.8673720299063259,0.8673720299063259,-1.7033932635509785,-1.7033932635509785,-1.7033932635509785,0.8673720299063259,2.5707652934573044,2.5707652934573044,1.7138435289715361,-0.8569217644857682,-0.8569217644857682,-0.8569217644857682
284,moodrate,2020-12-17T14:42:42Z,Winfirst,1,2020-12-18T12:00:06Z,2020-12-17,2020-12-18,1,0.13302128984691844,0.13302128984691844,-0.5707042435367776,0.13302128984691844,0.13302128984691844,0.13302128984691844,-1.9781553103041698,0.13302128984691844,0.8367468232306146,0.13302128984691844,-0.5707042435367776,-0.5707042435367776,-1.2744297769204738,0.13302128984691844,0.8367468232306146,0.13302128984691844,0.7037255333836961,0,-0.703725533383696,-1.4074510667673923,0,0.7037255333836961
272,moodrate,2020-12-24T12:10:57Z,Winsec,0,2020-12-26T15:37:20Z,2020-12-24,2020-12-26,2,1.0536979544240503,0.15366428502017412,-0.7463693843837022,0.15366428502017412,0.15366428502017412,0.15366428502017412,1.0536979544240503,-0.7463693843837022,1.9537316238279265,1.0536979544240503,1.0536979544240503,-0.7463693843837022,-1.6464030537875785,-0.7463693843837022,-0.7463693843837022,0.15366428502017412,2.700101008211629,1.8000673388077524,1.8000673388077524,-1.8000673388077526,-0.9000336694038763,-0.9000336694038763
20,moodrate,2020-12-24T12:24:18Z,Winfirst,1,2020-12-26T16:12:19Z,2020-12-24,2020-12-26,2,-0.22463566493452272,0.5272061523973491,-0.9764774822663945,-0.22463566493452272,0.5272061523973491,0.5272061523973491,0.5272061523973491,-0.22463566493452272,0.5272061523973491,0.5272061523973491,-0.22463566493452272,-0.9764774822663945,2.030889787061093,1.279047969729221,0.5272061523973491,-0.22463566493452272,0.7518418173318718,0.7518418173318718,0,2.2555254519956156,1.5036836346637437,0.7518418173318718
212,moodrate,2020-12-24T15:56:00Z,Winfirst,1,2020-12-26T14:15:06Z,2020-12-24,2020-12-26,2,NA,NA,NA,NA,-0.5672676865820803,-0.5672676865820803,-0.5672676865820803,1.06487092042601,2.6970095274341004,2.6970095274341004,2.6970095274341004,1.06487092042601,NA,NA,NA,NA,1.6321386070080903,1.6321386070080903,1.6321386070080903,NA,NA,NA
234,moodrate,2020-12-24T15:05:01Z,Winfirst,1,2020-12-26T13:22:12Z,2020-12-24,2020-12-26,2,1.3614554971084265,-1.5102962910045243,-0.4333893704621678,-0.4333893704621678,1.0024865235943077,-1.5102962910045243,-1.5102962910045243,0.6435175500801887,1.3614554971084265,-1.1513273174904055,-0.7923583439762866,0.2845485765660699,-1.5102962910045243,-0.4333893704621678,-1.5102962910045243,-1.5102962910045243,0.7179379470282378,-1.7948448675705944,-1.4358758940564753,-1.0769069205423565,0,-1.0769069205423565
214,moodrate,2020-12-24T18:29:50Z,Winfirst,1,2020-12-26T16:10:43Z,2020-12-24,2020-12-26,2,0.4259721219800018,-0.4583244350417737,-0.016176156530885954,-1.784769270574437,0.4259721219800018,0.4259721219800018,-0.016176156530885954,-0.016176156530885954,1.7524169575126651,-1.3426209920635492,-0.016176156530885954,-1.784769270574437,-0.016176156530885954,-0.016176156530885954,-0.016176156530885954,0.8681204004908896,1.7685931140435511,-1.3264448355326632,0,1.768593114043551,1.768593114043551,1.768593114043551
243,moodrate,2020-12-25T16:30:40Z,Winsec,0,2020-12-26T22:01:57Z,2020-12-25,2020-12-26,1,-0.20220483201166287,-2.044515523673486,-2.044515523673486,-0.20220483201166287,1.6401058596501603,1.6401058596501603,-0.20220483201166287,1.6401058596501603,3.4824165513119834,-0.20220483201166287,-0.20220483201166287,1.6401058596501603,3.4824165513119834,-0.20220483201166287,-0.20220483201166287,-0.20220483201166287,1.842310691661823,-1.8423106916618233,-1.8423106916618233,3.684621383323646,0,0
76,moodrate,2021-01-23T15:14:29Z,Winsec,0,2021-01-24T18:45:46Z,2021-01-23,2021-01-24,1,2.645913729836542,-2.3997822200843055,2.645913729836542,-2.3997822200843055,2.645913729836542,0.12306575487611834,0.12306575487611834,0.12306575487611834,2.645913729836542,0.12306575487611834,0.12306575487611834,0.12306575487611834,-4.922630195044729,-2.3997822200843055,0.12306575487611834,0.12306575487611834,2.5228479749604236,0,0,-2.522847974960423,0,2.522847974960424
138,moodrate,2021-01-25T17:01:46Z,Winfirst,1,2021-01-26T13:59:59Z,2021-01-25,2021-01-26,1,-1.8844914844165865,-1.8844914844165865,-3.65052921838413,1.6475839835185004,-0.11845375044904304,-0.11845375044904304,-0.11845375044904304,-0.11845375044904304,1.6475839835185004,-0.11845375044904304,-0.11845375044904304,-0.11845375044904304,-3.65052921838413,-0.11845375044904304,-1.8844914844165865,-0.11845375044904304,1.7660377339675435,0,0,-5.2981132019026305,-1.7660377339675435,-3.532075467935087
96,moodrate,2021-01-25T18:02:23Z,Winfirst,1,2021-01-26T16:35:35Z,2021-01-25,2021-01-26,1,1.000772440258979,1.000772440258979,1.000772440258979,-0.08615921671103775,1.000772440258979,-0.08615921671103775,-1.1730908736810546,-1.1730908736810546,-0.08615921671103775,-0.08615921671103775,-1.1730908736810546,-0.08615921671103775,-1.1730908736810546,-1.1730908736810546,-1.1730908736810546,-1.1730908736810546,1.086931656970017,1.086931656970017,0,-1.086931656970017,-1.086931656970017,-1.086931656970017
84,moodrate,2021-01-25T18:07:15Z,Winsec,0,2021-01-26T17:42:39Z,2021-01-25,2021-01-26,1,4.662102631924821,4.662102631924821,4.662102631924821,-0.4351295789796499,4.662102631924821,1.4763325001095267,0.8391784737464677,-0.4351295789796499,0.2020244473834089,0.2020244473834089,-0.4351295789796499,-0.4351295789796499,-0.4351295789796499,-0.4351295789796499,-0.4351295789796499,-0.4351295789796499,0.6371540263630588,0.6371540263630588,0,0,0,0
123,moodrate,2021-01-25T19:08:43Z,Winfirst,1,2021-01-26T16:18:10Z,2021-01-25,2021-01-26,1,1.41274314218898,0.9521270878768673,0.030894979252641834,-0.4297210750594709,1.41274314218898,-0.4297210750594709,-0.8903371293715836,-0.4297210750594709,1.41274314218898,-1.811569237995809,0.49151103356475456,-1.3509531836836963,-0.8903371293715836,-1.3509531836836963,-1.3509531836836963,0.030894979252641834,1.8424642172484509,-1.3818481629363382,0.9212321086242254,-0.4606160543121127,-0.9212321086242254,-0.9212321086242254
202,moodrate,2021-01-25T18:08:31Z,Winfirst,1,2021-01-26T15:05:52Z,2021-01-25,2021-01-26,1,2.2413677356729482,-0.006854335583097456,1.1172567000449254,-0.006854335583097456,1.1172567000449254,1.1172567000449254,1.1172567000449254,-1.1309653712111203,1.1172567000449254,-0.006854335583097456,-0.006854335583097456,-1.1309653712111203,-2.255076406839143,-1.1309653712111203,-1.1309653712111203,-2.255076406839143,2.2482220712560457,1.1241110356280228,1.1241110356280228,-2.2482220712560457,-1.1241110356280228,-1.1241110356280228
66,moodrate,2021-01-25T18:08:31Z,Winfirst,1,2021-01-26T23:28:41Z,2021-01-25,2021-01-26,1,0.3256412880147349,0.8441380961158663,0.3256412880147349,-0.7113523281875279,0.8441380961158663,-0.7113523281875279,-0.7113523281875279,-0.7113523281875279,0.3256412880147349,-0.7113523281875279,-0.7113523281875279,-0.7113523281875279,-2.7853395605920532,-2.7853395605920532,-0.7113523281875279,-1.2298491362886592,1.0369936162022628,0,0,-2.073987232404525,-2.073987232404525,0
53,moodrate,2021-01-25T18:23:11Z,Winsec,0,2021-01-26T18:27:58Z,2021-01-25,2021-01-26,1,-0.8732760142526015,-0.8732760142526015,-0.8732760142526015,-0.8732760142526015,-0.8732760142526015,-0.8732760142526015,-0.8732760142526015,1.0362875369130882,1.0362875369130882,1.0362875369130882,1.0362875369130882,1.0362875369130882,-2.7828395654182914,-0.8732760142526015,-0.8732760142526015,-0.8732760142526015,0,0,0,-1.9095635511656899,0,0
191,moodrate,2021-01-25T11:22:44Z,Winsec,0,2021-01-26T17:30:28Z,2021-01-25,2021-01-26,1,1.3270656999686261,-1.499411894769747,-0.5572526965236226,-0.5572526965236226,-0.5572526965236226,-1.499411894769747,-1.499411894769747,-1.499411894769747,0.3849065017225018,-0.5572526965236226,-0.5572526965236226,1.3270656999686261,-1.499411894769747,-1.499411894769747,-1.499411894769747,-0.5572526965236226,1.8843183964922487,0.9421591982461244,0.9421591982461244,-0.9421591982461244,-0.9421591982461244,-0.9421591982461244
125,moodrate,2021-01-25T17:26:50Z,Winsec,0,2021-01-26T14:18:40Z,2021-01-25,2021-01-26,1,1.0448049212452646,-1.4974503767402458,0.027902802051060393,-0.4805482575460417,1.0448049212452646,0.5363538616481625,1.0448049212452646,-0.9889993171431438,-0.9889993171431438,-0.9889993171431438,-0.9889993171431438,0.5363538616481625,-0.4805482575460417,0.027902802051060393,-0.9889993171431438,1.0448049212452646,0,0,0,0,0.5084510595971021,-0.5084510595971021
122,moodrate,2021-01-25T17:24:58Z,Winsec,0,2021-01-26T14:01:29Z,2021-01-25,2021-01-26,1,1.6959277253181368,0.5987594927651806,1.1473436090416589,-1.0469928560642539,1.1473436090416589,-0.4984087397877757,0.5987594927651806,0.05017537648870244,1.1473436090416589,0.5987594927651806,1.1473436090416589,1.1473436090416589,-1.0469928560642539,-2.1441610886172104,-0.4984087397877757,-1.0469928560642539,1.0971682325529564,0.5485841162764782,1.0971682325529564,0,-1.0971682325529566,0.5485841162764782
18,moodrate,2021-01-25T17:29:39Z,Winsec,0,2021-01-26T15:04:59Z,2021-01-25,2021-01-26,1,0.6100252614488316,-0.09950766676115723,0.6100252614488316,-0.8090405949711461,0.6100252614488316,-0.8090405949711461,-0.8090405949711461,-0.8090405949711461,1.3195581896588207,0.6100252614488316,-0.09950766676115723,0.6100252614488316,-1.518573523181135,-1.518573523181135,-1.518573523181135,-0.8090405949711461,2.1285987846299665,1.4190658564199778,0.7095329282099889,-0.7095329282099889,-0.7095329282099889,-0.7095329282099889
309,moodrate,2021-01-25T12:37:01Z,Winfirst,1,2021-01-26T12:55:41Z,2021-01-25,2021-01-26,1,NA,NA,NA,NA,1.6723621723162196,-0.5943105240462585,-0.5943105240462585,-0.5943105240462585,1.6723621723162196,-0.5943105240462585,-0.5943105240462585,-0.5943105240462585,NA,NA,NA,NA,2.266672696362478,0,0,NA,NA,NA
87,moodrate,2021-01-25T19:45:17Z,Winsec,0,2021-01-26T15:56:04Z,2021-01-25,2021-01-26,1,-0.10371988011578182,-0.10371988011578182,-0.10371988011578182,-0.10371988011578182,-0.10371988011578182,-0.10371988011578182,-0.10371988011578182,-0.10371988011578182,1.3137851481332352,1.3137851481332352,-0.10371988011578182,-0.10371988011578182,-2.9387299366138158,-2.9387299366138158,-2.9387299366138158,-1.5212249083647988,1.4175050282490171,1.4175050282490171,0,-2.835010056498034,-2.835010056498034,-2.835010056498034
204,moodrate,2021-01-25T18:49:24Z,Winfirst,1,2021-01-26T15:05:43Z,2021-01-25,2021-01-26,1,-2.4832044376816524,0.2871733023169254,0.2871733023169254,0.2871733023169254,-2.4832044376816524,-2.4832044376816524,-2.4832044376816524,0.2871733023169254,-2.4832044376816524,0.2871733023169254,0.2871733023169254,0.2871733023169254,0.2871733023169254,0.2871733023169254,0.2871733023169254,0.2871733023169254,-2.770377739998578,0,0,0,0,0
224,moodrate,2021-01-25T17:52:40Z,Winsec,0,2021-01-26T13:42:36Z,2021-01-25,2021-01-26,1,0.6935108191759226,0.6935108191759226,-1.05627032459102,-1.05627032459102,0.6935108191759226,0.6935108191759226,0.6935108191759226,0.6935108191759226,0.6935108191759226,0.6935108191759226,0.6935108191759226,0.6935108191759226,-4.555832612124905,-2.8060514683579627,-2.8060514683579627,0.6935108191759226,0,0,0,-3.4995622875338848,-1.7497811437669426,-1.7497811437669426
80,moodrate,2021-01-25T19:08:49Z,Winsec,0,2021-01-26T14:25:21Z,2021-01-25,2021-01-26,1,0.9330955012010265,0.44104514043907045,0.9330955012010265,0.44104514043907045,0.44104514043907045,0.44104514043907045,-0.051005220322885625,-1.5271563026087538,-1.5271563026087538,-0.051005220322885625,2.409246583486895,2.409246583486895,0.44104514043907045,0.44104514043907045,0.44104514043907045,-0.051005220322885625,0,1.476151082285868,3.9364028860956486,0,0,0
90,moodrate,2021-01-25T19:33:31Z,Winfirst,1,2021-01-26T15:02:22Z,2021-01-25,2021-01-26,1,0.8427734502645259,0.19690968464124428,0.8427734502645259,0.19690968464124428,0.8427734502645259,0.8427734502645259,0.8427734502645259,0.19690968464124428,0.8427734502645259,-0.4489540809820373,-0.4489540809820373,0.8427734502645259,-2.386545377851882,-3.0324091434751637,-3.0324091434751637,-0.4489540809820373,0.6458637656232816,-0.6458637656232816,-0.6458637656232816,-2.5834550624931265,-3.229318828116408,-3.229318828116408
254,moodrate,2021-01-25T19:49:20Z,Winfirst,1,2021-01-26T17:29:19Z,2021-01-25,2021-01-26,1,-0.146391853841509,-0.146391853841509,-0.146391853841509,-0.146391853841509,-0.146391853841509,-0.146391853841509,-1.7469427891753353,-1.7469427891753353,-0.146391853841509,-0.146391853841509,-0.146391853841509,-0.146391853841509,-0.146391853841509,-0.146391853841509,-1.7469427891753353,-0.146391853841509,1.6005509353338263,1.6005509353338263,1.6005509353338263,0,0,-1.6005509353338263
68,moodrate,2021-01-25T19:12:19Z,Winsec,0,2021-01-26T18:13:21Z,2021-01-25,2021-01-26,1,0.5040835487212961,0.5040835487212961,0.9346549132540699,-1.6487732739425727,0.9346549132540699,-0.3570591803442513,0.5040835487212961,-0.3570591803442513,1.3652262777868436,0.07351218418852241,-0.3570591803442513,-0.7876305448770251,-0.7876305448770251,-0.7876305448770251,-0.7876305448770251,-0.3570591803442513,1.722285458131095,0.4305713645327737,0,0.8611427290655476,0.8611427290655476,0.8611427290655476
148,moodrate,2021-01-25T20:58:32Z,Winfirst,1,2021-01-26T14:44:04Z,2021-01-25,2021-01-26,1,-0.09713315404122323,-0.09713315404122323,-0.09713315404122323,-0.09713315404122323,-1.0927479829637605,-1.0927479829637605,-0.09713315404122323,0.898481674881314,1.8940965038038513,0.898481674881314,0.898481674881314,-0.09713315404122323,-1.0927479829637605,-1.0927479829637605,-1.0927479829637605,-2.088362811886298,0.9956148289225373,0,0,-0.9956148289225373,-0.9956148289225373,-0.9956148289225373
200,moodrate,2021-01-25T21:31:50Z,Winsec,0,2021-01-26T15:24:54Z,2021-01-25,2021-01-26,1,0.52767835119741,0.52767835119741,0.52767835119741,0.52767835119741,-0.2810996824135737,-0.2810996824135737,-1.0898777160245574,-0.2810996824135737,1.3364563848083937,1.3364563848083937,1.3364563848083937,0.52767835119741,-2.707433783246525,-2.707433783246525,-2.707433783246525,1.3364563848083937,1.6175560672219673,1.6175560672219673,1.6175560672219673,-3.235112134443935,-3.235112134443935,-3.235112134443935
54,moodrate,2021-01-25T22:12:08Z,Winfirst,1,2021-01-26T19:55:37Z,2021-01-25,2021-01-26,1,-0.037423523502661864,-0.037423523502661864,-0.037423523502661864,-0.037423523502661864,4.054215046121649,2.0083957613094934,-0.037423523502661864,-2.083242808314817,-0.037423523502661864,-2.083242808314817,-2.083242808314817,-0.037423523502661864,-0.037423523502661864,-0.037423523502661864,-0.037423523502661864,-0.037423523502661864,2.0458192848121555,0,0,0,0,0
307,moodrate,2021-01-25T23:42:14Z,Winsec,0,2021-01-26T13:08:04Z,2021-01-25,2021-01-26,1,0.5319658488933102,-0.0032635941649895167,-0.5384930372232893,0.5319658488933102,-0.0032635941649895167,-0.5384930372232893,-0.5384930372232893,-0.0032635941649895167,1.60242473500991,1.60242473500991,1.60242473500991,-1.6089519233398888,-0.5384930372232893,-0.0032635941649895167,-0.0032635941649895167,-1.073722480281589,1.6056883291748993,1.6056883291748993,1.6056883291748993,-1.0704588861165996,-0.5352294430582998,-0.5352294430582998
177,moodrate,2021-01-26T11:30:05Z,Winsec,0,2021-01-26T15:43:36Z,2021-01-26,2021-01-26,0,0.029436770993226963,0.029436770993226963,0.029436770993226963,4.857067213882621,NA,NA,NA,NA,0.029436770993226963,0.029436770993226963,0.029436770993226963,0.029436770993226963,-4.798193671896167,-4.798193671896167,-4.798193671896167,0.029436770993226963,NA,NA,NA,-9.655260885778787,-9.655260885778787,-9.655260885778787
19,moodrate,2021-01-26T14:32:26Z,Winsec,0,2021-01-27T10:19:38Z,2021-01-26,2021-01-27,1,1.2136077938050216,1.2136077938050216,1.2136077938050216,-0.4177994044246791,-0.4177994044246791,-0.4177994044246791,-0.4177994044246791,-2.0492066026543796,2.8450149920347223,1.2136077938050216,1.2136077938050216,-0.4177994044246791,NA,NA,NA,NA,4.8942215946891015,3.262814396459401,3.262814396459401,NA,NA,NA
14,moodrate,2021-01-27T11:14:59Z,Winfirst,1,2021-01-29T17:58:07Z,2021-01-27,2021-01-29,2,1.5127380972436881,0.5243355157776926,0.5243355157776926,-0.464067065688303,0.5243355157776926,-0.464067065688303,-1.4524696471542986,-1.4524696471542986,0.5243355157776926,-0.464067065688303,0.5243355157776926,-0.464067065688303,-0.464067065688303,-0.464067065688303,-0.464067065688303,-0.464067065688303,1.9768051629319912,0.9884025814659956,1.9768051629319912,0,0,0
239,moodrate,2021-01-30T12:00:09Z,Winsec,0,2021-01-31T15:28:39Z,2021-01-30,2021-01-31,1,0.6748400148617263,-1.3874040057095123,-0.6999893321857661,-1.3874040057095123,-0.012574658662019912,-0.6999893321857661,-1.3874040057095123,-0.6999893321857661,1.3622546883854725,1.3622546883854725,0.6748400148617263,-0.012574658662019912,-2.7622333527570047,-2.7622333527570047,-2.0748186792332586,-1.3874040057095123,2.0622440205712387,2.0622440205712387,1.3748293470474924,-1.3748293470474924,-1.3748293470474924,-0.6874146735237463
264,moodrate,2021-01-30T12:02:48Z,Winfirst,1,2021-01-31T18:26:02Z,2021-01-30,2021-01-31,1,-0.349310360664757,-0.9719940470671504,-0.349310360664757,0.27337332573763634,0.27337332573763634,-0.9719940470671504,0.27337332573763634,0.27337332573763634,2.1414243849448162,-2.217361419871937,0.27337332573763634,-2.217361419871937,-2.217361419871937,0.27337332573763634,0.27337332573763634,0.27337332573763634,1.86805105920718,-2.4907347456095734,0,-2.4907347456095734,0,0
116,moodrate,2021-01-30T12:06:19Z,Winsec,0,2021-01-31T16:50:01Z,2021-01-30,2021-01-31,1,0.9563628521913939,-0.28842689193073745,0.9563628521913939,-0.28842689193073745,-0.28842689193073745,-0.28842689193073745,0.9563628521913939,-0.28842689193073745,2.2011525963135252,0.9563628521913939,-0.28842689193073745,-0.28842689193073745,-1.533216636052869,-1.533216636052869,-0.28842689193073745,-0.28842689193073745,2.489579488244263,1.2447897441221314,0,-1.2447897441221314,-1.2447897441221314,0
127,moodrate,2021-01-30T13:09:06Z,Winfirst,1,2021-01-31T15:22:46Z,2021-01-30,2021-01-31,1,-0.1856601268757495,-0.1856601268757495,-0.1856601268757495,0.9633308469968133,1.5378263339330946,0.9633308469968133,0.9633308469968133,0.3888353600605319,0.9633308469968133,0.9633308469968133,0.3888353600605319,-0.1856601268757495,-1.9091465876845937,-1.9091465876845937,-1.9091465876845937,1.5378263339330946,0.5744954869362814,0.5744954869362814,0,-2.872477434681407,-2.872477434681407,-2.872477434681407
102,moodrate,2021-01-30T13:09:25Z,Winsec,0,2021-01-31T15:46:33Z,2021-01-30,2021-01-31,1,1.3901399006507777,0.05690631172254651,0.7235231061866622,1.3901399006507777,-0.6097104827415691,-0.6097104827415691,0.05690631172254651,0.7235231061866622,1.3901399006507777,-0.6097104827415691,0.05690631172254651,-1.2763272772056848,-1.9429440716698003,-1.9429440716698003,-0.6097104827415691,-0.6097104827415691,0.6666167944641156,-1.3332335889282314,-0.6666167944641157,-3.333083972320578,-3.333083972320578,-1.9998503833923469
47,moodrate,2021-01-30T13:58:32Z,Winfirst,1,2021-01-31T17:34:06Z,2021-01-30,2021-01-31,1,1.436162077709992,1.436162077709992,1.436162077709992,1.436162077709992,-2.1460520780989616,-2.1460520780989616,-2.1460520780989616,-1.2504985391467232,0.5406085387577535,0.5406085387577535,0.5406085387577535,-0.35494500019448483,-1.2504985391467232,-2.1460520780989616,-2.1460520780989616,0.5406085387577535,1.7911070779044767,1.7911070779044767,1.7911070779044767,-2.686660616856715,-3.5822141558089537,-3.5822141558089537
41,moodrate,2021-01-30T12:11:52Z,Winsec,0,2021-01-31T14:03:58Z,2021-01-30,2021-01-31,1,0.35849032281143034,-1.1490074449084278,-1.1490074449084278,-1.1490074449084278,0.35849032281143034,0.35849032281143034,0.35849032281143034,-1.1490074449084278,1.8659880905312884,1.8659880905312884,0.35849032281143034,-1.1490074449084278,0.35849032281143034,-1.1490074449084278,-1.1490074449084278,-1.1490074449084278,3.0149955354397164,3.0149955354397164,1.5074977677198582,1.5074977677198582,0,0
251,moodrate,2021-01-30T13:16:50Z,Winsec,0,2021-02-01T00:46:45Z,2021-01-30,2021-02-01,2,0.0612134290705826,0.0612134290705826,0.0612134290705826,-0.4965089246836162,1.17665813657898,0.0612134290705826,0.0612134290705826,1.17665813657898,1.17665813657898,1.17665813657898,1.17665813657898,0.0612134290705826,-3.28512069345461,-1.054231278437815,-1.6119536321920138,-0.4965089246836162,0,0,0,-2.788611768770994,-0.5577223537541988,-1.1154447075083977
52,moodrate,2021-01-30T12:23:08Z,Winfirst,1,2021-01-31T15:47:19Z,2021-01-30,2021-01-31,1,1.3154612982773846,0.061184246431506314,0.061184246431506314,-1.1930928054143721,0.061184246431506314,0.061184246431506314,0.061184246431506314,-1.1930928054143721,3.8240154019691412,1.3154612982773846,1.3154612982773846,-1.1930928054143721,-1.1930928054143721,-1.1930928054143721,-1.1930928054143721,-1.1930928054143721,5.017108207383513,2.5085541036917567,2.5085541036917567,0,0,0
291,moodrate,2021-01-30T13:27:22Z,Winsec,0,2021-01-31T16:50:33Z,2021-01-30,2021-01-31,1,1.201326139565135,-0.6399587846281563,-0.6399587846281563,-1.25372042602592,0.5875644981673712,-0.026197143230392517,-0.6399587846281563,-1.25372042602592,1.201326139565135,-0.026197143230392517,-0.026197143230392517,1.201326139565135,-1.8674820674236838,-1.25372042602592,-1.25372042602592,-2.4812437088214474,2.455046565591055,1.2275232827955276,1.2275232827955276,-0.6137616413977638,0,0
283,moodrate,2021-01-30T13:52:02Z,Winfirst,1,2021-01-31T20:22:54Z,2021-01-30,2021-01-31,1,-0.12753693089732146,-0.12753693089732146,-0.12753693089732146,-0.12753693089732146,-0.12753693089732146,-1.1235396293335471,-0.12753693089732146,-0.12753693089732146,-0.12753693089732146,-1.1235396293335471,1.8644684659751298,0.8684657675389041,-4.111547724642224,-0.12753693089732146,-0.12753693089732146,-0.12753693089732146,0,-0.9960026984362257,1.9920053968724514,-3.9840107937449027,0,0
304,moodrate,2021-01-30T12:39:36Z,Winsec,0,2021-01-31T15:34:09Z,2021-01-30,2021-01-31,1,0.5479709521768944,-0.1380384841361642,0.5479709521768944,-0.1380384841361642,-0.1380384841361642,-0.1380384841361642,-0.1380384841361642,-0.8240479204492228,0.5479709521768944,-0.1380384841361642,-0.1380384841361642,1.233980388489953,-0.8240479204492228,-0.8240479204492228,-0.8240479204492228,-0.8240479204492228,1.3720188726261173,0.6860094363130587,0.6860094363130587,-0.6860094363130587,-0.6860094363130587,-0.6860094363130587
124,moodrate,2021-01-30T13:42:21Z,Winfirst,1,2021-01-31T23:31:20Z,2021-01-30,2021-01-31,1,-1.4439552252504526,-1.4439552252504526,-1.4439552252504526,0.2845751173851265,-1.4439552252504526,-1.4439552252504526,-1.4439552252504526,0.2845751173851265,0.2845751173851265,0.2845751173851265,0.2845751173851265,0.2845751173851265,-1.4439552252504526,-1.4439552252504526,-1.4439552252504526,0.2845751173851265,0,0,0,-1.7285303426355791,-1.7285303426355791,-1.7285303426355791
276,moodrate,2021-01-30T14:41:28Z,Winsec,0,2021-01-31T17:09:10Z,2021-01-30,2021-01-31,1,-0.27997799439142806,-1.1224805830188442,-0.7012292887051361,0.5625245942359881,0.5625245942359881,0.5625245942359881,0.5625245942359881,-0.27997799439142806,1.4050271828634042,0.9837758885496961,0.9837758885496961,1.4050271828634042,-1.9649831716462602,-1.9649831716462602,-1.9649831716462602,0.14127329992228,1.6850051772548322,1.2637538829411241,1.2637538829411241,-2.5275077658822482,-2.5275077658822482,-2.5275077658822482
193,moodrate,2021-01-30T12:46:30Z,Winsec,0,2021-01-31T15:35:27Z,2021-01-30,2021-01-31,1,-0.006801808710389742,1.1086948197935675,-0.006801808710389742,-0.006801808710389742,-0.006801808710389742,-0.006801808710389742,-0.006801808710389742,-1.1222984372143472,1.1086948197935675,-1.1222984372143472,-0.006801808710389742,-1.1222984372143472,-1.1222984372143472,-1.1222984372143472,-1.1222984372143472,-1.1222984372143472,2.2309932570079147,0,1.1154966285039574,-1.1154966285039574,-1.1154966285039574,-1.1154966285039574
249,moodrate,2021-01-30T13:45:51Z,Winfirst,1,2021-01-31T15:20:54Z,2021-01-30,2021-01-31,1,-0.49391167732112223,-0.9939210296709,-0.9939210296709,-0.9939210296709,1.0061163797282113,1.0061163797282113,1.0061163797282113,1.0061163797282113,1.0061163797282113,1.0061163797282113,1.0061163797282113,1.0061163797282113,NA,NA,NA,NA,0,0,0,NA,NA,NA
89,moodrate,2021-01-30T13:57:43Z,Winfirst,1,2021-01-31T20:27:06Z,2021-01-30,2021-01-31,1,0.4227995168862032,-2.0986230565442447,1.0531551602438152,-0.8379117698290207,0.4227995168862032,-2.0986230565442447,1.0531551602438152,-1.4682674131866327,1.6835108036014272,-0.8379117698290207,1.0531551602438152,-0.20755612647140873,-1.4682674131866327,-0.8379117698290207,-0.8379117698290207,-0.20755612647140873,3.1517782167880597,0.630355643357612,2.521422573430448,-0.630355643357612,0,0
211,moodrate,2021-01-30T13:01:04Z,Winsec,0,2021-02-01T17:55:48Z,2021-01-30,2021-02-01,2,2.156977855861276,1.0817670097784515,1.0817670097784515,-2.1438655284700228,1.0817670097784515,-1.0686546823871979,0.006556163695626747,1.0817670097784515,2.156977855861276,0.006556163695626747,0.006556163695626747,0.006556163695626747,-1.0686546823871979,-1.0686546823871979,-1.0686546823871979,-1.0686546823871979,1.0752108460828245,-1.0752108460828247,-1.0752108460828247,1.075210846082825,1.075210846082825,1.075210846082825
173,moodrate,2021-01-30T14:15:18Z,Winsec,0,2021-01-31T15:29:15Z,2021-01-30,2021-01-31,1,0.41385383009409216,-2.6026807537028462,-1.8485471077536115,-1.094413461804377,0.41385383009409216,-0.3402798158551424,-1.094413461804377,-0.3402798158551424,1.9221211219925614,0.41385383009409216,0.41385383009409216,1.1679874760433266,-1.8485471077536115,-1.8485471077536115,-1.8485471077536115,-0.3402798158551424,2.262400937847704,0.7541336459492345,0.7541336459492345,-0.7541336459492345,-0.7541336459492345,-0.7541336459492345
161,moodrate,2021-01-30T13:03:33Z,Winfirst,1,2021-01-31T16:31:53Z,2021-01-30,2021-01-31,1,0.8016251766935784,0.8016251766935784,0.8016251766935784,-0.11133683009633044,0.8016251766935784,-0.11133683009633044,1.7145871834834872,0.8016251766935784,2.627549190273396,0.8016251766935784,0.8016251766935784,-0.11133683009633044,-3.7631848572559656,-1.937260843676148,-1.0242988368862391,-1.0242988368862391,1.8259240135798174,0,0,-3.651848027159635,-1.8259240135798176,-0.9129620067899087
25,moodrate,2021-01-30T13:05:09Z,Winsec,0,2021-01-31T15:55:24Z,2021-01-30,2021-01-31,1,-0.9311397728567632,-0.9311397728567632,-0.9311397728567632,-0.9311397728567632,-0.9311397728567632,-0.9311397728567632,-0.9311397728567632,-0.9311397728567632,0.9311397728567632,-0.9311397728567632,-0.9311397728567632,-0.9311397728567632,-0.9311397728567632,-0.9311397728567632,-0.9311397728567632,-0.9311397728567632,1.8622795457135264,0,0,0,0,0
75,moodrate,2021-01-30T13:24:05Z,Winsec,0,2021-01-31T20:45:06Z,2021-01-30,2021-01-31,1,0.5287107536031488,0.5287107536031488,-1.879860457255638,0.5287107536031488,0.5287107536031488,-1.879860457255638,0.5287107536031488,-1.879860457255638,0.5287107536031488,0.5287107536031488,0.5287107536031488,-1.879860457255638,0.5287107536031488,0.5287107536031488,0.5287107536031488,0.5287107536031488,2.4085712108587867,2.4085712108587867,2.4085712108587867,0,0,0
208,moodrate,2021-01-30T08:26:39Z,Winfirst,1,2021-01-31T09:07:36Z,2021-01-30,2021-01-31,1,0.05133523280708229,-1.4793880727131834,-0.7140264199530505,0.05133523280708229,0.8166968855672151,0.05133523280708229,0.05133523280708229,0.05133523280708229,0.05133523280708229,0.05133523280708229,0.05133523280708229,0.05133523280708229,-1.4793880727131834,-1.4793880727131834,-1.4793880727131834,0.05133523280708229,0,0,0,-1.5307233055202656,-1.5307233055202656,-1.5307233055202656
247,moodrate,2021-01-30T14:27:39Z,Winfirst,1,2021-01-31T15:31:20Z,2021-01-30,2021-01-31,1,0.1017180015546872,0.1017180015546872,0.1017180015546872,0.1017180015546872,1.2932717340524567,0.1017180015546872,0.1017180015546872,-1.0898357309430824,1.2932717340524567,1.2932717340524567,1.2932717340524567,0.1017180015546872,-1.0898357309430824,-1.0898357309430824,-1.0898357309430824,-1.0898357309430824,2.383107464995539,2.383107464995539,2.383107464995539,-1.1915537324977696,-1.1915537324977696,-1.1915537324977696
301,moodrate,2021-01-30T13:34:02Z,Winfirst,1,2021-01-31T14:11:41Z,2021-01-30,2021-01-31,1,0.24663385923567255,-0.5464632567378626,0.24663385923567255,-0.5464632567378626,1.0397309752092077,0.24663385923567255,0.24663385923567255,-1.3395603727113978,0.24663385923567255,-0.5464632567378626,-1.3395603727113978,-2.132657488684933,-1.3395603727113978,-0.5464632567378626,-0.5464632567378626,-0.5464632567378626,1.5861942319470703,0.7930971159735353,0,-0.7930971159735353,0,0
109,moodrate,2021-01-30T14:33:42Z,Winfirst,1,2021-01-31T16:34:02Z,2021-01-30,2021-01-31,1,0.9178964197794037,-0.5436085592868316,-0.5436085592868316,-0.5436085592868316,0.9178964197794037,-0.5436085592868316,-0.5436085592868316,-0.5436085592868316,0.9178964197794037,-0.5436085592868316,-0.5436085592868316,-0.5436085592868316,-3.4666185174193025,-2.005113538353067,-2.005113538353067,0.9178964197794037,1.4615049790662353,0,0,-2.9230099581324707,-1.4615049790662356,-1.4615049790662356
45,moodrate,2021-01-30T13:36:19Z,Winfirst,1,2021-01-31T16:23:00Z,2021-01-30,2021-01-31,1,0.3503582878881108,0.3503582878881108,0.3503582878881108,-0.5072351332111461,-0.5072351332111461,0.3503582878881108,-0.5072351332111461,-0.5072351332111461,1.2079517089873677,-1.3648285543104028,-0.5072351332111461,2.0655451300866243,-0.5072351332111461,-1.3648285543104028,-1.3648285543104028,-0.5072351332111461,1.7151868421985137,-0.8575934210992567,0,0,-0.8575934210992567,-0.8575934210992567
245,moodrate,2021-01-30T14:50:59Z,Winsec,0,2021-01-31T15:01:09Z,2021-01-30,2021-01-31,1,-0.9848619104536221,1.009179488489513,1.009179488489513,1.009179488489513,NA,NA,NA,NA,NA,NA,NA,NA,NA,NA,NA,NA,NA,NA,NA,NA,NA,NA
83,moodrate,2021-01-30T15:00:02Z,Winsec,0,2021-01-31T16:40:37Z,2021-01-30,2021-01-31,1,1.563562502096385,1.563562502096385,1.563562502096385,-0.35005130643948856,-0.35005130643948856,-0.35005130643948856,-0.35005130643948856,-2.263665114975362,-0.35005130643948856,-0.35005130643948856,-0.35005130643948856,-0.35005130643948856,NA,NA,NA,NA,1.9136138085358736,1.9136138085358736,1.9136138085358736,NA,NA,NA
290,moodrate,2021-01-30T14:34:46Z,Winsec,0,2021-01-31T16:56:59Z,2021-01-30,2021-01-31,1,-0.40008901471708613,-1.4333897771360173,-1.4333897771360173,-0.40008901471708613,0.11656136649237941,-0.9167393959265517,-0.40008901471708613,-2.4666905395549485,1.1498621289113107,1.1498621289113107,0.633211747701845,0.633211747701845,-2.4666905395549485,-1.950040158345483,-0.9167393959265517,-2.983340920764414,3.6165526684662592,3.6165526684662592,3.0999022872567936,-2.0666015248378624,-1.5499511436283968,-0.5166503812094656
172,moodrate,2021-01-30T14:52:02Z,Winfirst,1,2021-01-31T15:49:59Z,2021-01-30,2021-01-31,1,2.498542604358021,0.9551867206867767,0.9551867206867767,0.1835087788511544,1.726864662522399,0.9551867206867767,1.726864662522399,-0.5881691629844679,1.726864662522399,0.9551867206867767,0.1835087788511544,0.1835087788511544,-2.9032029884913344,-1.35984710482009,-1.35984710482009,-0.5881691629844679,2.315033825506867,1.5433558836712447,0.7716779418356223,-3.086711767342489,-1.5433558836712444,-1.5433558836712444
147,moodrate,2021-01-30T15:19:31Z,Winfirst,1,2021-01-31T18:42:29Z,2021-01-30,2021-01-31,1,0,-1.071395036363181,1.071395036363181,0,0,-2.142790072726362,1.071395036363181,0,0,-2.142790072726362,-1.071395036363181,0,0,-2.142790072726362,0,-1.071395036363181,0,-2.142790072726362,-1.071395036363181,0,-2.142790072726362,0
218,moodrate,2021-01-30T15:18:52Z,Winsec,0,2021-01-31T15:39:53Z,2021-01-30,2021-01-31,1,0.414607914322685,-3.4931908183738876,-1.1485115787559441,0.414607914322685,0.414607914322685,0.414607914322685,-0.3669518322166295,0.414607914322685,1.1961676608619995,-1.1485115787559441,0.414607914322685,0.414607914322685,-2.711631071834573,-1.9300713252952586,-1.1485115787559441,0.414607914322685,0.7815597465393145,-1.5631194930786292,0,-3.126238986157258,-2.3446792396179434,-1.5631194930786292
131,moodrate,2021-01-30T15:28:56Z,Winsec,0,2021-02-01T14:40:52Z,2021-01-30,2021-02-01,2,-0.5091524590078762,-2.4510362561541945,-3.421978154727354,-0.5091524590078762,-0.5091524590078762,-1.4800943575810355,-1.4800943575810355,0.461789439565283,2.4036732367116014,0.461789439565283,1.4327313381384423,2.4036732367116014,-1.4800943575810355,-1.4800943575810355,-0.5091524590078762,-0.5091524590078762,1.9418837971463183,0,0.9709418985731593,-0.9709418985731593,-0.9709418985731593,0
207,moodrate,2021-01-30T15:42:16Z,Winsec,0,2021-02-02T23:49:42Z,2021-01-30,2021-02-02,3,0.7620370069026438,0.7620370069026438,0.22412853144195416,-0.851688419479425,0.7620370069026438,1.2999454823633334,-0.31377994401873543,1.837853957824023,-0.31377994401873543,1.2999454823633334,0.22412853144195416,-1.3895968949401145,-0.851688419479425,-0.851688419479425,-0.31377994401873543,-0.851688419479425,-2.151633901842758,-0.5379084754606895,-1.6137254263820688,0,0,0.5379084754606895
192,moodrate,2021-01-30T09:50:46Z,Winsec,0,2021-01-31T22:04:03Z,2021-01-30,2021-01-31,1,1.1783520385225557,1.1783520385225557,0.253712161404378,-0.6709277157137996,2.1029919156407333,-0.6709277157137996,0.253712161404378,-0.6709277157137996,2.1029919156407333,0.253712161404378,0.253712161404378,0.253712161404378,-4.36948722418651,-0.6709277157137996,-0.6709277157137996,-0.6709277157137996,2.773919631354533,0.9246398771181776,0.9246398771181776,-3.69855950847271,0,0
221,moodrate,2021-01-30T17:20:51Z,Winsec,0,2021-01-31T15:01:47Z,2021-01-30,2021-01-31,1,0.8884877024349623,0.23507073741552797,-1.725180157642775,-1.0717631926233406,0.23507073741552797,0.8884877024349623,-1.0717631926233406,0.23507073741552797,2.195321632473831,-1.0717631926233406,0.23507073741552797,0.23507073741552797,-3.032014087681644,-1.0717631926233406,-0.4183462276039064,-1.0717631926233406,1.9602508950583029,-1.3068339300388687,0,-1.9602508950583033,0,0.6534169650194342
36,moodrate,2021-01-30T16:52:18Z,Winfirst,1,2021-01-31T15:54:43Z,2021-01-30,2021-01-31,1,0.4794453081487304,-0.024586938879422093,-0.024586938879422093,0.4794453081487304,0.9834775551768828,0.9834775551768828,0.9834775551768828,-2.5447481740201847,-0.5286191859075746,-0.024586938879422093,-0.024586938879422093,-0.5286191859075746,-0.5286191859075746,0.4794453081487304,-0.5286191859075746,-0.5286191859075746,2.01612898811261,2.5201612351407627,2.5201612351407627,-1.008064494056305,0,-1.008064494056305
110,moodrate,2021-01-30T11:18:56Z,Winfirst,1,2021-01-31T13:04:15Z,2021-01-30,2021-01-31,1,0.4519871746506229,0.4519871746506229,0.4519871746506229,-1.1251595624281485,0.4519871746506229,0.4519871746506229,0.4519871746506229,0.4519871746506229,2.0291339117293945,0.4519871746506229,0.4519871746506229,-1.1251595624281485,-2.70230629950692,-2.70230629950692,-2.70230629950692,-1.1251595624281485,1.5771467370787717,0,0,-1.5771467370787713,-1.5771467370787713,-1.5771467370787713
60,moodrate,2021-01-30T18:28:07Z,Winfirst,1,2021-02-01T10:24:16Z,2021-01-30,2021-02-01,2,0.43215011022967353,0.43215011022967353,0.43215011022967353,2.119593397793162,-1.255293177333815,-1.255293177333815,-1.255293177333815,-1.255293177333815,0.43215011022967353,-1.255293177333815,-1.255293177333815,0.43215011022967353,0.43215011022967353,0.43215011022967353,0.43215011022967353,-1.255293177333815,1.6874432875634886,0,0,-1.6874432875634886,-1.6874432875634886,-1.6874432875634886
201,moodrate,2021-01-30T19:35:22Z,Winfirst,1,2021-01-31T18:31:25Z,2021-01-30,2021-01-31,1,-0.5507534792315383,-0.5507534792315383,0.5245271230776555,-1.0883937803861352,-0.013113178076941399,-1.0883937803861352,0.5245271230776555,-0.013113178076941399,2.137448026541446,0.5245271230776555,1.0621674242322523,1.0621674242322523,-0.5507534792315383,-0.5507534792315383,-0.013113178076941399,-0.5507534792315383,2.1505612046183873,0.5376403011545968,1.0752806023091936,0.5376403011545969,0.5376403011545969,1.0752806023091939
104,moodrate,2021-01-30T18:33:30Z,Winsec,0,2021-01-31T15:17:25Z,2021-01-30,2021-01-31,1,0.5053724317039221,0.062158106573209804,0.062158106573209804,-0.8242705436882147,0.062158106573209804,-2.153913519080352,-2.153913519080352,0.5053724317039221,0.5053724317039221,0.062158106573209804,0.5053724317039221,0.9485867568346343,-2.153913519080352,-2.153913519080352,-2.153913519080352,-0.3810562185575025,0,-0.4432143251307123,0,-1.329642975392137,-1.329642975392137,-1.329642975392137
3,moodrate,2021-01-30T17:38:02Z,Winfirst,1,2021-01-31T18:52:10Z,2021-01-30,2021-01-31,1,0.15262212030564318,0.15262212030564318,0.15262212030564318,0.15262212030564318,2.0780088687768377,2.0780088687768377,2.0780088687768377,0.15262212030564318,0.15262212030564318,0.15262212030564318,0.15262212030564318,0.15262212030564318,-1.7727646281655514,-1.7727646281655514,-1.7727646281655514,0.15262212030564318,0,0,0,-1.9253867484711946,-1.9253867484711946,-1.9253867484711946
151,moodrate,2021-01-30T18:53:38Z,Winfirst,1,2021-01-31T15:06:00Z,2021-01-30,2021-01-31,1,1.0244951600862287,-0.4689911177283624,-0.4689911177283624,-0.4689911177283624,0.27775202117893316,1.0244951600862287,-1.215734256635658,-2.709220534450249,1.0244951600862287,0.27775202117893316,0.27775202117893316,-0.4689911177283624,0.27775202117893316,0.27775202117893316,0.27775202117893316,-0.4689911177283624,3.733715694536478,2.9869725556291824,2.9869725556291824,0.7467431389072956,0.7467431389072956,0.7467431389072956
108,moodrate,2021-02-25T18:57:08Z,Winsec,0,2021-02-27T14:01:18Z,2021-02-25,2021-02-27,2,0.21050919572589588,0.21050919572589588,0.21050919572589588,0.21050919572589588,0.21050919572589588,0.21050919572589588,0.21050919572589588,0.21050919572589588,2.6764740599435437,0.21050919572589588,0.21050919572589588,0.21050919572589588,-2.255455668491752,0.21050919572589588,0.21050919572589588,0.21050919572589588,2.4659648642176477,0,0,-2.465964864217648,0,0
184,moodrate,2021-02-25T18:01:14Z,Winsec,0,2021-02-27T12:11:42Z,2021-02-25,2021-02-27,2,1.2488918910561997,-0.40286835195361326,0.42301176955129316,-0.40286835195361326,-0.40286835195361326,0.42301176955129316,-0.40286835195361326,-0.40286835195361326,2.074772012561106,0.42301176955129316,0.42301176955129316,-0.40286835195361326,-3.706388837973239,-2.054628594963426,-0.40286835195361326,-1.2287484734585197,2.4776403645147194,0.8258801215049064,0.8258801215049064,-3.3035204860196257,-1.651760243009813,0
35,moodrate,2021-02-25T18:00:25Z,Winsec,0,2021-02-27T13:30:57Z,2021-02-25,2021-02-27,2,0,0,-0.9463637755136212,0,0,-0.9463637755136212,0,0,0.9463637755136212,0,0,0.9463637755136212,-1.8927275510272423,-1.8927275510272423,-1.8927275510272423,0,0.9463637755136212,0,0,-1.8927275510272423,-1.8927275510272423,-1.8927275510272423
215,moodrate,2021-02-25T19:02:34Z,Winfirst,1,2021-02-27T17:59:53Z,2021-02-25,2021-02-27,2,NA,NA,NA,NA,0.4511690653084781,0.4511690653084781,0.4511690653084781,-0.3038485541873423,-1.0588661736831628,-1.436374983431073,-1.8138837931789833,-1.8138837931789833,0.8286778750563883,0.8286778750563883,0.8286778750563883,0.07366025556056792,-0.7550176194958205,-1.1325264292437307,-1.510035238991641,NA,NA,NA
226,moodrate,2021-02-25T19:04:46Z,Winsec,0,2021-02-27T13:38:38Z,2021-02-25,2021-02-27,2,0.8025522174268128,-0.3081529611216875,-1.974210728944438,0.8025522174268128,0.2471996281525627,-0.3081529611216875,-0.8635055503959377,-2.5295633182186883,-0.3081529611216875,-0.3081529611216875,-0.3081529611216875,-0.3081529611216875,-2.5295633182186883,0.2471996281525627,-0.8635055503959377,0.2471996281525627,2.221410357097001,2.221410357097001,2.221410357097001,-3.3321155356455012,-0.5553525892742501,-1.6660577678227506
164,moodrate,2021-02-25T19:06:48Z,Winfirst,1,2021-02-27T14:02:28Z,2021-02-25,2021-02-27,2,-0.2448803884404449,-0.2448803884404449,-0.2448803884404449,0.6475725827647321,0.6475725827647321,-0.2448803884404449,-0.2448803884404449,-1.1373333596456219,-0.2448803884404449,-0.2448803884404449,0.6475725827647321,-0.2448803884404449,-1.1373333596456219,-1.1373333596456219,-1.1373333596456219,3.324931496380263,0.892452971205177,0.892452971205177,1.784905942410354,-1.784905942410354,-1.784905942410354,-1.784905942410354
134,moodrate,2021-02-25T18:08:08Z,Winsec,0,2021-02-27T13:21:34Z,2021-02-25,2021-02-27,2,-0.11641369903030235,-2.3625133038502564,-1.2394635014402795,-1.2394635014402795,-0.11641369903030235,-0.11641369903030235,-0.11641369903030235,2.1296859057896516,-0.11641369903030235,-0.11641369903030235,-0.11641369903030235,1.0066361033796747,-1.2394635014402795,-1.2394635014402795,-1.2394635014402795,1.0066361033796747,-2.2460996048199537,-2.2460996048199537,-2.2460996048199537,0,0,0
310,moodrate,2021-02-25T12:07:28Z,Winsec,0,2021-02-27T12:45:19Z,2021-02-25,2021-02-27,2,1.6664852201032676,1.0723470111968851,0.47820880229050283,-0.1159294066158796,0.47820880229050283,0.47820880229050283,0.47820880229050283,-0.1159294066158796,1.0723470111968851,1.0723470111968851,1.0723470111968851,0.47820880229050283,-1.3042058244286445,-1.3042058244286445,-1.3042058244286445,-0.1159294066158796,1.1882764178127647,1.1882764178127647,1.1882764178127647,-1.188276417812765,-1.188276417812765,-1.188276417812765
157,moodrate,2021-02-25T19:10:04Z,Winsec,0,2021-02-27T14:10:03Z,2021-02-25,2021-02-27,2,-0.8164933112929926,-0.8164933112929926,-0.8164933112929926,-4.066612317410733,0.8085661917658776,0.8085661917658776,0.8085661917658776,0.8085661917658776,0.8085661917658776,0.8085661917658776,0.8085661917658776,0.8085661917658776,-2.441552814351863,-2.441552814351863,-0.8164933112929926,-0.8164933112929926,0,0,0,1.6250595030588704,1.6250595030588704,3.2501190061177407
112,moodrate,2021-02-25T20:12:54Z,Winsec,0,2021-02-27T14:30:55Z,2021-02-25,2021-02-27,2,0.5747365317400017,-0.6820206843314682,-0.05364207629573324,-0.05364207629573324,0.5747365317400017,0.5747365317400017,0.5747365317400017,-0.05364207629573324,2.4598723558472066,-2.567156508438673,-0.05364207629573324,-0.05364207629573324,-2.567156508438673,-1.938777900402938,-1.938777900402938,-0.05364207629573324,2.51351443214294,-2.51351443214294,0,-2.51351443214294,-1.8851358241072047,-1.8851358241072047
216,moodrate,2021-02-25T18:15:12Z,Winfirst,1,2021-02-27T12:12:03Z,2021-02-25,2021-02-27,2,0.7024155978144336,-0.18713002412816968,1.591961219757037,0.257642786843132,0.257642786843132,-0.18713002412816968,-1.076675646070773,0.7024155978144336,1.591961219757037,-1.9662212680133764,0.257642786843132,-1.076675646070773,-1.9662212680133764,-1.5214484570420748,-0.6319028350994713,0.257642786843132,0.8895456219426033,-2.66863686582781,-0.4447728109713016,-2.2238640548565085,-1.779091243885207,-0.8895456219426033
48,moodrate,2021-02-25T19:12:28Z,Winfirst,1,2021-02-27T13:19:19Z,2021-02-25,2021-02-27,2,0.8545625298385848,-0.19131996936684756,0.3316212802358686,0.3316212802358686,0.8545625298385848,0.3316212802358686,0.8545625298385848,-0.7142612189695637,0.8545625298385848,-0.7142612189695637,0.3316212802358686,0.8545625298385848,-1.7601437181749962,-1.7601437181749962,-1.23720246857228,1.377503779441301,1.5688237488081485,0,1.0458824992054323,-2.0917649984108646,-2.0917649984108646,-1.5688237488081487
74,moodrate,2021-02-25T19:13:38Z,Winfirst,1,2021-02-27T14:04:39Z,2021-02-25,2021-02-27,2,1.0473932244753466,1.0473932244753466,1.0473932244753466,-0.9045668756832553,1.0473932244753466,-0.9045668756832553,1.0473932244753466,-0.9045668756832553,1.0473932244753466,1.0473932244753466,1.0473932244753466,-0.9045668756832553,NA,NA,NA,NA,1.951960100158602,1.951960100158602,1.951960100158602,NA,NA,NA
144,moodrate,2021-02-25T19:17:48Z,Winfirst,1,2021-02-27T13:22:04Z,2021-02-25,2021-02-27,2,0.9640068043204494,0.5110064722042497,0.9640068043204494,0.05800614008804992,0.9640068043204494,0.5110064722042497,0.5110064722042497,0.9640068043204494,0.9640068043204494,0.5110064722042497,0.5110064722042497,0.05800614008804992,-2.206995520492949,-2.206995520492949,-2.206995520492949,-1.3009948562605493,0,-0.4530003321161997,-0.4530003321161997,-2.2650016605809986,-2.2650016605809986,-2.2650016605809986
286,moodrate,2021-02-25T18:16:59Z,Winfirst,1,2021-02-27T19:36:20Z,2021-02-25,2021-02-27,2,0.47284709997659624,-1.9504942874034574,0.47284709997659624,0.47284709997659624,0.47284709997659624,-4.373835674783511,-1.9504942874034574,-1.9504942874034574,0.47284709997659624,-1.9504942874034574,-1.9504942874034574,0.47284709997659624,NA,NA,NA,NA,2.4233413873800536,0,0,NA,NA,NA
289,moodrate,2021-02-25T18:19:05Z,Winsec,0,2021-02-27T11:57:28Z,2021-02-25,2021-02-27,2,0.747314199889551,0.747314199889551,0.747314199889551,-1.3299659489559825,NA,NA,NA,NA,NA,NA,NA,NA,NA,NA,NA,NA,NA,NA,NA,NA,NA,NA
271,moodrate,2021-02-25T18:29:21Z,Winfirst,1,2021-02-27T12:04:44Z,2021-02-25,2021-02-27,2,-0.20494023333416783,-0.20494023333416783,0.8453784625034413,-1.255258929171777,-0.20494023333416783,-0.20494023333416783,-1.255258929171777,-0.20494023333416783,-0.20494023333416783,0.8453784625034413,0.8453784625034413,1.8956971583410505,-1.255258929171777,-1.255258929171777,-1.255258929171777,-0.20494023333416783,0,1.0503186958376092,1.0503186958376092,0,0,0
282,moodrate,2021-02-25T12:23:12Z,Winsec,0,2021-02-27T11:33:21Z,2021-02-25,2021-02-27,2,-2.420862930808293,-0.4554098582708674,-0.4554098582708674,-0.4554098582708674,0.5273166779978455,0.5273166779978455,-0.4554098582708674,-0.4554098582708674,2.4927697505352717,-0.4554098582708674,0.5273166779978455,0.5273166779978455,-1.4381363945395804,-0.4554098582708674,-0.4554098582708674,-0.4554098582708674,2.948179608806139,0,0.982726536268713,-0.982726536268713,0,0
5,moodrate,2021-02-25T18:23:51Z,Winsec,0,2021-02-27T12:14:00Z,2021-02-25,2021-02-27,2,1.3968011315980116,1.3968011315980116,1.3968011315980116,0.545826903732146,-0.3051473241337194,-0.7306344380666522,0.12033978979921332,0.12033978979921332,0.545826903732146,0.12033978979921332,0.12033978979921332,0.545826903732146,0.12033978979921332,-0.3051473241337194,0.545826903732146,-1.5816086659325177,0.4254871139329327,0,0,-0.4254871139329327,-0.8509742278658654,0
170,moodrate,2021-02-25T19:23:45Z,Winsec,0,2021-02-27T13:43:26Z,2021-02-25,2021-02-27,2,0.47527043093263177,0.47527043093263177,-0.018048244212631376,0.47527043093263177,0.47527043093263177,0.47527043093263177,0.47527043093263177,0.47527043093263177,1.9552264563684212,0.47527043093263177,-0.018048244212631376,-0.018048244212631376,-1.4980042696484208,-1.991322944793684,-1.991322944793684,-0.018048244212631376,1.4799560254357895,0,-0.4933186751452632,-1.9732747005810527,-2.466593375726316,-2.466593375726316
107,moodrate,2021-02-25T19:34:21Z,Winfirst,1,2021-02-27T21:20:52Z,2021-02-25,2021-02-27,2,-1.4660804455827237,-1.4660804455827237,-1.4660804455827237,-0.326567682191412,-0.326567682191412,0.8129450811998996,-0.326567682191412,-0.326567682191412,0.8129450811998996,-0.326567682191412,-0.326567682191412,0.8129450811998996,-1.4660804455827237,-0.326567682191412,-0.326567682191412,-1.4660804455827237,1.1395127633913116,0,0,-1.1395127633913116,0,0
11,moodrate,2021-02-25T18:31:24Z,Winfirst,1,2021-02-27T12:51:19Z,2021-02-25,2021-02-27,2,1.8354638146466506,1.8354638146466506,0.6754789761031027,0.09548655683132884,1.2554713953748766,0.09548655683132884,-1.064498281712219,-1.064498281712219,1.2554713953748766,1.2554713953748766,0.6754789761031027,-1.6444907009839929,-1.064498281712219,-0.4845058624404451,-0.4845058624404451,-0.4845058624404451,2.3199696770870957,2.3199696770870957,1.7399772578153216,-1.1599848385435478,-0.5799924192717739,-0.5799924192717739
92,moodrate,2021-02-25T19:35:02Z,Winfirst,1,2021-02-27T13:13:15Z,2021-02-25,2021-02-27,2,0.43838072350081114,0.43838072350081114,-0.7801690841963584,-0.7801690841963584,2.87548033889515,-0.7801690841963584,0.43838072350081114,-0.7801690841963584,-0.7801690841963584,-0.7801690841963584,-1.9987188918935281,-0.7801690841963584,-0.7801690841963584,-0.7801690841963584,-0.7801690841963584,-0.7801690841963584,0,0,-1.2185498076971697,0,0,0
320,moodrate,2021-02-25T19:33:55Z,Winfirst,1,2021-02-27T13:40:13Z,2021-02-25,2021-02-27,2,1.6145517195535268,0.7139174270134644,0.7139174270134644,-0.18671686552659808,2.515186012093589,0.7139174270134644,1.6145517195535268,-1.0873511580666606,0.7139174270134644,0.7139174270134644,0.7139174270134644,-0.18671686552659808,-2.8886197431467853,-0.18671686552659808,-1.0873511580666606,-0.18671686552659808,1.801268585080125,1.801268585080125,1.801268585080125,-2.701902877620187,0,-0.9006342925400626
318,moodrate,2021-02-25T18:40:07Z,Winfirst,1,2021-02-27T12:08:16Z,2021-02-25,2021-02-27,2,-0.03649808887625034,3.953959628260498,-2.0317269474446245,-0.03649808887625034,-0.03649808887625034,0.9611163404079368,-1.0341125181604374,-1.0341125181604374,-1.0341125181604374,-2.0317269474446245,-1.0341125181604374,-0.03649808887625034,NA,NA,NA,NA,0,-0.9976144292841871,0,NA,NA,NA
240,moodrate,2021-02-25T18:38:39Z,Winsec,0,2021-02-27T11:46:17Z,2021-02-25,2021-02-27,2,1.5563326742477006,-1.0614986957689436,0.2474169892393785,1.5563326742477006,-1.0614986957689436,-1.0614986957689436,-1.0614986957689436,0.2474169892393785,0.2474169892393785,0.2474169892393785,0.2474169892393785,1.5563326742477006,0.2474169892393785,-1.0614986957689436,-1.0614986957689436,1.5563326742477006,0,0,0,-1.3089156850083221,-2.6178313700166442,-2.6178313700166442
194,moodrate,2021-02-25T18:42:16Z,Winsec,0,2021-02-27T12:12:41Z,2021-02-25,2021-02-27,2,0.8196477927385181,-0.716606355937104,-1.484733430274915,0.05152071840070705,0.05152071840070705,0.05152071840070705,0.05152071840070705,0.05152071840070705,1.587774867076329,0.8196477927385181,0.8196477927385181,-0.716606355937104,-2.252860504612726,-2.252860504612726,-2.252860504612726,0.05152071840070705,1.5362541486756218,0.768127074337811,0.768127074337811,-2.304381223013433,-2.304381223013433,-2.304381223013433
106,moodrate,2021-02-25T19:49:49Z,Winsec,0,2021-02-27T13:02:15Z,2021-02-25,2021-02-27,2,1.5835678717943429,-3.2130968163848284,-2.5278590037878037,0.21309224660029394,0.8983300591973183,-3.2130968163848284,-0.4721455659967305,0.21309224660029394,2.268805684391367,0.21309224660029394,0.21309224660029394,-1.157383378593755,0.21309224660029394,-3.2130968163848284,-0.4721455659967305,-0.4721455659967305,2.055713437791073,0,0,0,-3.4261890629851224,-0.6852378125970244
273,moodrate,2021-02-25T19:49:08Z,Winsec,0,2021-02-27T12:51:58Z,2021-02-25,2021-02-27,2,-0.8792337755610846,0.1291182467607186,0.1291182467607186,0.1291182467607186,0.1291182467607186,0.1291182467607186,-0.8792337755610846,0.1291182467607186,2.145822291404325,0.1291182467607186,0.1291182467607186,0.1291182467607186,-2.8959378202046913,-2.8959378202046913,-1.8875857978828878,0.1291182467607186,2.0167040446436064,0,0,-3.02505606696541,-3.02505606696541,-2.0167040446436064
268,moodrate,2021-02-25T19:53:19Z,Winsec,0,2021-02-27T23:30:20Z,2021-02-25,2021-02-27,2,1.8028833716247257,1.8028833716247257,1.8028833716247257,-1.198871683669234,1.8028833716247257,1.8028833716247257,1.8028833716247257,-1.198871683669234,-1.198871683669234,-1.198871683669234,-1.198871683669234,0.3020058439777459,-1.198871683669234,-2.6997492113162136,-1.198871683669234,0.3020058439777459,0,0,0,0,-1.5008775276469797,0
314,moodrate,2021-02-25T12:54:11Z,Winfirst,1,2021-02-27T08:09:22Z,2021-02-25,2021-02-27,2,1.2383845340925093,1.2383845340925093,1.2383845340925093,1.2383845340925093,2.4843665193144204,1.2383845340925093,1.2383845340925093,-0.007597451129401626,1.2383845340925093,-0.007597451129401626,-0.007597451129401626,-1.2535794363513126,-2.4995614215732234,-0.007597451129401626,-1.2535794363513126,-1.2535794363513126,1.245981985221911,0,0,-3.7379459556657326,-1.245981985221911,-2.491963970443822
93,moodrate,2021-02-25T19:56:45Z,Winfirst,1,2021-02-27T17:43:30Z,2021-02-25,2021-02-27,2,-0.47741441191190004,-1.3015824493177066,-1.3015824493177066,-0.47741441191190004,1.1709216628997132,-0.47741441191190004,0.3467536254939066,-1.3015824493177066,-0.47741441191190004,0.3467536254939066,-0.47741441191190004,0.3467536254939066,-0.47741441191190004,-0.47741441191190004,0.3467536254939066,-0.47741441191190004,0.8241680374058066,1.6483360748116132,0.8241680374058066,0,0,0.8241680374058067
241,moodrate,2021-02-25T18:58:49Z,Winsec,0,2021-02-27T11:53:15Z,2021-02-25,2021-02-27,2,0.9745282116760465,0.9745282116760465,0.9745282116760465,-1.214822839212605,0.9745282116760465,0.9745282116760465,0.9745282116760465,-0.12014731376827928,0.9745282116760465,0.9745282116760465,0.9745282116760465,-0.12014731376827928,-2.309498364656931,-2.309498364656931,-2.309498364656931,-0.12014731376827928,1.094675525444326,1.094675525444326,1.094675525444326,-1.094675525444326,-1.094675525444326,-1.094675525444326
162,moodrate,2021-02-25T20:17:56Z,Winsec,0,2021-02-27T13:53:51Z,2021-02-25,2021-02-27,2,0.18277988222273697,0.18277988222273697,-0.566617634890484,-0.566617634890484,-0.566617634890484,0.18277988222273697,-0.566617634890484,0.18277988222273697,0.932177399335958,0.18277988222273697,0.18277988222273697,-0.566617634890484,-2.814810186230147,0.18277988222273697,-1.316015152003705,-2.814810186230147,0.749397517113221,0,0,-2.248192551339663,0.749397517113221,-0.7493975171132209
244,moodrate,2021-02-25T20:00:36Z,Winsec,0,2021-02-27T15:24:10Z,2021-02-25,2021-02-27,2,1.477338272644303,0.8363766940367217,0.8363766940367217,-1.0865080417860218,2.118299851251884,-2.368431199001184,-0.4455464631784407,-1.0865080417860218,2.118299851251884,0.1954151154291405,0.1954151154291405,-1.0865080417860218,-3.0093927776087654,0.1954151154291405,0.1954151154291405,-1.0865080417860218,3.2048078930379056,1.2819231572151624,1.2819231572151624,-1.9228847358227437,1.2819231572151624,1.2819231572151624
256,moodrate,2021-02-25T18:57:26Z,Winfirst,1,2021-02-27T12:03:24Z,2021-02-25,2021-02-27,2,-0.7328524959360839,-0.7328524959360839,-0.7328524959360839,0.4227995168862029,0.4227995168862029,-4.199808534402944,-0.7328524959360839,0.4227995168862029,-0.7328524959360839,0.4227995168862029,-0.7328524959360839,0.4227995168862029,-3.0441565215806574,-0.7328524959360839,-3.0441565215806574,-0.7328524959360839,-1.1556520128222867,0,-1.1556520128222867,-3.4669560384668605,-1.1556520128222867,-3.4669560384668605
94,moodrate,2021-02-25T19:58:54Z,Winfirst,1,2021-02-27T18:52:43Z,2021-02-25,2021-02-27,2,-0.04378923003351442,-0.04378923003351442,-0.04378923003351442,1.15311639088256,1.15311639088256,-0.04378923003351442,-0.04378923003351442,-0.04378923003351442,1.15311639088256,2.350022011798634,-0.04378923003351442,2.350022011798634,-0.04378923003351442,-1.2406948509495888,-0.04378923003351442,-1.2406948509495888,1.1969056209160742,2.3938112418321484,0,-1.1969056209160742,-2.3938112418321484,-1.1969056209160742
13,moodrate,2021-02-25T13:07:16Z,Winfirst,1,2021-03-01T09:41:58Z,2021-02-25,2021-03-01,4,-0.5773046414555529,-0.5773046414555529,-0.5773046414555529,-0.5773046414555529,0.8357992570326673,-0.5773046414555529,-0.5773046414555529,0.8357992570326673,0.8357992570326673,-0.5773046414555529,0.8357992570326673,-0.5773046414555529,-1.9904085399437732,-0.5773046414555529,-0.5773046414555529,-0.5773046414555529,0,-1.4131038984882203,0,-1.4131038984882203,0,0
255,moodrate,2021-02-25T19:00:25Z,Winsec,0,2021-02-27T12:04:23Z,2021-02-25,2021-02-27,2,0.6571550826302934,0.6571550826302934,0.6571550826302934,-0.17829789063612658,0.6571550826302934,0.6571550826302934,0.6571550826302934,0.6571550826302934,1.4926080558967134,0.6571550826302934,0.6571550826302934,0.6571550826302934,-2.6846568104353867,-2.6846568104353867,-2.6846568104353867,-1.0137508639025465,0.83545297326642,0,0,-2.50635891979926,-2.50635891979926,-2.50635891979926
135,moodrate,2021-02-25T19:02:07Z,Winsec,0,2021-02-27T13:41:43Z,2021-02-25,2021-02-27,2,0.5341433050006233,0.9788108279453047,-1.2445267867781022,0.08947578205594196,0.08947578205594196,0.08947578205594196,-0.7998592638334208,-1.2445267867781022,1.8681458738346675,1.423478350889986,0.08947578205594196,-0.7998592638334208,-1.6891943097227835,-1.6891943097227835,-0.3551917408887394,-1.2445267867781022,3.1126726606127697,2.6680051376680884,1.3340025688340442,-1.7786700917787255,-1.7786700917787255,-0.44466752294468137
322,moodrate,2021-02-25T20:03:41Z,Winfirst,1,2021-02-27T13:14:40Z,2021-02-25,2021-02-27,2,0.5885315819022975,0.09101003843849949,-0.9040330484890965,-0.4065115050252985,0.5885315819022975,0.09101003843849949,-0.9040330484890965,-0.9040330484890965,2.0810962122936916,-0.4065115050252985,1.0860531253660954,-0.4065115050252985,-0.9040330484890965,-0.4065115050252985,-0.4065115050252985,0.09101003843849949,2.985129260782788,0.497521543463798,1.9900861738551918,-0.497521543463798,0,0
257,moodrate,2021-02-25T19:03:58Z,Winsec,0,2021-02-27T12:09:03Z,2021-02-25,2021-02-27,2,0.2834604649739845,0.2834604649739845,0.2834604649739845,-0.8103634469256259,0.8303724209237897,0.2834604649739845,0.2834604649739845,0.8303724209237897,1.377284376873595,0.8303724209237897,0.8303724209237897,0.8303724209237897,-2.4510993147750413,-2.4510993147750413,-2.4510993147750413,-1.357275402875431,0.5469119559498052,0,0,-1.6407358678494153,-1.6407358678494153,-1.6407358678494153
146,moodrate,2021-02-25T19:07:13Z,Winfirst,1,2021-02-28T11:41:14Z,2021-02-25,2021-02-28,3,1.7654994288908075,0.8690848581846391,0.8690848581846391,0.8690848581846391,-0.9237442832276977,-0.9237442832276977,-0.02732971252152935,-1.8201588539338662,0.8690848581846391,-0.02732971252152935,-0.02732971252152935,-1.8201588539338662,-0.9237442832276977,-0.9237442832276977,-0.02732971252152935,-0.9237442832276977,2.6892437121185053,1.792829141412337,1.792829141412337,-1.7928291414123367,-1.7928291414123367,-0.8964145707061685
49,moodrate,2021-02-25T21:09:59Z,Winsec,0,2021-02-27T15:03:14Z,2021-02-25,2021-02-27,2,1.016815699657565,-0.3500513064394892,1.016815699657565,1.016815699657565,1.016815699657565,1.016815699657565,1.016815699657565,-1.7169183125365435,1.016815699657565,1.016815699657565,1.016815699657565,-1.7169183125365435,-0.3500513064394892,1.016815699657565,-0.3500513064394892,-0.3500513064394892,2.7337340121941085,2.7337340121941085,2.7337340121941085,-1.3668670060970542,0,-1.3668670060970542
174,moodrate,2021-02-25T21:09:14Z,Winfirst,1,2021-02-27T13:57:58Z,2021-02-25,2021-02-27,2,-0.23156875684725145,-0.23156875684725145,-0.23156875684725145,-0.23156875684725145,1.7672352496237553,-0.23156875684725145,1.7672352496237553,-2.2303727633182584,1.7672352496237553,-0.23156875684725145,-0.23156875684725145,-0.23156875684725145,NA,NA,NA,NA,3.9976080129420137,1.9988040064710069,1.9988040064710069,NA,NA,NA
4,moodrate,2021-02-25T20:09:28Z,Winsec,0,2021-02-27T12:59:54Z,2021-02-25,2021-02-27,2,1.3013512406397156,1.3013512406397156,-0.9125658077515015,-0.9125658077515015,1.3013512406397156,0.4157844212832288,0.8585678309614723,-1.355349217429745,1.3013512406397156,0.8585678309614723,-0.9125658077515015,-1.355349217429745,-0.9125658077515015,0.4157844212832288,0.4157844212832288,-0.026998988395014672,2.6567004580694604,2.213917048391217,0.4427834096782435,0,1.3283502290347302,1.3283502290347302
210,moodrate,2021-02-25T21:12:48Z,Winsec,0,2021-02-27T15:47:08Z,2021-02-25,2021-02-27,2,1.0820800300430282,-3.3105220721118394,0.20355960961205463,-0.6749608108189189,0.20355960961205463,-0.6749608108189189,0.20355960961205463,1.0820800300430282,0.20355960961205463,1.0820800300430282,1.0820800300430282,0.20355960961205463,-0.6749608108189189,-1.5534812312498925,-0.6749608108189189,0.20355960961205463,-0.8785204204309736,0,0,0,-0.8785204204309736,0
98,moodrate,2021-02-25T20:11:31Z,Winsec,0,2021-02-27T18:39:21Z,2021-02-25,2021-02-27,2,0.6148196670987389,0.6148196670987389,0.6148196670987389,0.6148196670987389,-0.16079898985659302,-0.16079898985659302,-0.16079898985659302,-0.16079898985659302,1.390438324054071,1.390438324054071,1.390438324054071,-0.16079898985659302,-1.712036303767257,-1.712036303767257,-1.712036303767257,-0.16079898985659302,1.551237313910664,1.551237313910664,1.551237313910664,-2.3268559708659957,-2.3268559708659957,-2.3268559708659957
58,moodrate,2021-02-25T20:10:32Z,Winfirst,1,2021-02-27T16:11:40Z,2021-02-25,2021-02-27,2,-0.20602457898996557,-1.2456563006624068,-1.7654721614986275,-1.2456563006624068,0.3137912818462551,-0.7258404398261862,-0.20602457898996557,-0.7258404398261862,1.873238864354917,0.8336071426824757,-0.20602457898996557,-1.2456563006624068,-1.7654721614986275,-1.2456563006624068,-1.7654721614986275,-0.7258404398261862,2.599079304181103,1.5594475825086618,0.5198158608362207,-0.5198158608362207,0,-0.5198158608362207
137,moodrate,2021-02-25T19:13:36Z,Winfirst,1,2021-02-27T13:51:11Z,2021-02-25,2021-02-27,2,1.2397983668595156,1.2397983668595156,1.2397983668595156,-0.4405895022723889,2.9201862359914204,2.9201862359914204,2.9201862359914204,-0.4405895022723889,NA,NA,NA,NA,NA,NA,NA,NA,NA,NA,NA,NA,NA,NA
160,moodrate,2021-02-25T20:14:51Z,Winsec,0,2021-02-27T13:08:32Z,2021-02-25,2021-02-27,2,-1.1577736686708358,0.2645100890970824,-1.1577736686708358,-0.4466317897868767,0.9756519679810415,0.9756519679810415,0.2645100890970824,-1.1577736686708358,0.9756519679810415,0.2645100890970824,0.2645100890970824,-1.1577736686708358,-1.1577736686708358,-0.4466317897868767,-0.4466317897868767,-0.4466317897868767,2.1334256366518773,1.4222837577679182,1.4222837577679182,-0.7111418788839591,0,0
203,moodrate,2021-02-25T21:17:51Z,Winsec,0,2021-02-27T21:25:27Z,2021-02-25,2021-02-27,2,0.07653124728794561,0.07653124728794561,0.07653124728794561,0.07653124728794561,0.07653124728794561,0.07653124728794561,1.8695490408912319,0.07653124728794561,-1.7164865463153407,0.07653124728794561,0.07653124728794561,0.07653124728794561,0.07653124728794561,1.8695490408912319,0.07653124728794561,-1.7164865463153407,-1.7930177936032863,0,0,0,1.7930177936032863,0
331,moodrate,2021-02-25T20:14:30Z,Winfirst,1,2021-02-27T13:02:19Z,2021-02-25,2021-02-27,2,0.9410276202506868,-0.11240944269206181,0.4143090887793125,-0.11240944269206181,0.9410276202506868,0.4143090887793125,-0.6391279741634361,0.9410276202506868,-0.11240944269206181,0.4143090887793125,-0.11240944269206181,0.4143090887793125,-0.11240944269206181,0.4143090887793125,0.4143090887793125,-2.219283568577559,-1.0534370629427485,-0.5267185314713743,-1.0534370629427485,0,0.5267185314713743,0.5267185314713743
9,moodrate,2021-02-25T19:17:41Z,Winfirst,1,2021-02-27T12:14:58Z,2021-02-25,2021-02-27,2,-0.018977699441844284,-0.5377014841855938,-1.0564252689293434,-1.575149053673093,-0.018977699441844284,-0.5377014841855938,-1.0564252689293434,-1.0564252689293434,0.4997460853019053,-0.018977699441844284,-0.5377014841855938,-1.575149053673093,-0.5377014841855938,0.4997460853019053,-1.0564252689293434,-1.575149053673093,1.5561713542312487,1.0374475694874992,0.5187237847437496,1.0374475694874992,2.0748951389749983,0.5187237847437496
306,moodrate,2021-02-25T20:19:31Z,Winfirst,1,2021-02-27T13:20:27Z,2021-02-25,2021-02-27,2,-0.17495841206872753,-0.17495841206872753,-0.17495841206872753,-0.17495841206872753,-0.17495841206872753,-0.17495841206872753,-2.2244712391595445,1.8745544150220894,3.9240672421129066,1.8745544150220894,-0.17495841206872753,-0.17495841206872753,-4.273984066250361,-2.2244712391595445,-2.2244712391595445,-0.17495841206872753,2.049512827090817,0,-2.049512827090817,-4.0990256541816334,-2.049512827090817,-2.049512827090817
154,moodrate,2021-02-25T20:21:57Z,Winfirst,1,2021-02-27T15:17:25Z,2021-02-25,2021-02-27,2,0,0.7159459591004067,0,0.7159459591004067,0,-2.14783787730122,-0.7159459591004067,-0.7159459591004067,0.7159459591004067,0,0.7159459591004067,-0.7159459591004067,-0.7159459591004067,0,0,-0.7159459591004067,1.4318919182008134,0.7159459591004067,1.4318919182008134,-1.4318919182008134,-0.7159459591004067,-0.7159459591004067
23,moodrate,2021-02-25T19:23:56Z,Winsec,0,2021-02-27T13:06:39Z,2021-02-25,2021-02-27,2,0.9791446380642445,1.5897139180738875,-0.24199392195504152,0.9791446380642445,-0.24199392195504152,-2.0737017619839704,-0.8525632019646845,-0.24199392195504152,1.5897139180738875,-3.2948403220032567,-2.0737017619839704,-0.24199392195504152,-3.2948403220032567,-2.0737017619839704,-2.6842710419936133,-0.24199392195504152,1.831707840028929,-3.052846400048215,-1.8317078400289288,-4.2739849600675015,-3.0528464000482147,-3.6634156800578577
197,moodrate,2021-02-25T19:25:17Z,Winsec,0,2021-02-27T11:53:09Z,2021-02-25,2021-02-27,2,0.6842142054319628,0.6842142054319628,0.0997812382921613,-1.0690846959874416,1.268647172571764,1.268647172571764,1.268647172571764,0.6842142054319628,1.268647172571764,0.6842142054319628,0.6842142054319628,0.6842142054319628,-2.2379506302670444,-2.2379506302670444,-2.2379506302670444,0.0997812382921613,0.5844329671398013,0,0,-1.1688659342796028,-1.1688659342796028,-1.1688659342796028
113,moodrate,2021-02-25T21:23:43Z,Winsec,0,2021-02-28T01:47:41Z,2021-02-25,2021-02-28,3,1.2881806004498864,1.2881806004498864,0.6088827918525187,0.6088827918525187,-0.7497128253422167,-0.7497128253422167,-1.4290106339395843,-2.108308442536952,-0.070415016744849,-2.108308442536952,-2.108308442536952,-0.070415016744849,-2.108308442536952,-2.108308442536952,-1.4290106339395843,-0.7497128253422167,2.037893425792103,0,0,-2.7171912343894706,-2.7171912343894706,-2.037893425792103
70,moodrate,2021-02-25T20:24:06Z,Winfirst,1,2021-02-27T12:59:57Z,2021-02-25,2021-02-27,2,0.8710830804341344,0.8710830804341344,0.8710830804341344,-1.1409961476109096,0.8710830804341344,0.8710830804341344,0.8710830804341344,0.8710830804341344,0.8710830804341344,0.8710830804341344,-1.1409961476109096,0.8710830804341344,-1.1409961476109096,-1.1409961476109096,-1.1409961476109096,-1.1409961476109096,0,0,-2.012079228045044,0,0,0
292,moodrate,2021-02-25T19:25:01Z,Winfirst,1,2021-02-27T16:02:34Z,2021-02-25,2021-02-27,2,0.5769898061243445,-0.23875440253421157,1.3927340147829006,0.5769898061243445,0.5769898061243445,0.5769898061243445,-0.23875440253421157,0.5769898061243445,0.9848619104536225,0.5769898061243445,0.9848619104536225,0.5769898061243445,NA,NA,NA,NA,0.407872104329278,0,0.407872104329278,NA,NA,NA
133,moodrate,2021-02-25T19:27:16Z,Winsec,0,2021-02-27T12:02:41Z,2021-02-25,2021-02-27,2,0.24088918025471512,0.24088918025471512,1.1387488521131979,1.1387488521131979,0.24088918025471512,0.24088918025471512,0.24088918025471512,-1.5548301634622506,0.24088918025471512,-0.6569704916037676,0.24088918025471512,-0.6569704916037676,1.1387488521131979,1.1387488521131979,1.1387488521131979,-1.5548301634622506,1.7957193437169656,0.8978596718584829,1.7957193437169656,0,0,0
63,moodrate,2021-02-25T20:34:20Z,Winsec,0,2021-02-27T14:53:20Z,2021-02-25,2021-02-27,2,0.911938952485979,-0.911938952485979,-0.911938952485979,-0.911938952485979,NA,NA,NA,NA,2.735816857457937,0.911938952485979,0.911938952485979,0.911938952485979,-2.735816857457937,-0.911938952485979,-0.911938952485979,-0.911938952485979,NA,NA,NA,-1.8238779049719578,0,0
30,moodrate,2021-02-25T19:31:57Z,Winfirst,1,2021-02-27T12:45:57Z,2021-02-25,2021-02-27,2,-0.7561623122580656,-0.7561623122580656,-0.7561623122580656,-0.7561623122580656,0.6141207729388711,-0.7561623122580656,-0.07102076965959724,-0.7561623122580656,1.9844038581358079,1.2992623155373395,1.2992623155373395,-0.07102076965959724,-2.126445397455002,-0.7561623122580656,-0.7561623122580656,-2.126445397455002,2.7405661703938735,2.0554246277954054,2.0554246277954054,-1.3702830851969365,0,0
317,moodrate,2021-02-25T19:33:27Z,Winfirst,1,2021-02-27T13:56:57Z,2021-02-25,2021-02-27,2,0.375944657529948,1.220532655268461,0.375944657529948,0.375944657529948,0.375944657529948,-2.157819335685591,-1.313231337947078,-1.313231337947078,1.220532655268461,0.375944657529948,-0.46864334020856496,-1.313231337947078,-3.0024073334241037,-1.313231337947078,-0.46864334020856496,0.375944657529948,2.5337639932155387,1.6891759954770258,0.8445879977385129,-3.3783519909540516,-1.6891759954770258,-0.8445879977385129
189,moodrate,2021-02-25T20:37:50Z,Winfirst,1,2021-02-27T19:42:56Z,2021-02-25,2021-02-27,2,0.5094755833356783,0.015073242110522935,0.015073242110522935,0.5094755833356783,0.5094755833356783,1.0038779245608338,0.5094755833356783,0.5094755833356783,1.4982802657859893,0.5094755833356783,0.5094755833356783,0.5094755833356783,NA,NA,NA,NA,0.988804682450311,0,0,NA,NA,NA
190,moodrate,2021-02-25T20:36:58Z,Winsec,0,2021-02-27T12:59:23Z,2021-02-25,2021-02-27,2,0.8290568629456131,-3.0335944303237206,-0.7160036543621203,0.05652660429174639,0.05652660429174639,0.05652660429174639,0.05652660429174639,0.05652660429174639,1.6015871215994797,0.8290568629456131,0.8290568629456131,-0.7160036543621203,-3.806124688977587,-2.2610641716698536,-2.2610641716698536,0.05652660429174639,1.5450605173077332,0.7725302586538667,0.7725302586538667,-3.8626512932693333,-2.3175907759616,-2.3175907759616
296,moodrate,2021-02-25T20:43:09Z,Winsec,0,2021-02-27T13:19:39Z,2021-02-25,2021-02-27,2,0.014713575828548712,-1.1917996421124886,-1.1917996421124886,0.014713575828548712,-1.1917996421124886,0.014713575828548712,0.014713575828548712,0.014713575828548712,0.014713575828548712,0.014713575828548712,-1.1917996421124886,1.221226793769586,-1.1917996421124886,0.014713575828548712,0.014713575828548712,0.014713575828548712,0,0,-1.2065132179410374,-1.2065132179410374,0,0
1,moodrate,2021-02-25T19:42:02Z,Winsec,0,2021-02-27T13:54:16Z,2021-02-25,2021-02-27,2,-0.7558300742058541,-1.5990690685579634,-0.7558300742058541,0.08740892014625512,0.08740892014625512,0.08740892014625512,-0.7558300742058541,-0.7558300742058541,1.7738869088504736,0.08740892014625512,0.08740892014625512,-1.5990690685579634,-0.7558300742058541,-1.5990690685579634,-0.7558300742058541,0.08740892014625512,2.5297169830563275,0.8432389943521093,0.8432389943521093,-0.8432389943521093,-1.6864779887042185,-0.8432389943521093
71,moodrate,2021-02-25T20:43:26Z,Winsec,0,2021-02-27T12:55:00Z,2021-02-25,2021-02-27,2,0.5681477310724313,0.5681477310724313,0.5681477310724313,-1.0957134813539733,0.5681477310724313,0.5681477310724313,0.5681477310724313,0.5681477310724313,0.5681477310724313,0.5681477310724313,0.5681477310724313,0.5681477310724313,-2.759574693780378,-2.759574693780378,-2.759574693780378,-1.0957134813539733,0,0,0,-1.6638612124264045,-1.6638612124264045,-1.6638612124264045
85,moodrate,2021-02-25T20:43:07Z,Winfirst,1,2021-02-27T12:41:30Z,2021-02-25,2021-02-27,2,0.3479049189317574,-0.5874460106552623,0.3479049189317574,0.3479049189317574,-0.5874460106552623,-1.5227969402422818,-1.5227969402422818,0.3479049189317574,-0.5874460106552623,0.3479049189317574,0.3479049189317574,0.3479049189317574,-1.5227969402422818,-0.5874460106552623,-0.5874460106552623,0.3479049189317574,-0.9353509295870197,0,0,-1.8707018591740392,-0.9353509295870197,-0.9353509295870197
31,moodrate,2021-02-25T20:47:50Z,Winsec,0,2021-02-27T17:40:43Z,2021-02-25,2021-02-27,2,-0.3913070901228773,-0.3913070901228773,-0.3913070901228773,-1.4790081541932492,0.6963939739474946,0.6963939739474946,0.6963939739474946,0.6963939739474946,1.7840950380178664,0.6963939739474946,0.6963939739474946,0.6963939739474946,-2.566709218263621,-1.4790081541932492,-0.3913070901228773,-1.4790081541932492,1.0877010640703717,0,0,-1.0877010640703717,0,1.087701064070372
274,moodrate,2021-02-25T13:47:24Z,Winsec,0,2021-02-27T09:44:35Z,2021-02-25,2021-02-27,2,1.238384534092509,-0.007597451129401624,-0.007597451129401624,1.238384534092509,-1.2535794363513122,-0.007597451129401624,-0.007597451129401624,1.238384534092509,1.238384534092509,-0.007597451129401624,-0.007597451129401624,-0.007597451129401624,-2.499561421573223,-1.2535794363513122,-0.007597451129401624,-0.007597451129401624,0,-1.2459819852219107,-1.2459819852219107,-3.737945955665732,-2.4919639704438215,-1.2459819852219107
186,moodrate,2021-02-25T19:48:35Z,Winsec,0,2021-02-27T15:30:03Z,2021-02-25,2021-02-27,2,-0.01753231142665883,-0.01753231142665883,0.46168420090202134,-1.9343983607413795,1.8993337378880617,0.9409007132307015,0.46168420090202134,0.46168420090202134,1.4201172255593817,-0.01753231142665883,0.46168420090202134,-1.4551818484126993,-1.9343983607413795,0.46168420090202134,-0.01753231142665883,0.46168420090202134,0.9584330246573604,-0.4792165123286802,0,0,2.396082561643401,1.9168660493147207
166,moodrate,2021-02-25T19:52:16Z,Winfirst,1,2021-02-27T13:36:13Z,2021-02-25,2021-02-27,2,1.6530812099307626,0.07688749813631461,0.07688749813631461,0.07688749813631461,0.07688749813631461,-1.4993062136581334,-3.0754999254525814,-1.4993062136581334,3.2292749217252106,0.07688749813631461,0.07688749813631461,0.07688749813631461,-1.4993062136581334,0.07688749813631461,0.07688749813631461,-1.4993062136581334,4.728581135383344,1.576193711794448,1.576193711794448,-1.576193711794448,0,0
56,moodrate,2021-02-25T21:53:49Z,Winsec,0,2021-02-27T13:55:21Z,2021-02-25,2021-02-27,2,0.42137858613606655,0.42137858613606655,-0.42137858613606655,0.42137858613606655,0.8427571722721331,0.8427571722721331,0.8427571722721331,0.8427571722721331,0.8427571722721331,0.8427571722721331,0.8427571722721331,0.42137858613606655,-1.2641357584081998,-0.42137858613606655,-1.2641357584081998,-0.8427571722721331,0,0,0,-1.6855143445442664,-0.8427571722721331,-1.6855143445442664
303,moodrate,2021-02-25T19:56:13Z,Winfirst,1,2021-02-27T11:46:03Z,2021-02-25,2021-02-27,2,0.2624923647836232,0.7461861605646813,1.2298799563457397,0.7461861605646813,1.7135737521267977,-1.1885890225595515,-0.22120143099743503,-0.22120143099743503,0.2624923647836232,-0.22120143099743503,-0.7048952267784933,2.197267547907856,-1.6722828183406095,-1.6722828183406095,-1.6722828183406095,-1.1885890225595515,0.4836937957810582,0,-0.4836937957810582,-2.418468978905291,-2.418468978905291,-2.418468978905291
78,moodrate,2021-02-25T13:54:41Z,Winfirst,1,2021-02-27T10:35:51Z,2021-02-25,2021-02-27,2,-1.959905814269478,-0.991759568666483,-0.991759568666483,0.9445329225395075,0.9445329225395075,0.9445329225395075,0.9445329225395075,-0.02361332306348771,0.9445329225395075,-0.02361332306348771,-0.991759568666483,-1.959905814269478,0.9445329225395075,0.9445329225395075,0.9445329225395075,-0.991759568666483,0.9681462456029952,0,-0.9681462456029952,0,0,0
126,moodrate,2021-02-25T20:56:47Z,Winfirst,1,2021-02-27T12:59:48Z,2021-02-25,2021-02-27,2,1.2139855140078113,-0.08728000427507179,1.2139855140078113,-0.08728000427507179,1.2139855140078113,-0.08728000427507179,1.2139855140078113,1.2139855140078113,1.2139855140078113,-0.08728000427507179,1.2139855140078113,-0.08728000427507179,-2.689811040840838,-1.3885455225579548,-1.3885455225579548,-0.08728000427507179,0,-1.3012655182828832,0,-2.6025310365657663,-1.301265518282883,-1.301265518282883
86,moodrate,2021-02-25T19:57:55Z,Winfirst,1,2021-02-27T16:13:39Z,2021-02-25,2021-02-27,2,1.9995011607852708,1.158685288044798,1.158685288044798,0.317869415304325,1.158685288044798,1.158685288044798,0.317869415304325,-0.5229464574361479,1.9995011607852708,1.9995011607852708,1.158685288044798,-0.5229464574361479,-2.2045782029170935,-3.8862099483980392,-3.0453940756575664,-1.3637623301766209,2.5224476182214186,2.5224476182214186,1.6816317454809457,-2.5224476182214186,-4.204079363702364,-3.3632634909618915
313,moodrate,2021-02-25T20:00:03Z,Winsec,0,2021-02-27T14:38:34Z,2021-02-25,2021-02-27,2,-0.5943105240462588,-0.5943105240462588,-0.5943105240462588,0.765693093771227,-0.1409759847737636,-0.1409759847737636,-0.5943105240462588,0.3123585544987317,-0.1409759847737636,-1.0476450633187542,-0.5943105240462588,1.2190276330437222,-1.0476450633187542,-1.0476450633187542,-1.0476450633187542,-0.1409759847737636,-0.4533345392724953,-1.360003617817486,-0.9066690785449905,-1.8133381570899811,-1.8133381570899811,-1.8133381570899811
39,moodrate,2021-02-25T20:00:33Z,Winsec,0,2021-02-27T13:04:01Z,2021-02-25,2021-02-27,2,0.6083263608492305,0.6083263608492305,0.6083263608492305,-0.8375507866764763,0.6083263608492305,0.6083263608492305,0.6083263608492305,0.6083263608492305,0.6083263608492305,0.6083263608492305,0.6083263608492305,-0.8375507866764763,-0.8375507866764763,0.6083263608492305,0.6083263608492305,0.6083263608492305,0,0,0,0,1.4458771475257068,1.4458771475257068
136,moodrate,2021-02-25T22:03:59Z,Winsec,0,2021-02-27T13:57:13Z,2021-02-25,2021-02-27,2,0.4893107692073508,-0.5951076922792106,-0.5951076922792106,0.4893107692073508,-1.679526153765772,-0.5951076922792106,0.4893107692073508,0.4893107692073508,1.5737292306939121,0.4893107692073508,1.5737292306939121,0.4893107692073508,-1.679526153765772,-0.5951076922792106,-0.5951076922792106,-0.5951076922792106,1.0844184614865613,0,1.0844184614865613,-2.1688369229731226,-1.0844184614865613,-1.0844184614865613
316,moodrate,2021-02-25T21:04:25Z,Winfirst,1,2021-02-27T22:43:39Z,2021-02-25,2021-02-27,2,0.34114476933566973,0.34114476933566973,0.34114476933566973,0.34114476933566973,1.0772992715863254,1.8134537738369814,1.0772992715863254,-1.131164235165642,-0.39500973291498603,-1.131164235165642,-1.131164235165642,-1.131164235165642,-0.39500973291498603,-0.39500973291498603,-0.39500973291498603,-0.39500973291498603,0.7361545022506559,0,0,-0.7361545022506557,-0.7361545022506557,-0.7361545022506557
233,moodrate,2021-02-25T22:04:55Z,Winsec,0,2021-02-27T22:16:59Z,2021-02-25,2021-02-27,2,-0.234045070180556,-0.234045070180556,-0.234045070180556,0.8626232586654757,0.8626232586654757,0.8626232586654757,-0.234045070180556,-1.3307133990265878,3.0559599163575393,1.9592915875115076,1.9592915875115076,-0.234045070180556,-4.620718385564683,-2.4273817278726195,-0.234045070180556,-0.234045070180556,4.386673315384127,3.2900049865380954,3.2900049865380954,-5.483341644230159,-3.2900049865380954,-1.0966683288460317
302,moodrate,2021-02-25T20:19:07Z,Winfirst,1,2021-02-27T12:26:22Z,2021-02-25,2021-02-27,2,1.021488484813364,0.188035193721863,0.188035193721863,0.188035193721863,1.854941775904865,0.188035193721863,0.188035193721863,-0.645418097369638,1.854941775904865,1.021488484813364,1.021488484813364,-0.645418097369638,-0.645418097369638,-0.645418097369638,-1.4788713884611389,0.188035193721863,2.500359873274503,1.666906582183002,1.666906582183002,-0.8334532910915009,-0.8334532910915009,-1.6669065821830018
167,moodrate,2021-02-25T20:26:06Z,Winsec,0,2021-02-27T13:54:33Z,2021-02-25,2021-02-27,2,1.9655897054736378,0.015851529882851934,0.015851529882851934,-1.2839739205110052,1.3156769802767092,-0.6340611953140767,0.6657642550797805,-0.6340611953140767,1.3156769802767092,-0.6340611953140767,-0.6340611953140767,-0.6340611953140767,-1.933886645707934,-2.583799370904863,-1.2839739205110052,0.015851529882851934,1.9497381755907859,0,0,-0.6499127251969288,-1.2998254503938576,0
258,moodrate,2021-02-25T20:29:34Z,Winfirst,1,2021-02-27T13:38:56Z,2021-02-25,2021-02-27,2,NA,NA,NA,NA,1.9874431834713977,1.9874431834713977,1.9874431834713977,-0.46323863674897353,1.9874431834713977,-0.46323863674897353,1.9874431834713977,-0.46323863674897353,-2.9139204569693447,-0.46323863674897353,-0.46323863674897353,-0.46323863674897353,2.450681820220371,0,2.450681820220371,NA,NA,NA
176,moodrate,2021-02-25T15:32:29Z,Winfirst,1,2021-03-08T13:46:12Z,2021-02-25,2021-03-08,11,0.9769129044404071,-0.8506199814329022,0.3677352758159707,0.3677352758159707,1.5860905330648436,-0.24144235280846574,0.9769129044404071,0.3677352758159707,1.5860905330648436,0.3677352758159707,0.9769129044404071,0.3677352758159707,-1.4597976100573387,-0.8506199814329022,-0.8506199814329022,0.3677352758159707,1.218355257248873,0,0.6091776286244364,-1.8275328858733093,-1.218355257248873,-1.218355257248873
230,moodrate,2021-02-25T20:31:44Z,Winsec,0,2021-02-27T11:57:47Z,2021-02-25,2021-02-27,2,0.9496664048574224,0.9496664048574224,0.9496664048574224,-0.26709367636615033,0.9496664048574224,0.9496664048574224,0.9496664048574224,0.9496664048574224,2.166426486080995,0.9496664048574224,-0.26709367636615033,0.9496664048574224,-2.700613838813296,-2.700613838813296,-2.700613838813296,-0.26709367636615033,1.2167600812235726,0,-1.2167600812235726,-2.4335201624471456,-2.4335201624471456,-2.4335201624471456
238,moodrate,2021-02-25T20:33:59Z,Winsec,0,2021-02-27T11:58:30Z,2021-02-25,2021-02-27,2,1.7164865463153407,1.7164865463153407,1.7164865463153407,-0.07653124728794561,1.7164865463153407,1.7164865463153407,1.7164865463153407,-0.07653124728794561,1.7164865463153407,-0.07653124728794561,-0.07653124728794561,-0.07653124728794561,-0.07653124728794561,-0.07653124728794561,-0.07653124728794561,-1.8695490408912319,1.7930177936032863,0,0,0,0,0
277,moodrate,2021-02-25T20:34:45Z,Winfirst,1,2021-02-27T12:03:33Z,2021-02-25,2021-02-27,2,-1.3432830490661474,-1.3432830490661474,-1.3432830490661474,-1.3432830490661474,-0.29921470761189034,-0.29921470761189034,-1.3432830490661474,-0.29921470761189034,0.7448536338423668,-0.29921470761189034,-0.29921470761189034,0.7448536338423668,-2.3873513905204047,-2.3873513905204047,-2.3873513905204047,-1.3432830490661474,1.044068341454257,0,0,-1.0440683414542573,-1.0440683414542573,-1.0440683414542573
61,moodrate,2021-02-25T20:37:54Z,Winfirst,1,2021-02-27T16:29:37Z,2021-02-25,2021-02-27,2,-0.6968544564340543,-0.6968544564340543,-0.6968544564340543,-0.6968544564340543,-0.6968544564340543,-0.6968544564340543,0.868681582678067,0.868681582678067,2.4342176217901885,0.868681582678067,0.868681582678067,0.868681582678067,-2.2623904955461756,-0.6968544564340543,-0.6968544564340543,-0.6968544564340543,1.5655360391121214,0,0,-1.5655360391121214,0,0
101,moodrate,2021-02-25T20:42:19Z,Winfirst,1,2021-02-27T12:50:07Z,2021-02-25,2021-02-27,2,0.831361733005044,0.24869795431774816,-0.33396582436954764,0.24869795431774816,-0.33396582436954764,-2.664620939118731,-0.33396582436954764,0.831361733005044,1.9966892903796356,-0.33396582436954764,-0.33396582436954764,0.24869795431774816,-2.664620939118731,0.831361733005044,-0.9166296030568434,0.831361733005044,1.1653275573745916,-1.1653275573745916,-1.1653275573745916,-2.9133188934364793,0.5826637786872959,-1.1653275573745916
285,moodrate,2021-02-25T21:53:37Z,Winfirst,1,2021-02-27T13:02:56Z,2021-02-25,2021-02-27,2,0.6805258543917188,-0.11666157503858048,-0.11666157503858048,1.477713283822018,0.6805258543917188,-0.9138490044688797,0.6805258543917188,-0.11666157503858048,2.2749007132523174,-0.11666157503858048,0.6805258543917188,-1.711036433899179,-1.711036433899179,-1.711036433899179,-0.9138490044688797,-2.508223863329478,2.391562288290898,0,0.7971874294302992,-3.1887497177211968,-3.1887497177211968,-2.391562288290898
300,moodrate,2021-02-25T20:59:54Z,Winsec,0,2021-02-27T16:38:49Z,2021-02-25,2021-02-27,2,0.4184665851446425,-0.2890439299452682,0.4184665851446425,1.125977100234553,-0.2890439299452682,-0.2890439299452682,0.4184665851446425,0.4184665851446425,-0.2890439299452682,-0.2890439299452682,-0.2890439299452682,0.4184665851446425,-0.9965544450351789,-0.2890439299452682,-0.2890439299452682,-0.2890439299452682,-0.7075105150899107,-0.7075105150899107,-0.7075105150899107,-2.122531545269732,-1.4150210301798212,-1.4150210301798212
294,moodrate,2021-02-25T22:12:33Z,Winsec,0,2021-02-27T15:31:41Z,2021-02-25,2021-02-27,2,0.029915876636987516,0.029915876636987516,0.029915876636987516,0.029915876636987516,-1.6054853795183086,0.029915876636987516,0.029915876636987516,0.029915876636987516,1.6653171327922838,0.029915876636987516,0.029915876636987516,-1.6054853795183086,1.6653171327922838,0.029915876636987516,0.029915876636987516,0.029915876636987516,1.6354012561552962,0,0,1.6354012561552962,0,0
117,moodrate,2021-02-25T22:12:42Z,Winsec,0,2021-02-27T13:07:38Z,2021-02-25,2021-02-27,2,1.4067088659010119,-1.3479210326991788,-1.3479210326991788,-1.003592295374155,0.7180513912509643,0.7180513912509643,-1.003592295374155,-1.3479210326991788,1.4067088659010119,1.0623801285759882,0.7180513912509643,-1.003592295374155,-1.3479210326991788,-1.3479210326991788,1.0623801285759882,-1.003592295374155,2.7546298986001907,2.410301161275167,2.065972423950143,-0.3443287373250239,-0.3443287373250239,2.065972423950143
253,moodrate,2021-02-25T22:20:31Z,Winsec,0,2021-02-27T17:48:20Z,2021-02-25,2021-02-27,2,-0.13292096437386003,-0.13292096437386003,-1.8097700533979435,-0.13292096437386003,-0.13292096437386003,-1.8097700533979435,1.5439281246502234,-0.13292096437386003,3.220777213674307,-0.13292096437386003,-0.13292096437386003,-1.8097700533979435,-1.8097700533979435,-1.8097700533979435,-0.13292096437386003,-0.13292096437386003,3.353698178048167,0,0,-1.6768490890240835,-1.6768490890240835,0
29,moodrate,2021-02-25T22:27:29Z,Winfirst,1,2021-02-27T13:09:17Z,2021-02-25,2021-02-27,2,1.2894090944546608,1.2894090944546608,0.7194277157738943,-0.4205350415876387,1.2894090944546608,-0.4205350415876387,0.14944633709312782,-0.4205350415876387,1.8593904731354274,0.7194277157738943,0.7194277157738943,-0.9905164202684053,-1.5604977989491717,-1.5604977989491717,-1.5604977989491717,-0.9905164202684053,2.279925514723066,1.139962757361533,1.139962757361533,-1.139962757361533,-1.139962757361533,-1.139962757361533
175,moodrate,2021-02-25T22:33:39Z,Winfirst,1,2021-02-27T13:27:11Z,2021-02-25,2021-02-27,2,-0.544273290259665,-0.544273290259665,-0.544273290259665,0.4817131419539567,0.4817131419539567,-0.544273290259665,-1.5702597224732866,-0.544273290259665,2.5336860063812,2.5336860063812,1.5076995741675783,-0.544273290259665,-1.5702597224732866,-0.544273290259665,-0.544273290259665,-0.544273290259665,3.0779592966408647,3.0779592966408647,2.0519728644272432,-2.0519728644272432,-1.0259864322136216,-1.0259864322136216
288,moodrate,2021-02-25T22:34:30Z,Winfirst,1,2021-02-27T13:11:20Z,2021-02-25,2021-02-27,2,1.1087999476892687,1.1087999476892687,1.1087999476892687,1.1087999476892687,-1.6052775362068505,-1.6052775362068505,-1.6052775362068505,-1.6052775362068505,1.1087999476892687,1.1087999476892687,1.1087999476892687,-0.248238794258791,-1.6052775362068505,-1.6052775362068505,-0.248238794258791,1.1087999476892687,2.7140774838961192,2.7140774838961192,2.7140774838961192,-2.7140774838961192,-2.7140774838961192,-1.3570387419480596
326,moodrate,2021-02-25T23:50:39Z,Winsec,0,2021-02-27T14:42:31Z,2021-02-25,2021-02-27,2,0.4089969600822997,0.4089969600822997,0.4089969600822997,-0.3045722043166061,2.549704453279017,2.549704453279017,2.549704453279017,-0.3045722043166061,2.549704453279017,1.8361352888801112,1.8361352888801112,-0.3045722043166061,-0.3045722043166061,-0.3045722043166061,-0.3045722043166061,-0.3045722043166061,2.8542766575956233,2.140707493196717,2.140707493196717,0,0,0
158,moodrate,2021-02-25T22:55:44Z,Winsec,0,2021-02-27T16:14:42Z,2021-02-25,2021-02-27,2,1.1247077944916872,0.6137602091824442,0.6137602091824442,0.10281262387320131,0.6137602091824442,0.10281262387320131,0.10281262387320131,0.10281262387320131,0.6137602091824442,0.6137602091824442,0.6137602091824442,0.6137602091824442,-1.4300301320545277,-1.4300301320545277,-1.4300301320545277,-0.9190825467452847,0.5109475853092429,0.5109475853092429,0.5109475853092429,-1.532842755927729,-1.532842755927729,-1.532842755927729
231,moodrate,2021-02-25T23:04:46Z,Winsec,0,2021-02-27T18:04:03Z,2021-02-25,2021-02-27,2,-0.17178429846412976,0.48339302591069183,-0.17178429846412976,-2.1373162715885945,-1.482138947213773,-1.482138947213773,-1.482138947213773,-0.8269616228389514,1.793747674660335,1.793747674660335,1.793747674660335,-0.8269616228389514,-2.1373162715885945,-2.7924935959634163,-1.482138947213773,-0.17178429846412976,2.6207092974992863,2.6207092974992863,2.6207092974992863,0,-0.6551773243748218,0.6551773243748216
305,moodrate,2021-02-25T22:08:30Z,Winsec,0,2021-02-27T11:58:03Z,2021-02-25,2021-02-27,2,-0.03179765692284098,-0.03179765692284098,-0.03179765692284098,-0.03179765692284098,-1.3355015907593197,-0.03179765692284098,-0.03179765692284098,-1.3355015907593197,1.2719062769136378,1.2719062769136378,1.2719062769136378,-0.03179765692284098,-3.9429094584322772,-2.639205524595799,-2.639205524595799,-1.3355015907593197,2.6074078676729577,2.6074078676729577,2.6074078676729577,-3.911111801509436,-2.6074078676729577,-2.6074078676729577
12,moodrate,2021-02-25T16:10:44Z,Winfirst,1,2021-02-27T10:59:26Z,2021-02-25,2021-02-27,2,0.12274756755520606,0.6668178669890924,0.6668178669890924,0.6668178669890924,0.6668178669890924,0.6668178669890924,0.6668178669890924,0.12274756755520606,1.210888166422979,0.6668178669890924,0.6668178669890924,0.12274756755520606,-0.9653930313125667,-1.5094633307464531,-1.5094633307464531,-1.5094633307464531,1.0881405988677728,0.5440702994338863,0.5440702994338863,-1.632210898301659,-2.1762811977355456,-2.1762811977355456
168,moodrate,2021-02-25T23:23:04Z,Winfirst,1,2021-02-27T19:35:13Z,2021-02-25,2021-02-27,2,0.7924964743583377,0.7924964743583377,0.7924964743583377,0.2848034204725275,0.2848034204725275,0.7924964743583377,0.2848034204725275,-1.7459687950707135,1.8078825821299582,1.300189528244148,1.300189528244148,1.300189528244148,-1.7459687950707135,-1.7459687950707135,-1.7459687950707135,-2.2536618489565234,3.5538513772006715,3.0461583233148612,3.0461583233148612,-2.030772215543241,-2.030772215543241,-2.030772215543241
329,moodrate,2021-02-25T23:33:18Z,Winsec,0,2021-02-27T14:19:02Z,2021-02-25,2021-02-27,2,-0.5089667472642996,0.2639086837666742,-0.5089667472642996,-0.5089667472642996,-0.5089667472642996,-0.5089667472642996,-0.5089667472642996,0.2639086837666742,1.036784114797648,1.036784114797648,0.2639086837666742,1.036784114797648,-2.827593040357221,-2.827593040357221,-2.054717609326247,-1.2818421782952734,0.7728754310309738,0.7728754310309738,0,-2.3186262930929216,-2.3186262930929216,-1.5457508620619473
69,moodrate,2021-02-25T23:38:44Z,Winsec,0,2021-02-27T13:22:06Z,2021-02-25,2021-02-27,2,-0.20090176795258138,-0.20090176795258138,-0.20090176795258138,-0.20090176795258138,-0.20090176795258138,-0.20090176795258138,3.917584475075333,-0.20090176795258138,NA,NA,NA,NA,-0.20090176795258138,-0.20090176795258138,-0.20090176795258138,-0.20090176795258138,NA,NA,NA,0,0,0
179,moodrate,2021-02-25T23:48:51Z,Winsec,0,2021-02-27T14:59:15Z,2021-02-25,2021-02-27,2,0.047398072750185156,0.047398072750185156,0.047398072750185156,0.047398072750185156,0.9110962873091174,-0.8163001418087471,-0.8163001418087471,-0.8163001418087471,1.7747945018680495,1.7747945018680495,1.7747945018680495,0.9110962873091174,-1.6799983563676792,-1.6799983563676792,-1.6799983563676792,-1.6799983563676792,2.5910946436767968,2.5910946436767968,2.5910946436767968,-1.7273964291178645,-1.7273964291178645,-1.7273964291178645
242,moodrate,2021-02-25T22:52:33Z,Winfirst,1,2021-02-27T12:27:45Z,2021-02-25,2021-02-27,2,-0.14725507808081256,-0.14725507808081256,-0.14725507808081256,-0.14725507808081256,-0.14725507808081256,-0.14725507808081256,-0.14725507808081256,-0.14725507808081256,1.3163711525405974,0.5845580372298925,0.5845580372298925,0.5845580372298925,-2.3426944240129277,-0.8790681933915176,-0.14725507808081256,0.5845580372298925,1.46362623062141,0.731813115310705,0.731813115310705,-2.1954393459321153,-0.731813115310705,0
269,moodrate,2021-02-26T01:06:17Z,Winfirst,1,2021-02-27T13:54:24Z,2021-02-26,2021-02-27,1,0.7191714552646551,0.7191714552646551,0.7191714552646551,-0.4259170754479998,1.86425998597731,0.7191714552646551,0.7191714552646551,-0.4259170754479998,-0.4259170754479998,0.7191714552646551,-0.4259170754479998,-1.5710056061606545,-0.4259170754479998,0.7191714552646551,-0.4259170754479998,-0.4259170754479998,0,1.1450885307126548,0,0,1.1450885307126548,0
2,moodrate,2021-02-25T23:07:24Z,Winsec,0,2021-02-28T17:03:52Z,2021-02-25,2021-02-28,3,0.1315308163559809,-1.1373547061370128,-2.406240228630007,-2.406240228630007,-1.1373547061370128,0.1315308163559809,-1.1373547061370128,-1.1373547061370128,0.1315308163559809,0.1315308163559809,0.1315308163559809,0.1315308163559809,-3.6751257511230007,0.1315308163559809,-3.6751257511230007,-1.1373547061370128,1.2688855224929938,1.2688855224929938,1.2688855224929938,-1.2688855224929938,2.5377710449859876,-1.2688855224929938
237,moodrate,2021-02-25T23:18:30Z,Winfirst,1,2021-02-27T12:20:56Z,2021-02-25,2021-02-27,2,NA,NA,NA,NA,0.07808688094429998,0.07808688094429998,0.07808688094429998,0.07808688094429998,NA,NA,NA,NA,NA,NA,NA,NA,NA,NA,NA,NA,NA,NA
327,moodrate,2021-02-25T23:28:28Z,Winfirst,1,2021-02-27T13:37:44Z,2021-02-25,2021-02-27,2,-1.8814014457704213,-1.8814014457704213,0.1552311423902987,1.1735474364706586,0.1552311423902987,0.1552311423902987,0.1552311423902987,-2.8997177398507814,-0.8630851516900613,-0.8630851516900613,-0.8630851516900613,-0.8630851516900613,1.1735474364706586,1.1735474364706586,1.1735474364706586,0.1552311423902987,2.03663258816072,2.03663258816072,2.03663258816072,0,0,0
145,moodrate,2021-02-26T00:35:09Z,Winsec,0,2021-02-27T17:17:11Z,2021-02-26,2021-02-27,1,-0.9854273534090848,-0.9854273534090848,-0.9854273534090848,-0.9854273534090848,NA,NA,NA,NA,NA,NA,NA,NA,-2.9325368227957114,-0.9854273534090848,-0.9854273534090848,-0.9854273534090848,NA,NA,NA,-1.9471094693866267,0,0
332,moodrate,2021-02-26T00:35:42Z,Winfirst,1,2021-02-27T13:11:45Z,2021-02-26,2021-02-27,1,0.2554085888303077,-0.5659053046632306,-0.15524835791646147,0.2554085888303077,-0.5659053046632306,-0.9765622514099997,0.6660655355770768,-1.387219198156769,1.8980363758173842,1.487379429070615,1.487379429070615,-1.387219198156769,-1.387219198156769,-1.387219198156769,-1.387219198156769,0.2554085888303077,3.285255573974153,2.874598627227384,2.874598627227384,-1.6426277869870767,-1.6426277869870767,-1.6426277869870767
311,moodrate,2021-02-26T00:46:22Z,Winsec,0,2021-02-27T13:28:38Z,2021-02-26,2021-02-27,1,-0.7425163278027057,-0.7425163278027057,-0.7425163278027057,-0.7425163278027057,1.160181762191728,1.160181762191728,1.160181762191728,1.160181762191728,1.160181762191728,1.160181762191728,1.160181762191728,-0.7425163278027057,-0.7425163278027057,-0.7425163278027057,-0.7425163278027057,-0.7425163278027057,0,0,0,0,0,0
252,moodrate,2021-02-26T00:46:16Z,Winsec,0,2021-02-27T13:00:51Z,2021-02-26,2021-02-27,1,1.6700792173655425,0.40789953235195286,0.40789953235195286,-0.012827029319243717,-0.012827029319243717,0.40789953235195286,0.40789953235195286,0.40789953235195286,1.249352655694346,0.8286260940231495,0.8286260940231495,1.6700792173655425,-1.2750067143328334,-0.8542801526616368,-0.8542801526616368,-0.8542801526616368,0.8414531233423931,0.4207265616711966,0.4207265616711966,-1.2621796850135898,-0.8414531233423931,-0.8414531233423931
8,moodrate,2021-02-25T23:51:41Z,Winsec,0,2021-02-27T14:23:10Z,2021-02-25,2021-02-27,2,-0.7774303421233457,-1.8225006380924331,-1.8225006380924331,-0.7774303421233457,0.2676399538457417,0.2676399538457417,0.2676399538457417,0.2676399538457417,1.312710249814829,0.2676399538457417,0.2676399538457417,1.312710249814829,-1.8225006380924331,-1.8225006380924331,-0.7774303421233457,0.2676399538457417,1.0450702959690874,0,0,-1.0450702959690874,-1.0450702959690874,0
267,moodrate,2021-02-25T16:52:21Z,Winsec,0,2021-02-27T16:13:04Z,2021-02-25,2021-02-27,2,0.5686621840993034,0.5686621840993034,0.5686621840993034,-1.5192616560264962,0.5686621840993034,0.5686621840993034,0.5686621840993034,0.5686621840993034,0.5686621840993034,0.5686621840993034,0.5686621840993034,0.5686621840993034,-1.5192616560264962,-1.5192616560264962,-1.5192616560264962,-1.5192616560264962,0,0,0,0,0,0
225,moodrate,2021-02-26T00:51:34Z,Winfirst,1,2021-02-27T15:02:53Z,2021-02-26,2021-02-27,1,0.737999679119732,-0.028025304270369242,0.737999679119732,-0.028025304270369242,1.5040246625098332,-0.028025304270369242,-0.028025304270369242,1.5040246625098332,0.737999679119732,0.737999679119732,-0.028025304270369242,-0.028025304270369242,-2.326100254440673,-3.092125237830774,-0.028025304270369242,-0.7940502876604705,-0.7660249833901013,-0.7660249833901013,-1.5320499667802026,-2.2980749501703035,-3.0640999335604047,0
33,moodrate,2021-02-25T20:56:32Z,Winfirst,1,2021-02-27T11:42:57Z,2021-02-25,2021-02-27,2,-2.6969443253191803,-2.6969443253191803,-2.6969443253191803,0.32216058493573896,1.8317130400631987,0.32216058493573896,0.32216058493573896,0.32216058493573896,-2.6969443253191803,0.32216058493573896,-2.6969443253191803,0.32216058493573896,NA,NA,NA,NA,-3.019104910254919,0,-3.019104910254919,NA,NA,NA
295,moodrate,2021-02-26T01:12:53Z,Winsec,0,2021-02-27T15:44:38Z,2021-02-26,2021-02-27,1,0.21034587100914812,-0.21034587100914812,0.6310376130274443,-0.21034587100914812,-0.21034587100914812,-0.21034587100914812,0.21034587100914812,-1.0517293550457405,1.0517293550457405,0.21034587100914812,0.21034587100914812,-1.4724210970640368,-1.8931128390823329,-2.313804581100629,-1.0517293550457405,-0.6310376130274443,2.103458710091481,1.2620752260548886,1.2620752260548886,-1.6827669680731847,-2.103458710091481,-0.8413834840365924
40,moodrate,2021-02-26T01:13:05Z,Winsec,0,2021-02-27T15:38:02Z,2021-02-26,2021-02-27,1,1.161819577672287,-0.17061686105676926,0.4956013583077589,1.161819577672287,-1.5030532997858257,1.161819577672287,0.4956013583077589,-2.169271519150354,-0.17061686105676926,0.4956013583077589,-0.8368350804212974,-1.5030532997858257,-2.169271519150354,-0.17061686105676926,-0.8368350804212974,0.4956013583077589,1.9986546580935847,2.6648728774581127,1.3324364387290566,-3.3310910968226413,-1.3324364387290564,-1.9986546580935844
199,moodrate,2021-02-26T01:16:03Z,Winsec,0,2021-02-28T01:17:56Z,2021-02-26,2021-02-28,2,0.5553360288569407,1.170708385157875,0.5553360288569407,-0.06003632744399365,NA,NA,NA,NA,1.170708385157875,0.5553360288569407,0.5553360288569407,1.170708385157875,-1.9061533963467967,-1.9061533963467967,-1.9061533963467967,-1.2907810400458624,NA,NA,NA,-1.846117068902803,-1.846117068902803,-1.846117068902803
141,moodrate,2021-02-25T18:21:58Z,Winsec,0,2021-02-27T19:13:56Z,2021-02-25,2021-02-27,2,1.0479976354802945,-0.12119700546370736,1.0479976354802945,1.0479976354802945,-1.2903916464077092,-1.2903916464077092,1.0479976354802945,-1.2903916464077092,-0.12119700546370736,-1.2903916464077092,-0.12119700546370736,-0.12119700546370736,-0.12119700546370736,-0.12119700546370736,-0.12119700546370736,-0.12119700546370736,1.169194640944002,0,1.169194640944002,-1.1691946409440017,-1.1691946409440017,-1.1691946409440017
287,moodrate,2021-02-26T01:50:14Z,Winsec,0,2021-02-27T14:15:32Z,2021-02-26,2021-02-27,1,0.8166816154936656,-1.034965180925152,0.199466016687393,-0.4177495821188795,0.199466016687393,-1.6521807797314245,0.199466016687393,-0.4177495821188795,-0.4177495821188795,0.199466016687393,-0.4177495821188795,0.199466016687393,-0.4177495821188795,-1.034965180925152,-0.4177495821188795,-0.4177495821188795,0,0.6172155988062725,0,0,-0.6172155988062726,0
50,moodrate,2021-02-25T19:54:47Z,Winfirst,1,2021-02-27T10:34:36Z,2021-02-25,2021-02-27,2,0.5064396451827194,-0.639161759092674,0.5064396451827194,0.5064396451827194,0.5064396451827194,0.5064396451827194,1.0792403473204162,0.5064396451827194,-1.7847631633680674,0.5064396451827194,-0.639161759092674,2.7976424537335065,NA,NA,NA,NA,-2.291202808550787,0,-1.1456014042753935,NA,NA,NA
281,moodrate,2021-02-26T02:31:55Z,Winfirst,1,2021-02-27T14:16:44Z,2021-02-26,2021-02-27,1,0.4956930863855969,-0.7360291282695229,-0.7360291282695229,-0.7360291282695229,0.4956930863855969,-0.7360291282695229,-0.7360291282695229,0.4956930863855969,2.9591375156958364,0.4956930863855969,0.4956930863855969,1.7274153010407167,-0.7360291282695229,-0.7360291282695229,-1.9677513429246427,-0.7360291282695229,2.4634444293102393,0,0,0,0,-1.2317222146551199
105,moodrate,2021-02-26T03:47:55Z,Winfirst,1,2021-03-01T17:56:27Z,2021-02-26,2021-03-01,3,0.31423093591435697,0.31423093591435697,0.31423093591435697,0.31423093591435697,0.31423093591435697,-1.2014712255548963,0.31423093591435697,0.31423093591435697,0.31423093591435697,4.8613374203221165,0.31423093591435697,0.31423093591435697,0.31423093591435697,-4.232875548493403,-5.748577709962656,0.31423093591435697,0,4.5471064844077596,0,0,-4.5471064844077596,-6.062808645877013
185,moodrate,2021-02-26T03:01:15Z,Winsec,0,2021-02-27T13:40:17Z,2021-02-26,2021-02-27,1,0.05214906485974487,0.05214906485974487,-1.848394632250963,1.9526927619704526,-2.798666480806317,-1.848394632250963,-1.848394632250963,1.0024209134150988,1.9526927619704526,0.05214906485974487,0.05214906485974487,0.05214906485974487,-1.848394632250963,0.05214906485974487,0.05214906485974487,1.0024209134150988,0.9502718485553538,-0.9502718485553538,-0.9502718485553538,-3.8010873942214154,-1.9005436971107077,-1.9005436971107077
153,moodrate,2021-02-26T08:15:04Z,Winsec,0,2021-02-27T18:18:23Z,2021-02-26,2021-02-27,1,0.5446071537927234,0.5446071537927234,-0.7313296065216573,-2.007266366836038,-0.7313296065216573,-0.7313296065216573,-0.7313296065216573,-0.7313296065216573,1.8205439141071043,0.5446071537927234,-0.7313296065216573,-0.7313296065216573,-0.7313296065216573,-0.7313296065216573,-0.7313296065216573,-2.007266366836038,2.5518735206287615,1.2759367603143807,0,1.2759367603143805,1.2759367603143805,1.2759367603143805
10,moodrate,2021-02-25T23:37:38Z,Winfirst,1,2021-02-27T09:26:58Z,2021-02-25,2021-02-27,2,0.4504516166148237,0.4504516166148237,0.4504516166148237,0.4504516166148237,0.4504516166148237,0.4504516166148237,-0.408549140650654,-0.408549140650654,1.3094523738803014,-0.408549140650654,0.4504516166148237,-2.1265506551816094,-2.1265506551816094,0.4504516166148237,-0.408549140650654,-1.2675498979161317,1.7180015145309555,0,0.8590007572654776,-2.577002271796433,0,-0.8590007572654776
163,moodrate,2021-02-26T05:52:28Z,Winfirst,1,2021-02-27T13:11:07Z,2021-02-26,2021-02-27,1,1.447714690698389,1.447714690698389,1.447714690698389,1.447714690698389,-1.3023842584275085,-1.3023842584275085,-1.3023842584275085,-0.38568460871887605,0.5310150409897565,0.5310150409897565,0.5310150409897565,-1.3023842584275085,0.5310150409897565,0.5310150409897565,0.5310150409897565,-0.38568460871887605,0.9166996497086326,0.9166996497086326,0.9166996497086326,-0.9166996497086326,-0.9166996497086326,-0.9166996497086326
155,moodrate,2021-02-26T08:34:10Z,Winfirst,1,2021-02-27T13:54:20Z,2021-02-26,2021-02-27,1,0.661308814808843,0.661308814808843,-0.05693387147360887,-2.211661930320964,-0.05693387147360887,-0.7751765577560606,-0.05693387147360887,-1.4934192440385126,0.661308814808843,-0.05693387147360887,-0.05693387147360887,-0.7751765577560606,-0.7751765577560606,-0.05693387147360887,-0.7751765577560606,-0.7751765577560606,2.1547280588473554,1.4364853725649036,1.4364853725649036,1.4364853725649036,2.1547280588473554,1.4364853725649036
171,moodrate,2021-02-26T07:43:40Z,Winfirst,1,2021-02-27T14:36:30Z,2021-02-26,2021-02-27,1,-0.7059337059323758,0.11515230664145171,0.11515230664145171,0.11515230664145171,0.9362383192152793,-0.7059337059323758,0.11515230664145171,0.11515230664145171,0.9362383192152793,0.11515230664145171,-0.7059337059323758,0.9362383192152793,-2.348105731080031,-2.348105731080031,-1.5270197185062033,-0.7059337059323758,0.8210860125738276,0,-0.8210860125738275,-2.4632580377214826,-2.4632580377214826,-1.642172025147655
229,moodrate,2021-02-26T07:51:45Z,Winsec,0,2021-02-27T17:43:11Z,2021-02-26,2021-02-27,1,-0.7542675530033585,-1.3727669464661123,-1.3727669464661123,0.48273123392214923,-1.9912663399288661,-1.9912663399288661,-1.9912663399288661,-1.3727669464661123,-1.3727669464661123,-1.9912663399288661,-2.6097657333916198,1.101230627384903,-0.7542675530033585,-1.3727669464661123,-1.3727669464661123,0.48273123392214923,0,-0.6184993934627538,-1.2369987869255075,-1.2369987869255077,-1.8554981803882615,-1.8554981803882615
100,moodrate,2021-02-26T08:36:25Z,Winsec,0,2021-03-01T10:25:49Z,2021-02-26,2021-03-01,3,1.5675297537375255,0.23553555885175248,1.5675297537375255,-1.0964586360340205,-1.0964586360340205,-1.0964586360340205,0.23553555885175248,0.23553555885175248,1.5675297537375255,0.23553555885175248,-1.0964586360340205,-1.0964586360340205,-1.0964586360340205,0.23553555885175248,0.23553555885175248,-1.0964586360340205,1.331994194885773,0,-1.331994194885773,0,1.331994194885773,1.331994194885773
275,moodrate,2021-02-26T08:52:40Z,Winsec,0,2021-02-27T17:56:47Z,2021-02-26,2021-02-27,1,-0.7917393378900188,-0.7917393378900188,-0.7917393378900188,-0.7917393378900188,1.4862475290216137,0.7269185733844029,-0.03241038225280798,-0.03241038225280798,1.4862475290216137,1.4862475290216137,1.4862475290216137,-0.03241038225280798,-0.7917393378900188,-0.7917393378900188,-0.7917393378900188,-0.7917393378900188,1.5186579112744216,1.5186579112744216,1.5186579112744216,0,0,0
220,moodrate,2021-02-26T08:50:11Z,Winsec,0,2021-02-27T14:28:35Z,2021-02-26,2021-02-27,1,-0.5170791441356598,-0.5170791441356598,-0.5170791441356598,-0.5170791441356598,NA,NA,NA,NA,1.8716808456741505,1.8716808456741505,1.8716808456741505,0.6773008507692454,-2.90583913394547,-2.90583913394547,-2.90583913394547,-0.5170791441356598,NA,NA,NA,-2.3887599898098104,-2.3887599898098104,-2.3887599898098104
115,moodrate,2021-02-26T09:49:19Z,Winsec,0,2021-02-27T14:45:00Z,2021-02-26,2021-02-27,1,-0.10008463356552669,-0.10008463356552669,-4.203554609752117,1.2677386918300033,-0.10008463356552669,-1.4679079589610569,-0.10008463356552669,-0.10008463356552669,1.2677386918300033,-0.10008463356552669,-0.10008463356552669,-0.10008463356552669,-4.203554609752117,-0.10008463356552669,-0.10008463356552669,1.2677386918300033,1.36782332539553,0,0,-5.47129330158212,-1.36782332539553,-1.36782332539553
34,moodrate,2021-02-26T09:55:05Z,Winsec,0,2021-02-27T12:51:41Z,2021-02-26,2021-02-27,1,-0.2221601224642935,-0.2221601224642935,-0.2221601224642935,-0.2221601224642935,-0.2221601224642935,-0.2221601224642935,-0.2221601224642935,-0.2221601224642935,2.206790549811974,2.206790549811974,-0.2221601224642935,-0.2221601224642935,-5.0800614670168285,-0.2221601224642935,-0.2221601224642935,-0.2221601224642935,2.4289506722762675,2.4289506722762675,0,-4.857901344552535,0,0
196,moodrate,2021-02-26T10:02:48Z,Winfirst,1,2021-02-27T16:59:57Z,2021-02-26,2021-02-27,1,0.9301665064277292,-0.5508753096319564,-0.5508753096319564,0.4364859010745007,0.9301665064277292,-0.05719470427872786,0.4364859010745007,-0.05719470427872786,0.4364859010745007,-1.5382365203384134,-1.0445559149851849,-0.5508753096319564,-2.5255977310448707,-0.5508753096319564,-0.05719470427872786,-0.5508753096319564,0.49368060535322855,-1.4810418160596854,-0.987361210706457,-2.9620836321193713,-0.9873612107064571,-0.49368060535322855
195,moodrate,2021-02-26T11:21:29Z,Winsec,0,2021-02-28T20:54:50Z,2021-02-26,2021-02-28,2,1.9132573959753145,-0.8635055503959382,0.06208209839447928,-0.8635055503959382,1.4504635715801055,0.9876697471848969,0.9876697471848969,-0.40071172600072946,2.838845044765732,0.9876697471848969,0.9876697471848969,0.9876697471848969,-0.8635055503959382,-0.8635055503959382,-0.8635055503959382,-0.8635055503959382,3.2395567707664616,1.3883814731856263,1.3883814731856263,0,0,0
178,moodrate,2021-02-26T10:28:39Z,Winfirst,1,2021-02-27T12:57:40Z,2021-02-26,2021-02-27,1,0.9184775434784199,0.9184775434784199,0.9184775434784199,-0.10621849142267427,0.9184775434784199,-2.155610561224863,-1.1309145263237685,-0.10621849142267427,1.943173578379514,0.9184775434784199,0.9184775434784199,-0.10621849142267427,-2.155610561224863,-1.1309145263237685,-1.1309145263237685,-0.10621849142267427,2.0493920698021886,1.0246960349010943,1.0246960349010943,-2.0493920698021886,-1.0246960349010943,-1.0246960349010943
259,moodrate,2021-02-26T09:28:25Z,Winfirst,1,2021-02-27T17:32:34Z,2021-02-26,2021-02-27,1,-0.6448925214280642,-1.0911472619943197,-1.537402002560575,-1.0911472619943197,0.6938717002707019,-0.19863778086180886,0.2476169597044465,-0.6448925214280642,1.5863811814032125,1.1401264408369571,1.1401264408369571,0.2476169597044465,-1.537402002560575,-1.537402002560575,-1.537402002560575,-0.6448925214280642,2.2312737028312766,1.7850189622650214,1.7850189622650214,-0.44625474056625536,-0.44625474056625536,-0.44625474056625536
15,moodrate,2021-02-26T10:31:18Z,Winfirst,1,2021-02-28T11:12:49Z,2021-02-26,2021-02-28,2,0.3072499572125947,0.3072499572125947,0.3072499572125947,0.3072499572125947,1.5069878853760608,-0.8924879709508714,0.3072499572125947,-0.8924879709508714,0.3072499572125947,-0.8924879709508714,-0.8924879709508714,-2.092225899114337,-0.8924879709508714,0.3072499572125947,0.3072499572125947,0.3072499572125947,1.1997379281634661,0,0,-1.1997379281634661,0,0
65,moodrate,2021-02-26T10:46:06Z,Winsec,0,2021-02-27T13:32:33Z,2021-02-26,2021-02-27,1,1.7374907559132509,1.7374907559132509,-1.5952400507507616,0.0711253525812446,1.7374907559132509,0.0711253525812446,0.0711253525812446,1.7374907559132509,1.7374907559132509,1.7374907559132509,0.0711253525812446,1.7374907559132509,-4.927970857414774,-3.2616054540827677,-3.2616054540827677,0.0711253525812446,0,0,-1.6663654033320063,-4.999096209996019,-3.3327308066640122,-3.3327308066640122
38,moodrate,2021-02-26T09:50:50Z,Winfirst,1,2021-03-01T18:06:45Z,2021-02-26,2021-03-01,3,0.49504024856355594,-0.1596904027624376,0.49504024856355594,0.49504024856355594,1.1497708998895495,1.1497708998895495,1.1497708998895495,0.49504024856355594,1.1497708998895495,0.49504024856355594,0.49504024856355594,-0.1596904027624376,-1.4691517054144247,-1.4691517054144247,-1.4691517054144247,-2.123882356740418,0.6547306513259936,0,0,-1.9641919539779806,-1.9641919539779806,-1.9641919539779806
130,moodrate,2021-02-26T11:03:51Z,Winsec,0,2021-02-27T17:28:14Z,2021-02-26,2021-02-27,1,2.543793893734638,0.5186375899847316,0.5186375899847316,-0.49394056189022145,-0.49394056189022145,-1.5065187137651745,-1.5065187137651745,-1.5065187137651745,0.5186375899847316,-0.49394056189022145,-0.49394056189022145,0.5186375899847316,-0.49394056189022145,-1.5065187137651745,-1.5065187137651745,-0.49394056189022145,2.025156303749906,1.012578151874953,1.012578151874953,0,-1.012578151874953,-1.012578151874953
72,moodrate,2021-02-26T10:25:21Z,Winfirst,1,2021-02-27T13:08:50Z,2021-02-26,2021-02-27,1,0.06066077371945542,0.06066077371945542,0.06066077371945542,-1.3605344962792056,-1.3605344962792056,0.06066077371945542,1.4818560437181165,0.06066077371945542,1.4818560437181165,1.4818560437181165,1.4818560437181165,0.06066077371945542,0.06066077371945542,-1.3605344962792056,0.06066077371945542,0.06066077371945542,1.4211952699986612,1.4211952699986612,1.4211952699986612,1.421195269998661,0,1.421195269998661
55,moodrate,2021-02-26T11:47:59Z,Winsec,0,2021-02-27T13:32:28Z,2021-02-26,2021-02-27,1,-0.08010219898788713,-1.5397422694338352,-0.08010219898788713,-1.5397422694338352,-0.08010219898788713,-0.08010219898788713,-0.08010219898788713,-0.08010219898788713,1.3795378714580608,1.3795378714580608,1.3795378714580608,1.3795378714580608,-1.5397422694338352,-1.5397422694338352,-1.5397422694338352,-0.08010219898788713,1.459640070445948,1.459640070445948,1.459640070445948,0,0,0
128,moodrate,2021-02-26T11:01:11Z,Winfirst,1,2021-03-01T18:20:23Z,2021-02-26,2021-03-01,3,0.6429864790199236,0.13601637056190702,0.13601637056190702,-0.3709537378961096,1.1499565874779403,1.1499565874779403,1.1499565874779403,0.6429864790199236,2.1638968043939735,0.13601637056190702,0.13601637056190702,0.6429864790199236,-1.8918640632701593,-1.3848939548121428,-0.8779238463541261,0.13601637056190702,1.52091032537405,-0.5069701084580165,-0.5069701084580165,-1.5209103253740497,-1.0139402169160332,-0.5069701084580165
97,moodrate,2021-02-26T12:29:37Z,Winsec,0,2021-02-27T23:05:48Z,2021-02-26,2021-02-27,1,0.8469947479116932,0.3400343878477601,0.8469947479116932,0.8469947479116932,-0.166925972216173,-0.166925972216173,-0.6738863322801061,0.8469947479116932,2.367875828103492,1.3539551079756262,0.8469947479116932,-0.166925972216173,-1.6878070524079722,-0.6738863322801061,-0.6738863322801061,-1.6878070524079722,1.5208810801917991,0.5069603600639331,0,-2.5348018003196655,-1.5208810801917991,-1.5208810801917991
143,moodrate,2021-02-26T11:50:19Z,Winfirst,1,2021-03-02T19:44:15Z,2021-02-26,2021-03-02,4,0.5875790137424454,0.5875790137424454,0.5875790137424454,0.5875790137424454,0.5875790137424454,0.5875790137424454,-0.2964848234480224,1.4716428509329131,1.4716428509329131,1.4716428509329131,1.4716428509329131,0.5875790137424454,-2.064612497828958,-2.064612497828958,-2.064612497828958,-1.18054866063849,0,0,0,-2.652191511571403,-2.652191511571403,-2.652191511571403
213,moodrate,2021-02-26T13:52:06Z,Winsec,0,2021-02-27T14:55:41Z,2021-02-26,2021-02-27,1,0.7593138454104835,0.7593138454104835,0.2747711580668286,0.7593138454104835,-0.2097715292768263,-0.6943142166204812,-0.2097715292768263,-0.6943142166204812,-1.1788569039641361,-0.6943142166204812,-0.6943142166204812,-0.6943142166204812,-1.1788569039641361,-1.1788569039641361,-1.1788569039641361,-0.2097715292768263,-0.4845426873436549,0,0,-1.9381707493746196,-1.9381707493746196,-1.9381707493746196
280,moodrate,2021-02-26T13:35:40Z,Winsec,0,2021-02-27T13:11:04Z,2021-02-26,2021-02-27,1,-1.1360089600651209,-0.24884005791902633,-1.1360089600651209,-1.1360089600651209,-1.1360089600651209,-1.1360089600651209,-1.1360089600651209,-0.24884005791902633,-0.24884005791902633,-0.24884005791902633,-0.24884005791902633,0.6383288442270681,-1.1360089600651209,-2.0231778622112153,-2.0231778622112153,-1.1360089600651209,0,0,0,0,-0.8871689021460945,-0.8871689021460945
159,moodrate,2021-02-26T13:42:23Z,Winfirst,1,2021-02-27T20:27:03Z,2021-02-26,2021-02-27,1,-1.869804275485688,-0.9204299684279394,-0.9204299684279394,-0.9204299684279394,0.028944338629809226,0.028944338629809226,0.028944338629809226,0.9783186456875579,1.9276929527453066,0.9783186456875579,0.9783186456875579,0.9783186456875579,-0.9204299684279394,-0.9204299684279394,-0.9204299684279394,-0.9204299684279394,0.9493743070577487,0,0,0,0,0
330,moodrate,2021-02-26T15:16:00Z,Winfirst,1,2021-02-27T14:50:43Z,2021-02-26,2021-02-27,1,1.1907358498869445,1.1907358498869445,0.30309639815304057,-0.5845430535808632,1.1907358498869445,0.30309639815304057,0.30309639815304057,0.30309639815304057,0.30309639815304057,-0.5845430535808632,-1.472182505314767,0.30309639815304057,-1.472182505314767,-1.472182505314767,0.30309639815304057,1.1907358498869445,0,-0.8876394517339038,-1.7752789034678076,-0.8876394517339038,-0.8876394517339038,0.8876394517339038
169,moodrate,2021-02-26T14:16:59Z,Winsec,0,2021-02-27T22:51:07Z,2021-02-26,2021-02-27,1,0.7282830470172472,0.7282830470172472,0.7282830470172472,-1.2960969480815436,0.7282830470172472,-1.2960969480815436,-1.2960969480815436,0.7282830470172472,0.7282830470172472,-1.2960969480815436,-1.2960969480815436,0.7282830470172472,-3.3204769431803345,0.7282830470172472,0.7282830470172472,-1.2960969480815436,0,-2.0243799950987906,-2.0243799950987906,-2.0243799950987906,2.0243799950987906,2.0243799950987906
293,moodrate,2021-02-26T14:37:16Z,Winfirst,1,2021-02-27T15:46:59Z,2021-02-26,2021-02-27,1,0.6751987248154017,0.6751987248154017,-0.2632130622161733,-0.2632130622161733,0.6751987248154017,-0.2632130622161733,-0.2632130622161733,1.6136105118469768,2.5520222988785517,-1.2016248492477484,0.6751987248154017,0.6751987248154017,-4.0168602103424735,-3.078448423310898,-2.1400366362793233,-2.1400366362793233,0.9384117870315749,-2.815235361094725,-0.9384117870315751,-3.7536471481263,-2.8152353610947247,-1.87682357406315
262,moodrate,2021-02-26T14:44:37Z,Winfirst,1,2021-02-27T12:19:55Z,2021-02-26,2021-02-27,1,0.7591535336873787,0.7591535336873787,0.7591535336873787,-0.7778980653833627,2.29620513275812,0.7591535336873787,0.7591535336873787,0.7591535336873787,2.29620513275812,0.7591535336873787,0.7591535336873787,-0.7778980653833627,-2.314949664454104,-2.314949664454104,-2.314949664454104,-0.7778980653833627,1.5370515990707414,0,0,-1.5370515990707414,-1.5370515990707414,-1.5370515990707414
149,moodrate,2021-02-26T16:17:29Z,Winfirst,1,2021-02-28T22:20:03Z,2021-02-26,2021-02-28,2,0.6687087944704447,0.6687087944704447,-0.18143261865477225,-1.0315740317799893,1.5188502075956616,-0.18143261865477225,0.6687087944704447,-1.0315740317799893,0.6687087944704447,0.6687087944704447,-0.18143261865477225,0.6687087944704447,-0.18143261865477225,-0.18143261865477225,-0.18143261865477225,-1.0315740317799893,1.700282826250434,1.700282826250434,0.8501414131252171,0.8501414131252171,0.8501414131252171,0.8501414131252171
205,moodrate,2021-02-26T10:25:28Z,Winsec,0,2021-02-27T19:35:09Z,2021-02-26,2021-02-27,1,0.6006985745339227,-0.19377373372062046,-0.9882460419751636,-0.9882460419751636,0.6006985745339227,0.6006985745339227,0.6006985745339227,1.395170882788466,2.189643191043009,1.395170882788466,0.6006985745339227,-0.19377373372062046,-4.166135274993336,-0.9882460419751636,-0.9882460419751636,0.6006985745339227,0.7944723082545433,0,-0.7944723082545432,-3.1778892330181727,0,0
319,moodrate,2021-02-26T17:38:39Z,Winsec,0,2021-02-27T18:23:39Z,2021-02-26,2021-02-27,1,1.5778414194328694,1.5778414194328694,1.5778414194328694,0.21591514160660283,NA,NA,NA,NA,0.21591514160660283,0.21591514160660283,0.21591514160660283,0.21591514160660283,-2.5079374140459305,-2.5079374140459305,-2.5079374140459305,-1.1460111362196637,NA,NA,NA,-2.7238525556525333,-2.7238525556525333,-2.7238525556525333
181,moodrate,2021-02-26T17:53:42Z,Winfirst,1,2021-02-28T13:00:12Z,2021-02-26,2021-02-28,2,-0.6499586406840143,-0.15417623569713815,-0.6499586406840143,-0.6499586406840143,0.3416061692897381,-0.6499586406840143,0.3416061692897381,0.3416061692897381,0.8373885742766143,1.3331709792634905,0.8373885742766143,-1.6415234506577667,-0.15417623569713815,0.3416061692897381,0.3416061692897381,-1.1457410456708905,0.4957824049868762,0.9915648099737524,0.4957824049868762,0.4957824049868762,0.9915648099737524,0.9915648099737524
91,moodrate,2021-02-26T19:04:11Z,Winsec,0,2021-03-01T23:07:01Z,2021-02-26,2021-03-01,3,-0.05233294891470917,-1.3727335061473738,-0.05233294891470917,-0.7125332275310414,-0.05233294891470917,0.6078673297016232,-0.7125332275310414,-0.7125332275310414,1.2680676083179554,-0.7125332275310414,0.6078673297016232,-2.032933784763706,-0.7125332275310414,-0.7125332275310414,-0.7125332275310414,-0.7125332275310414,1.9806008358489968,0,1.3204005572326647,0,0,0
156,moodrate,2021-02-26T19:23:26Z,Winsec,0,2021-02-27T17:38:36Z,2021-02-26,2021-02-27,1,-1.447991794914931,-1.447991794914931,-1.447991794914931,-0.1503379459201298,1.1473159030746714,1.1473159030746714,1.1473159030746714,1.1473159030746714,-0.1503379459201298,-0.1503379459201298,-1.447991794914931,-0.1503379459201298,-1.447991794914931,-1.447991794914931,-1.447991794914931,-1.447991794914931,-1.297653848994801,-1.297653848994801,-2.595307697989602,-1.2976538489948013,-1.2976538489948013,-1.2976538489948013
88,moodrate,2021-02-26T19:31:45Z,Winsec,0,2021-02-27T17:20:05Z,2021-02-26,2021-02-27,1,2.1520989786562272,0.6502086275940088,0.6502086275940088,0.6502086275940088,0.6502086275940088,0.6502086275940088,0.6502086275940088,-0.8516817234682097,0.6502086275940088,0.6502086275940088,0.6502086275940088,-0.8516817234682097,-2.353572074530428,-2.353572074530428,-2.353572074530428,0.6502086275940088,1.5018903510622184,1.5018903510622184,1.5018903510622184,-3.0037807021244367,-3.0037807021244367,-3.0037807021244367
26,moodrate,2021-02-26T21:07:07Z,Winfirst,1,2021-02-27T20:26:38Z,2021-02-26,2021-02-27,1,1.3211015022445736,0.14359798937441026,0.14359798937441026,0.14359798937441026,1.3211015022445736,0.14359798937441026,-1.033905523495753,-1.033905523495753,2.4986050151147365,0.14359798937441026,0.14359798937441026,-1.033905523495753,-1.033905523495753,-1.033905523495753,-1.033905523495753,-1.033905523495753,3.53251053861049,1.1775035128701634,1.1775035128701634,-1.1775035128701634,-1.1775035128701634,-1.1775035128701634
129,moodrate,2021-02-26T21:23:48Z,Winfirst,1,2021-02-27T14:15:47Z,2021-02-26,2021-02-27,1,1.477571049067829,1.477571049067829,1.477571049067829,-1.888007451586671,1.477571049067829,1.477571049067829,1.477571049067829,-1.888007451586671,1.477571049067829,-0.20521820125942092,-0.20521820125942092,-1.888007451586671,-0.20521820125942092,-0.20521820125942092,-0.20521820125942092,-0.20521820125942092,3.3655785006545003,1.6827892503272501,1.6827892503272501,1.6827892503272501,1.6827892503272501,1.6827892503272501
312,moodrate,2021-02-26T20:54:13Z,Winsec,0,2021-02-27T12:14:35Z,2021-02-26,2021-02-27,1,1.224091036190505,0.24386188611607737,-1.7165964140327783,-0.7363672639583504,1.224091036190505,1.224091036190505,1.224091036190505,-1.7165964140327783,1.224091036190505,0.24386188611607737,0.24386188611607737,0.24386188611607737,-4.657283864256062,-4.657283864256062,-4.657283864256062,0.24386188611607737,2.940687450223283,1.9604583001488556,1.9604583001488556,-3.9209166002977116,-3.9209166002977116,-3.9209166002977116
321,moodrate,2021-02-26T21:01:48Z,Winfirst,1,2021-02-27T16:31:12Z,2021-02-26,2021-02-27,1,-0.9827395173844876,0.49587773812978747,-0.24343088962735004,-0.24343088962735004,1.235186365886925,-2.4613567728987626,-0.9827395173844876,-0.24343088962735004,0.49587773812978747,0.49587773812978747,-0.24343088962735004,-0.24343088962735004,-3.2006654006559003,0.49587773812978747,0.49587773812978747,-0.24343088962735004,0.7393086277571375,0.7393086277571375,0,-2.9572345110285503,0.7393086277571375,0.7393086277571375
6,moodrate,2021-02-26T21:37:38Z,Winfirst,1,2021-02-28T18:14:23Z,2021-02-26,2021-02-28,2,1.1932341921010627,1.1932341921010627,1.1932341921010627,1.1932341921010627,-0.34763515832865605,-0.34763515832865605,-1.888504508758375,-0.34763515832865605,1.1932341921010627,-0.34763515832865605,-0.34763515832865605,-0.34763515832865605,-1.888504508758375,-3.4293738591880936,-3.4293738591880936,-0.34763515832865605,1.5408693504297188,0,0,-3.0817387008594377,-4.6226080512891565,-4.6226080512891565
222,moodrate,2021-02-26T23:39:21Z,Winsec,0,2021-02-27T14:20:34Z,2021-02-26,2021-02-27,1,0.09302851058549554,-0.7099544228893058,0.09302851058549554,0.09302851058549554,0.8960114440602969,-0.7099544228893058,0.09302851058549554,0.09302851058549554,2.5019773110098993,2.5019773110098993,1.6989943775350982,0.09302851058549554,-3.1189032233137097,-2.315920289838908,-2.315920289838908,-0.7099544228893058,2.4089488004244037,2.4089488004244037,1.6059658669496026,-3.2119317338992053,-2.4089488004244037,-2.4089488004244037
73,moodrate,2021-02-26T22:31:01Z,Winfirst,1,2021-02-27T13:01:42Z,2021-02-26,2021-02-27,1,0.9892041317881746,0.19396159446826966,-0.2036596741916828,-1.39652348017154,1.386825400448127,-0.2036596741916828,0.19396159446826966,-1.7941447488314926,0.9892041317881746,-1.39652348017154,-1.39652348017154,-1.39652348017154,-0.9989022115115876,-0.2036596741916828,-0.2036596741916828,-0.9989022115115876,2.783348880619667,0.3976212686599525,0.3976212686599525,0.3976212686599524,1.1928638059798573,1.1928638059798573
37,moodrate,2021-02-26T23:55:38Z,Winsec,0,2021-02-27T10:31:09Z,2021-02-26,2021-02-27,1,-0.18061657860528316,-0.18061657860528316,-0.18061657860528316,-0.18061657860528316,-0.18061657860528316,-0.18061657860528316,0.46332078859616155,0.46332078859616155,1.1072581557976062,-0.18061657860528316,1.1072581557976062,-0.18061657860528316,-2.1124286802096175,-2.756366047411062,-0.18061657860528316,-2.1124286802096175,0.6439373672014447,-0.6439373672014447,0.6439373672014447,-1.9318121016043344,-2.5757494688057787,0
121,moodrate,2021-02-27T11:35:49Z,Winsec,0,2021-02-27T14:02:05Z,2021-02-27,2021-02-27,0,0.10054894993767814,-0.8694526847552161,-0.8694526847552161,-0.38445186740876897,2.5255530366699133,-0.8694526847552161,-0.8694526847552161,-0.8694526847552161,3.0105538540163606,0.10054894993767814,1.5555514019770194,-0.8694526847552161,-0.8694526847552161,-0.8694526847552161,-0.8694526847552161,-0.8694526847552161,3.8800065387715765,0.9700016346928942,2.4250040867322356,-0.4850008173464471,-0.4850008173464471,-0.4850008173464471
165,moodrate,2021-02-27T11:06:54Z,Winfirst,1,2021-02-27T12:51:15Z,2021-02-27,2021-02-27,0,0.6202130132417671,0.6202130132417671,0.6202130132417671,-0.2642646752073617,1.504690701690896,0.6202130132417671,0.6202130132417671,0.6202130132417671,1.504690701690896,1.504690701690896,0.6202130132417671,-0.2642646752073617,-1.1487423636564904,-1.1487423636564904,-0.2642646752073617,-1.1487423636564904,0.8844776884491288,0.8844776884491288,0,-0.8844776884491288,-0.8844776884491288,0
67,moodrate,2021-02-27T11:14:32Z,Winfirst,1,2021-02-27T13:13:48Z,2021-02-27,2021-02-27,0,NA,NA,NA,NA,-0.22675112603977088,-0.22675112603977088,-0.22675112603977088,-0.22675112603977088,NA,NA,NA,NA,-1.9170777019726126,-0.22675112603977088,-0.22675112603977088,-0.22675112603977088,NA,NA,NA,NA,NA,NA
217,moodrate,2021-02-27T12:14:25Z,Winsec,0,2021-02-27T14:50:56Z,2021-02-27,2021-02-27,0,-0.05394370644877698,-0.7344643108795033,-0.05394370644877698,-0.05394370644877698,-0.05394370644877698,-0.7344643108795033,-0.7344643108795033,-0.7344643108795033,0.6265768979819493,1.3070975024126756,-0.05394370644877698,-0.7344643108795033,-3.4565467286024085,-0.7344643108795033,-0.05394370644877698,-2.095505519740956,1.3610412088614525,2.041561813292179,0.6805206044307263,-3.4026030221536314,-0.6805206044307263,0
59,moodrate,2021-02-27T13:40:46Z,Winsec,0,2021-02-28T19:53:05Z,2021-02-27,2021-02-28,1,0.46426188515034744,0.46426188515034744,0.46426188515034744,0.46426188515034744,0.46426188515034744,0.46426188515034744,0.46426188515034744,-0.22791037998289768,1.1564341502835926,0.46426188515034744,1.1564341502835926,1.1564341502835926,-2.9965994405158782,-1.612254910249388,-1.612254910249388,-0.22791037998289768,1.3843445302664903,0.6921722651332451,1.3843445302664903,-3.4608613256662255,-2.076516795399735,-2.076516795399735
32,moodrate,2021-02-27T11:58:12Z,Winfirst,1,2021-03-01T17:09:39Z,2021-02-27,2021-03-01,2,0.36345958316527677,0.36345958316527677,0.36345958316527677,-0.37243389386071535,0.36345958316527677,0.36345958316527677,-0.37243389386071535,1.0993530601912689,1.0993530601912689,0.36345958316527677,1.835246537217261,-0.37243389386071535,-1.1083273708867074,0.36345958316527677,-0.37243389386071535,-0.37243389386071535,0,-0.7358934770259922,0.7358934770259922,-0.7358934770259921,0.7358934770259922,0
223,moodrate,2021-02-27T12:12:42Z,Winsec,0,2021-02-27T20:48:09Z,2021-02-27,2021-02-27,0,0.39984083625400185,0.39984083625400185,-0.771121612775574,-0.771121612775574,0.39984083625400185,0.39984083625400185,-0.771121612775574,0.39984083625400185,1.5708032852835776,1.5708032852835776,0.39984083625400185,1.5708032852835776,-3.113046510834726,-1.9420840618051498,-1.9420840618051498,-0.771121612775574,1.1709624490295758,1.1709624490295758,0,-2.341924898059152,-1.1709624490295758,-1.1709624490295758
308,moodrate,2021-02-27T12:22:17Z,Winfirst,1,2021-03-02T11:40:18Z,2021-02-27,2021-03-02,3,0.3607247228299796,-1.9592303573314607,-3.119207897412181,0.3607247228299796,0.3607247228299796,0.3607247228299796,-0.7992528172507405,-0.7992528172507405,0.3607247228299796,0.3607247228299796,0.3607247228299796,1.5207022629106997,-3.119207897412181,-3.119207897412181,-1.9592303573314607,1.5207022629106997,1.1599775400807202,1.1599775400807202,1.1599775400807202,-3.4799326202421605,-3.4799326202421605,-2.3199550801614404
279,moodrate,2021-02-27T13:52:09Z,Winfirst,1,2021-03-01T00:32:17Z,2021-02-27,2021-03-01,2,0.9070662237923051,-0.317286539186609,-0.9294629206760661,-0.317286539186609,1.519242605281762,-0.9294629206760661,-1.541639302165523,0.29488984230284804,2.131418986771219,0.9070662237923051,0.9070662237923051,0.9070662237923051,-0.9294629206760661,-0.317286539186609,-0.9294629206760661,0.29488984230284804,1.836529144468371,0.612176381489457,0.612176381489457,-0.6121763814894571,0,-0.6121763814894571
182,moodrate,2021-02-27T13:57:34Z,Winsec,0,2021-02-27T21:05:56Z,2021-02-27,2021-02-27,0,-0.6801129608423058,-0.6801129608423058,-0.6801129608423058,-0.6801129608423058,0.6168466389034866,0.6168466389034866,0.6168466389034866,-0.6801129608423058,0.6168466389034866,-0.6801129608423058,-0.6801129608423058,-0.6801129608423058,-0.6801129608423058,-0.6801129608423058,-0.6801129608423058,0.6168466389034866,1.2969595997457923,0,0,0,0,0
232,moodrate,2021-02-27T14:26:27Z,Winfirst,1,2021-02-28T09:22:26Z,2021-02-27,2021-02-28,1,-0.6245871402295342,-0.6245871402295342,-0.6245871402295342,0.8387313025939462,0.8387313025939462,-0.6245871402295342,-0.6245871402295342,-0.6245871402295342,0.8387313025939462,-0.6245871402295342,-0.6245871402295342,0.8387313025939462,-2.087905583053015,-2.087905583053015,-2.087905583053015,-2.087905583053015,1.4633184428234804,0,0,-2.9266368856469613,-2.9266368856469613,-2.9266368856469613
198,moodrate,2021-02-27T14:31:29Z,Winsec,0,2021-02-28T19:01:24Z,2021-02-27,2021-02-28,1,-0.9717662414957621,-0.9717662414957621,-1.8620995577265158,-0.9717662414957621,0.8089003909657455,0.8089003909657455,0.8089003909657455,0.8089003909657455,1.6992337071964994,1.6992337071964994,1.6992337071964994,0.8089003909657455,-1.8620995577265158,-1.8620995577265158,-1.8620995577265158,-0.9717662414957621,0.8903333162307538,0.8903333162307538,0.8903333162307538,-0.8903333162307537,-0.8903333162307537,-0.8903333162307537
315,moodrate,2021-02-27T15:47:24Z,Winsec,0,2021-02-28T19:24:56Z,2021-02-27,2021-02-28,1,0.09765572463888518,-0.7364869233182583,-0.7364869233182583,-0.7364869233182583,0.9317983725960286,0.09765572463888518,0.09765572463888518,-1.5706295712754017,1.765941020553172,0.9317983725960286,0.9317983725960286,-0.7364869233182583,-2.4047722192325454,-2.4047722192325454,-2.4047722192325454,-1.5706295712754017,3.3365705918285737,2.5024279438714303,2.5024279438714303,-1.668285295914287,-1.668285295914287,-1.668285295914287
150,moodrate,2021-02-27T14:49:58Z,Winsec,0,2021-02-27T22:06:57Z,2021-02-27,2021-02-27,0,2.4599972407906803,-1.5108644470997878,-1.5108644470997878,0.8716525656344931,0.07748022805639945,0.07748022805639945,0.8716525656344931,0.07748022805639945,0.8716525656344931,0.07748022805639945,0.8716525656344931,-0.7166921095216942,-1.5108644470997878,-0.7166921095216942,-0.7166921095216942,-0.7166921095216942,0.7941723375780937,0,0.7941723375780937,-2.382517012734281,-1.5883446751561872,-1.5883446751561872
95,moodrate,2021-02-27T16:00:45Z,Winfirst,1,2021-02-28T12:34:28Z,2021-02-27,2021-02-28,1,2.0075179918828963,2.0075179918828963,2.0075179918828963,0.3362847397570333,2.0075179918828963,2.0075179918828963,2.0075179918828963,-0.4993318863058982,-1.3349485123688296,-1.3349485123688296,-0.4993318863058982,-1.3349485123688296,0.3362847397570333,0.3362847397570333,0.3362847397570333,0.3362847397570333,-0.8356166260629314,-0.8356166260629314,0,0,0,0
328,moodrate,2021-02-27T15:19:34Z,Winsec,0,2021-03-01T15:37:37Z,2021-02-27,2021-03-01,2,-1.0613391611916492,-1.0613391611916492,-1.0613391611916492,-1.0613391611916492,0.28796023753261873,0.28796023753261873,0.28796023753261873,0.28796023753261873,1.6372596362568868,1.6372596362568868,1.6372596362568868,0.28796023753261873,-3.7599379586401853,-2.4106385599159172,-1.0613391611916492,0.28796023753261873,1.349299398724268,1.349299398724268,1.349299398724268,-2.698598797448536,-1.349299398724268,0
248,moodrate,2021-02-27T16:51:35Z,Winfirst,1,2021-02-28T12:13:02Z,2021-02-27,2021-02-28,1,0.9623803551473158,0.9623803551473158,0.9623803551473158,-0.7829010606182348,0.9623803551473158,-0.7829010606182348,0.9623803551473158,0.3806198832254656,0.9623803551473158,-0.7829010606182348,-1.364661532540085,-0.20114058869638463,-1.9464220044619354,-1.364661532540085,-1.364661532540085,0.9623803551473158,0.5817604719218502,-1.1635209438437004,-1.7452814157655507,-1.1635209438437006,-0.5817604719218502,-0.5817604719218502
44,moodrate,2021-02-27T16:07:45Z,Winfirst,1,2021-02-27T20:08:02Z,2021-02-27,2021-02-27,0,0.4585322131414823,0.4585322131414823,0.4585322131414823,0.4585322131414823,1.4288455415957155,0.9436888773685989,0.9436888773685989,-1.4820944437669843,2.399158870049949,0.9436888773685989,0.9436888773685989,0.4585322131414823,NA,NA,NA,NA,3.8812533138169334,2.425783321135583,2.425783321135583,NA,NA,NA
180,moodrate,2021-02-27T17:25:57Z,Winfirst,1,2021-02-28T17:06:06Z,2021-02-27,2021-02-28,1,0.7170090785385953,0.7170090785385953,0.7170090785385953,0.029351248829065476,0.029351248829065476,0.029351248829065476,0.029351248829065476,-1.3459644105899942,2.092324737957655,0.029351248829065476,0.029351248829065476,0.029351248829065476,-3.4089378997185835,0.029351248829065476,0.029351248829065476,-0.6583065808804643,3.438289148547649,1.3753156594190596,1.3753156594190596,-3.438289148547649,0,0
219,moodrate,2021-02-27T16:29:36Z,Winsec,0,2021-02-28T00:16:08Z,2021-02-27,2021-02-28,1,0.9507654071303864,0.28155713773389135,0.28155713773389135,-0.38765113166260373,-0.38765113166260373,-0.38765113166260373,0.28155713773389135,0.9507654071303864,2.2891819459233766,2.2891819459233766,0.28155713773389135,-0.38765113166260373,-3.064484209248584,-0.38765113166260373,-0.38765113166260373,-1.726067670455594,1.3384165387929903,1.3384165387929903,-0.669208269396495,-2.67683307758598,0,0
17,moodrate,2021-02-27T17:33:49Z,Winfirst,1,2021-02-27T18:01:52Z,2021-02-27,2021-02-27,0,-0.9376279298791452,-0.9376279298791452,0.16863811688473823,0.16863811688473823,0.16863811688473823,-0.9376279298791452,-2.0438939766430284,1.2749041636486216,-3.150160023406912,-0.9376279298791452,1.2749041636486216,0.16863811688473823,0.16863811688473823,1.2749041636486216,0.16863811688473823,0.16863811688473823,-4.425064187055534,-2.212532093527767,0,0,1.1062660467638834,0
324,moodrate,2021-02-27T18:08:24Z,Winsec,0,2021-02-28T11:37:06Z,2021-02-27,2021-02-28,1,-1.0952951584582493,0.020409226555122926,0.020409226555122926,-2.210999543471621,1.136113611568495,1.136113611568495,1.136113611568495,0.020409226555122926,3.3675223815952395,0.020409226555122926,1.136113611568495,0.020409226555122926,-1.0952951584582493,-1.0952951584582493,0.020409226555122926,1.136113611568495,3.3471131550401165,0,1.115704385013372,1.1157043850133719,1.1157043850133719,2.231408770026744
265,moodrate,2021-02-27T18:33:08Z,Winfirst,1,2021-02-28T12:11:02Z,2021-02-27,2021-02-28,1,0.7275722908402884,0.7275722908402884,0.7275722908402884,-0.21196988000858794,0.7275722908402884,0.7275722908402884,0.7275722908402884,-3.0305963925552173,2.606656632538041,0.7275722908402884,0.7275722908402884,-2.0910542217063406,-1.1515120508574643,-1.1515120508574643,-1.1515120508574643,0.7275722908402884,5.637253025093258,3.758168683395506,3.758168683395506,-0.9395421708488764,-0.9395421708488764,-0.9395421708488764
81,moodrate,2021-02-27T19:17:04Z,Winfirst,1,2021-02-28T18:58:17Z,2021-02-27,2021-02-28,1,-0.4328339476896239,-0.4328339476896239,0.3830829192195525,-1.2487508145988002,0.3830829192195525,1.198999786128729,-1.2487508145988002,-1.2487508145988002,1.198999786128729,-0.4328339476896239,0.3830829192195525,-1.2487508145988002,-1.2487508145988002,-0.4328339476896239,0.3830829192195525,0.3830829192195525,2.447750600727529,0.8159168669091763,1.6318337338183526,0,0.8159168669091763,1.6318337338183526
323,moodrate,2021-02-27T19:13:27Z,Winsec,0,2021-02-28T21:20:16Z,2021-02-27,2021-02-28,1,1.0097455774536312,-0.9384694190451388,1.0097455774536312,-0.9384694190451388,1.0097455774536312,1.0097455774536312,1.0097455774536312,1.0097455774536312,1.0097455774536312,1.0097455774536312,1.0097455774536312,-0.9384694190451388,-0.9384694190451388,1.0097455774536312,-0.9384694190451388,-0.9384694190451388,0,0,0,0,1.94821499649877,0
16,moodrate,2021-02-27T20:48:03Z,Winsec,0,2021-03-01T20:42:46Z,2021-02-27,2021-03-01,2,-0.04228793377770877,-0.04228793377770877,0.7282921928383201,-2.3540283136257956,-0.04228793377770877,-0.8128680603937377,-0.04228793377770877,0.7282921928383201,1.4988723194543492,1.4988723194543492,1.4988723194543492,0.7282921928383201,-3.1246084402418246,-0.8128680603937377,-0.04228793377770877,-0.04228793377770877,0.770580126616029,0.770580126616029,0.770580126616029,-0.770580126616029,1.5411602532320579,2.3117403798480867
22,moodrate,2021-02-27T23:32:11Z,Winfirst,1,2021-02-28T17:01:56Z,2021-02-27,2021-02-28,1,0.3815146407666557,-0.7916428795908106,-0.4005903728049885,-1.573747893162455,0.7725671475524778,-0.4005903728049885,-1.1826953863766327,-1.573747893162455,1.1636196543383,-0.009537866019166402,-0.4005903728049885,-0.009537866019166402,-1.573747893162455,-1.1826953863766327,0.3815146407666557,-1.1826953863766327,2.737367547500755,1.5642100271432884,1.1731575203574665,0,0.39105250678582215,1.9552625339291105
297,moodrate,2021-02-28T00:17:39Z,Winfirst,1,2021-02-28T22:19:38Z,2021-02-28,2021-02-28,0,-0.2975080429546265,-0.2975080429546265,-0.2975080429546265,-0.2975080429546265,0.7867434913689011,-0.2975080429546265,-0.2975080429546265,0.7867434913689011,1.8709950256924286,0.7867434913689011,0.7867434913689011,0.7867434913689011,-1.3817595772781541,-1.3817595772781541,-1.3817595772781541,-1.3817595772781541,1.0842515343235275,0,0,-1.0842515343235277,-1.0842515343235277,-1.0842515343235277
24,moodrate,2021-02-28T09:48:13Z,Winsec,0,2021-03-01T18:01:16Z,2021-02-28,2021-03-01,1,0.47640300053868995,-0.565331560639245,-0.04446428005027752,-0.565331560639245,0.9972702811276574,0.47640300053868995,-0.04446428005027752,0.47640300053868995,1.5181375617166248,0.9972702811276574,0.9972702811276574,0.9972702811276574,-2.127933402406147,-2.127933402406147,-2.127933402406147,-1.0861988412282124,1.041734561177935,0.5208672805889674,0.5208672805889674,-1.5626018417669023,-1.5626018417669023,-1.5626018417669023
118,moodrate,2021-02-28T12:12:33Z,Winfirst,1,2021-03-04T15:54:55Z,2021-02-28,2021-03-04,4,NA,NA,NA,NA,-0.025186020533796146,-0.025186020533796146,-0.8512874940423151,-1.677388967550834,1.6270169264832417,-0.025186020533796146,-0.025186020533796146,-0.025186020533796146,-0.025186020533796146,0.8009154529747228,0.8009154529747228,-0.025186020533796146,3.3044058940340757,1.6522029470170378,1.6522029470170378,NA,NA,NA
77,moodrate,2021-02-28T18:54:14Z,Winfirst,1,2021-03-02T10:06:08Z,2021-02-28,2021-03-02,2,-0.14121566039664216,-0.14121566039664216,-0.14121566039664216,-0.14121566039664216,2.174721170108287,2.174721170108287,2.174721170108287,-1.2991840756491067,-0.14121566039664216,-0.14121566039664216,-0.14121566039664216,-0.14121566039664216,-0.14121566039664216,-0.14121566039664216,-0.14121566039664216,-0.14121566039664216,1.1579684152524645,1.1579684152524645,1.1579684152524645,0,0,0
325,moodrate,2021-03-01T10:19:06Z,Winfirst,1,2021-03-01T19:54:14Z,2021-03-01,2021-03-01,0,-1.3530291638248506,0.4221450991133544,-1.3530291638248506,0.4221450991133544,0.4221450991133544,-3.1282034267630556,-4.90337768970126,-1.3530291638248506,2.197319362051559,-1.3530291638248506,-1.3530291638248506,-1.3530291638248506,-3.1282034267630556,-1.3530291638248506,-1.3530291638248506,0.4221450991133544,3.5503485258764096,0,0,-3.55034852587641,-1.775174262938205,-1.775174262938205
99,moodrate,2021-03-01T11:56:15Z,Winsec,0,2021-03-02T09:01:51Z,2021-03-01,2021-03-02,1,0.4111282250579768,0.4111282250579768,0.4111282250579768,0.4111282250579768,-0.7965609360498315,-2.0042500971576396,0.4111282250579768,0.4111282250579768,0.4111282250579768,0.4111282250579768,0.4111282250579768,0.4111282250579768,-4.4196284193732565,-2.0042500971576396,-0.7965609360498315,0.4111282250579768,0,0,0,-4.830756644431233,-2.4153783222156164,-1.2076891611078082
139,moodrate,2021-03-01T19:31:59Z,Winfirst,1,2021-03-03T12:35:44Z,2021-03-01,2021-03-03,2,0.8210483238320363,-0.5482932874403768,0.3646011200745653,-0.5482932874403768,0.8210483238320363,0.3646011200745653,0.3646011200745653,-1.9176348987127898,-0.5482932874403768,-0.5482932874403768,0.3646011200745653,0.8210483238320363,-0.5482932874403768,-0.09184608368290574,0.3646011200745653,0.3646011200745653,1.369341611272413,1.369341611272413,2.282236018787355,0,0.456447203757471,0.9128944075149421
103,moodrate,2021-03-03T13:27:57Z,Winfirst,1,2021-03-04T15:32:50Z,2021-03-03,2021-03-04,1,-0.04899359782375902,-0.04899359782375902,-0.04899359782375902,-0.04899359782375902,-0.04899359782375902,-0.9417658248344818,-0.04899359782375902,-0.04899359782375902,0.8437786291869637,0.8437786291869637,0.8437786291869637,0.8437786291869637,-2.7273102788559274,-1.8345380518452046,-1.8345380518452046,-0.9417658248344818,0.8927722270107227,0.8927722270107227,0.8927722270107227,-2.678316681032168,-1.7855444540214456,-1.7855444540214456
42,moodrate,2021-03-03T19:14:29Z,Winfirst,1,2021-03-04T13:33:49Z,2021-03-03,2021-03-04,1,0.7203183892260978,0.7203183892260978,0.7203183892260978,-1.2485518746585678,2.6891886531107634,0.7203183892260978,0.7203183892260978,-1.2485518746585678,0.7203183892260978,0.7203183892260978,-1.2485518746585678,0.7203183892260978,-3.2174221385432333,-1.2485518746585678,-1.2485518746585678,-1.2485518746585678,1.9688702638846656,1.9688702638846656,0,-1.9688702638846656,0,0
43,moodrate,2021-03-03T20:08:15Z,Winfirst,1,2021-03-06T14:52:15Z,2021-03-03,2021-03-06,3,0.30370960041001516,-0.23186431859259193,0.30370960041001516,-0.23186431859259193,0.8392835194126222,-0.23186431859259193,0.30370960041001516,-1.3030121565978061,0.8392835194126222,-1.3030121565978061,-1.3030121565978061,-1.8385860756004133,-1.3030121565978061,-0.23186431859259193,-0.23186431859259193,-0.767438237595199,2.1422956760104284,0,0,-1.0711478380052142,0,0
246,moodrate,2021-02-26T00:30:54Z,Winfirst,1,2021-02-27T12:05:16Z,2021-02-26,2021-02-27,1,-0.027344694865884794,-0.027344694865884794,-0.027344694865884794,1.4674986244691313,NA,NA,NA,NA,NA,NA,NA,NA,-1.5221880142009008,-1.5221880142009008,1.4674986244691313,-0.027344694865884794,NA,NA,NA,-2.9896866386700323,-2.9896866386700323,0
