id,panas_type,mean_mu,mean_s,mean_vmu,mean5_mu,mean5_s,mean5_vmu,mean10_mu,mean10_s,mean10_vmu,mean5_kmu,mean10_kmu,mean5_vs,mean10_vs,last_mu,last_s,last_vmu
1,posminusneg_noCloseResponse,0.554579591191005,-1.32263815558176,-3.64710863616948,0.534106182413629,-1.21622005447018,-4.50078492786987,0.533165811107644,-1.247820971589,-4.52027741662803,-5.26635485242362,-5.25686763352412,-4.52881446180412,-4.44677812870375,0.540613846371321,-1.19709874528341,-4.52231105149606
2,posminusneg_noCloseResponse,0.5202204950972,-1.54119576300581,-4.00934635504817,0.505888968239424,-1.42596599189172,-3.73972003336967,0.502770776475474,-1.35701823484797,-3.84308713618855,-5.3254393962447,-5.29608784182746,-4.01613194562042,-4.10719120625305,0.507762378162946,-1.46047739282628,-3.69417397730443
3,posminusneg_noCloseResponse,0.651474722421581,-1.90403559910983,-2.31448128779737,0.666424717509196,-2.16513134648884,-1.98276020309221,0.641008107893391,-2.0462641561769,-2.13699107700371,-5.63643150227053,-5.4733149228604,-4.08432529834364,-4.18603435939384,0.672410394896484,-2.30022841490694,-1.92252343966552
4,posminusneg_noCloseResponse,0.727662661848795,-2.14062441202862,-4.48220426276682,0.731280323652635,-2.10100612343132,-4.7214463068572,0.731148370105411,-2.13970338200533,-4.72075244049965,-5.30010335626695,-5.28268469452637,-3.91958294943382,-3.73899989619756,0.731089724732912,-2.12274535014858,-4.73632483133941
5,posminusneg_noCloseResponse,0.629649389243733,-1.5786510885919,-3.19090233682114,0.605978627059062,-1.72743349694724,-4.43280893515309,0.611307064801791,-1.623807678666,-4.25258228294025,-2.91199261023989,-3.17184409731382,-2.49940149746383,-2.19819492915887,0.607289013294475,-1.70700894603413,-4.43132152338201
6,posminusneg_noCloseResponse,0.596207302441472,-1.89515493550324,-2.22647819043955,0.551003487996958,-2.39655780729961,-1.8287975215476,0.562329877188147,-2.21702046601435,-2.13353082393658,-5.81656824512883,-5.67164668549411,-3.70128708288518,-3.76484485856357,0.594763788780659,-2.34010197058562,-1.890025556215
7,posminusneg_noCloseResponse,0.490342579560234,-1.63575721522487,-2.63803338768232,0.469289488687991,-1.47993761661093,-4.48836887521836,0.468080916327279,-1.47156696262954,-4.4805820145861,-5.31250464917607,-5.29845692559425,-4.57788619627037,-4.55810727632131,0.475668214174718,-1.50436771296064,-4.24652698917738
8,posminusneg_noCloseResponse,0.580275420480606,-1.36451938513953,-2.76183157500932,0.613240160661907,-0.99757829998843,-4.34354353551101,0.601139578412338,-0.989176454909152,-4.21759320370581,-5.1698241437102,-5.05252432319597,-4.32250229313573,-4.25194665947881,0.612804035061621,-1.02655110873133,-4.33879828704283
9,posminusneg_noCloseResponse,0.654779758738525,-1.53743665857931,-2.93558901802453,0.671733813362409,-1.28958841179643,-4.6776181616817,0.673967716626309,-1.28488071381743,-4.61149775289217,-5.28020999837259,-5.21593031644645,-4.48534107405387,-4.43158364844804,0.671159581679782,-1.29961035184213,-4.69926872143745
10,posminusneg_noCloseResponse,0.56678778915917,-1.93978929304261,-3.35283155881197,0.544559536715342,-1.66265296253214,-4.35416182136856,0.544301381517274,-1.70932037465157,-4.34501578151147,-5.189247156316,-5.18543303250708,-3.12571004024807,-3.0418578245777,0.539503731032984,-1.7198063583221,-4.52572968795571
11,posminusneg_noCloseResponse,0.536195264169458,-1.37143687169386,-4.3994882789781,0.527631683059871,-1.26274215661426,-4.49847123184733,0.531560477293917,-1.32219237119834,-4.60439056088761,-5.10048916618806,-5.1870974349357,-4.42754044051821,-4.40093625564773,0.526860175309804,-1.26087466085916,-4.44543502692456
12,posminusneg_noCloseResponse,0.56457375947413,-1.03168888132489,-3.74898270738169,0.52888364529646,-0.892147768269791,-4.16192325078315,0.547090668106928,-1.0306058313383,-4.28200812023595,-5.09932534111649,-5.12445985500699,-3.57837952810948,-3.47546323757177,0.535607047010946,-0.999842927752648,-4.32007892959467
13,posminusneg_noCloseResponse,0.619167308277731,-1.89066417291889,-2.91504976969788,0.637301737649845,-2.00259415950798,-2.67768351536708,0.621264293458759,-2.0102483062334,-2.90757869272486,-4.03103310642849,-3.75874054585544,-4.33890948152577,-4.29796968454557,0.643778477931214,-1.99638926994276,-2.54122734942526
14,posminusneg_noCloseResponse,0.78379149152183,-1.48347631901019,-4.35037957259486,0.78336535334597,-1.45335578323789,-4.72755550311042,0.783263179010568,-1.45047484957552,-4.71314770348253,-5.31290583958604,-5.28392517394725,-4.64491752982105,-4.62902935353395,0.78359892439285,-1.46086021506052,-4.73057301391332
15,posminusneg_noCloseResponse,0.62148932516072,-1.39415974009325,-4.0745300933495,0.605939872212089,-1.40141773712343,-4.66492303695642,0.605521559585185,-1.35315717090932,-4.65203124880761,-5.21269402028129,-5.19618070541364,-3.78409559668346,-3.93726068459978,0.60627641380773,-1.40087630980331,-4.66218697491275
16,posminusneg_noCloseResponse,0.657016403356004,-1.00094235916893,-4.29069299227531,0.671015440018657,-0.909170696629159,-4.36347576083975,0.657367820786304,-0.882903937644825,-4.41492514290105,-5.23544018921358,-5.21998051737948,-4.35621363234076,-4.4057491535388,0.673389833634558,-0.940490091317437,-4.38277510207906
17,posminusneg_noCloseResponse,0.505799939093918,-1.84571563385613,-3.33687537905318,0.500751040855927,-1.93050597646581,-3.22868628811627,0.499439655894383,-1.90115711592792,-3.41547725605013,-5.07663623220055,-5.03774208359212,-4.37098160927414,-4.31359568720357,0.523243814508087,-1.90865308922949,-3.37934438734764
18,posminusneg_noCloseResponse,0.609446283651947,-1.97896321257137,-3.93803022259218,0.610162536871517,-1.99863847154532,-3.82623216934513,0.608306748981907,-1.99801814280947,-3.77302909148043,-4.68407441049145,-4.71742457253826,-4.38615818029462,-4.3190424895801,0.621549235848861,-1.97103939902435,-3.693274871609
19,posminusneg_noCloseResponse,0.604297359924435,-1.69498254816983,-4.50134531934611,0.587848123941153,-1.75773350597411,-4.18918980953751,0.596840088439813,-1.80303081696667,-4.45827571955303,-4.77514088759049,-5.03340854250209,-4.51237604311115,-4.53026952284639,0.550223331609442,-1.84234561516237,-3.09699539127237
20,posminusneg_noCloseResponse,0.721902559628464,-1.0222650424153,-4.35221740932282,0.721811655195163,-0.994269115209086,-4.61410476880013,0.722965522372266,-1.00669708119744,-4.59659884522565,-5.25242502439469,-5.23318808887921,-4.62905460556846,-4.60412390608859,0.709939385527433,-0.979885201977932,-4.50731479449016
21,posminusneg_noCloseResponse,0.548967525829082,-1.19074588720265,-3.17797514390037,0.546248144168083,-1.09458795984406,-2.93207387488705,0.548169198981692,-1.07831693886047,-2.85798222093126,-4.33241113283372,-4.3722762926251,-4.20402835430392,-4.07466487990356,0.535331028918593,-1.0642798539276,-2.9744128593499
22,posminusneg_noCloseResponse,0.510257783881039,-0.735090102572922,-4.12223483160468,0.459773270470769,-0.632815534218646,-4.33401184233582,0.475084547940457,-0.70346276082802,-4.28389592644294,-5.13586953117883,-5.07962272178835,-4.19097516572435,-4.13100309406057,0.473044887120825,-0.630256006181616,-4.54348718505003
23,posminusneg_noCloseResponse,0.674858567454552,-1.94375434756122,-4.20220612199946,0.671324692637557,-2.39507981500333,-4.6374816066901,0.670919974134372,-2.33439698218389,-4.59820960511393,-4.90887180962189,-4.85089546234931,-0.499348391328289,-0.482850741239888,0.671344401865395,-2.80273134374314,-4.66287612689579
24,posminusneg_noCloseResponse,0.590551457874596,-0.874154555834483,-4.06466432664579,0.602841313364075,-0.890513578990289,-4.57452346832181,0.600556636695683,-0.808511881632371,-4.49170453811055,-5.20893055591713,-5.15933392444219,-4.27928759597058,-4.37683658395673,0.606367226586208,-0.882825952849971,-4.59693616352557
25,posminusneg_noCloseResponse,0.599890049009872,-2.36506309160048,-4.12976067465915,0.60540877725778,-2.33060262355989,-4.3951079476371,0.605248115566826,-2.46995403733795,-4.39146592801216,-4.92670780951289,-4.91084119375675,-1.82392405847873,-1.74469232769273,0.605503546247242,-2.4603825523447,-4.36986414688191
26,posminusneg_noCloseResponse,0.537657453331894,-1.98817458326375,-4.40806858855187,0.524472073571683,-1.52189188937743,-4.41936246904157,0.52573886893205,-1.61008384434112,-4.39550179351059,-4.9861283400751,-5.00794598983591,-3.90992393267603,-4.10976532898326,0.507882858446896,-1.2909133628846,-4.0042422793929
27,posminusneg_noCloseResponse,0.703669599409304,-1.53405279630461,-3.53916862498993,0.683454287949693,-1.55861746060957,-4.15343518936831,0.680378338753667,-1.57782638289308,-4.32684951108209,-4.83196410706417,-4.95396394640059,-4.29892876694553,-4.30370590568376,0.671808269723189,-1.47399180095659,-4.59909688683708
28,posminusneg_noCloseResponse,0.727103147013027,-1.22051153014371,-4.31880934774658,0.748735016747765,-1.21416491847407,-3.86436243261008,0.747889923154666,-1.2694626601073,-3.92204540847542,-5.15107075068068,-5.21856936843942,-4.53517711259524,-4.53736464153167,0.732944953354213,-1.19208236536873,-4.16007393941894
29,posminusneg_noCloseResponse,0.563363680711945,-1.83335504983858,-1.89538715830586,0.579567825739944,-1.63730856910552,-1.62990653574204,0.586694662845415,-1.76636407299615,-1.64571169690862,-5.607806601736,-5.6405345734629,-4.23610107694734,-4.22391707468219,0.570390281216606,-1.62358835306382,-1.66942129263156
30,posminusneg_noCloseResponse,0.572826177984454,-1.35390854195178,-2.96003396738454,0.566008204619141,-1.18948969509266,-3.56134808805341,0.56264125169554,-1.11879023599891,-3.50989749208321,-4.59533680845374,-4.69591492340676,-3.95609037613101,-4.10637559218632,0.575448557681392,-1.23896320007595,-3.56713695526807
31,posminusneg_noCloseResponse,0.563569006221042,-1.37129775873409,-3.06863219262862,0.534598767473245,-1.34521009492187,-3.22411178984991,0.548732854073767,-1.33772999498095,-3.15453858072702,-4.71937727690451,-4.7922516155173,-4.45653950053725,-4.42222369707759,0.532084766739784,-1.37034560425143,-3.29134685333741
32,posminusneg_noCloseResponse,0.662953317550128,-1.36151952068619,-4.0245560641837,0.67245084641408,-1.27366497643806,-4.55046325083329,0.677234887718164,-1.30421990336915,-4.30841714133475,-5.3171677489283,-5.32399718768552,-4.60965981236582,-4.56676674663672,0.670439611685276,-1.29907084848118,-4.6043736892851
33,posminusneg_noCloseResponse,0.539801414957277,-1.42939004222726,-4.3558340502221,0.543921506981941,-1.31082758475623,-4.47605276172376,0.543665381436167,-1.32125188894306,-4.47065773796032,-5.22956593504055,-5.2134466048491,-4.61030162680087,-4.58594439177207,0.554051837376245,-1.32981390722471,-4.26454816893202
34,posminusneg_noCloseResponse,0.589491627957221,-1.56252171612508,-3.56396446335088,0.60553149206352,-1.62000938127294,-4.70266633051248,0.605174243567598,-1.56173648414281,-4.6673781106542,-5.2146433357627,-5.17066366685374,-4.20643064837615,-4.19971045451918,0.605376654791813,-1.64840449399544,-4.71284936885189
35,posminusneg_noCloseResponse,0.44686935992337,-2.08112340972594,-2.54824805569172,0.351504925316735,-2.12112085917709,-2.12811194438466,0.385254223824338,-2.08311603714137,-2.21951223505067,-4.8948896336824,-4.47847468842488,-4.48042858570977,-4.45002698514324,0.31837683702984,-2.09227595778703,-2.00551653785784
36,posminusneg_noCloseResponse,0.777703877485598,-1.22266752005155,-4.06830021399946,0.783231405375204,-1.17739192610613,-4.26260400552787,0.773066083028936,-1.19630545405503,-4.00571403270067,-5.30578264980198,-5.24067498034664,-4.60784982259119,-4.56866726866995,0.785298236029391,-1.1967777898896,-4.329965372325
37,posminusneg_noCloseResponse,0.543332078609475,-1.72816310362772,-2.99740824628526,0.56207354693528,-1.89533485247775,-2.24132956298205,0.571861753433195,-2.01099328023581,-2.11759937643387,-5.61879446695495,-5.61700744251367,-3.58620894976757,-3.60268460627699,0.53454739934283,-1.56350412555941,-2.84977614635706
38,posminusneg_noCloseResponse,0.464139840025159,-1.95070301748884,-4.48496044809699,0.464533229477501,-2.17424663135913,-4.73887760395699,0.464511159188629,-2.1692077691036,-4.733215389426,-5.33278534485164,-5.31075623063871,-4.57381931320709,-4.54097798820007,0.46512203708123,-2.13153150062019,-4.71985904228632
39,posminusneg_noCloseResponse,0.709235945150917,-1.68778359998057,-2.89931373423986,0.782861393319991,-1.65734380469282,-4.59937151631176,0.783389772918765,-1.79813349053602,-4.60166716898569,-4.40995133283116,-4.49385843320481,-2.16034750063911,-2.05690697033028,0.782368490576708,-1.58633965620913,-4.59332233141224
40,posminusneg_noCloseResponse,0.472435321347097,-1.55516782963079,-4.44315399269611,0.464035326492954,-1.45417597828391,-4.61847370454428,0.461800111603977,-1.46443529125378,-4.46586735152098,-5.27156559255045,-5.23375965182014,-4.34100982038712,-4.26033481079632,0.464823405492791,-1.46946909268076,-4.64336738291281
41,posminusneg_noCloseResponse,0.711139375991482,-1.71372423117712,-2.13389685405243,0.754836580993787,-1.76621101830193,-2.01675448552851,0.753113878730044,-1.74659661505729,-1.94612812480756,-5.20190217074857,-5.31285729527283,-4.4612388638852,-4.45796393347913,0.772367457755026,-1.79465420763399,-1.91990366788044
42,posminusneg_noCloseResponse,0.531435990058046,-1.97252553046647,-3.50627654706574,0.489851715461439,-1.88707579673352,-2.75171433349841,0.494745416947966,-1.84887622926357,-2.94404164382546,-5.5275523243588,-5.49399727974934,-4.55202174819165,-4.5198672748474,0.492134266942965,-1.90005325041671,-2.66660675698394
43,posminusneg_noCloseResponse,0.669662917846663,-1.73590124792577,-4.58748951669226,0.670887296486528,-1.59722188505867,-4.71281109497615,0.671977713236447,-1.60745846312552,-4.6765310670435,-5.30113692932511,-5.2465865146603,-4.47890079167327,-4.43566275826309,0.670868181576549,-1.59578554921704,-4.7252670597486
44,posminusneg_noCloseResponse,0.470829259259538,-1.54981451765175,-2.58608814167249,0.406498912949054,-1.60753281267248,-1.66831843298409,0.47967509918078,-1.60987146042819,-1.70753425521522,-5.36858137955945,-5.27583544721152,-4.47974606875581,-4.47262006474481,0.411722259440867,-1.50483439000019,-1.64909062167631
45,posminusneg_noCloseResponse,0.638542237385185,-1.47704173927638,-2.9989614193096,0.671256555083177,-1.58371334510061,-3.293783013876,0.659096546425442,-1.53819776335416,-3.20895135619583,-5.10979243130369,-5.05148251851694,-3.9197948495019,-4.00752425026177,0.669036261771472,-1.54543045650219,-3.47911023270367
46,posminusneg_noCloseResponse,0.576660901552309,-1.38225593015276,-3.15746765233013,0.600409809186269,-0.964067561224878,-4.56390218236642,0.601981268633758,-0.992974538873131,-4.57369630607006,-5.16569511691529,-5.15416440259212,-3.87584816551908,-3.86635892805786,0.593405920881804,-0.978985626721469,-4.38920548518392
47,posminusneg_noCloseResponse,0.670285423150219,-1.17267938009778,-4.28407726684794,0.671356690013606,-1.36881054478148,-4.66795864493855,0.674452827405927,-1.38149842586708,-4.5633013429473,-5.26632723673426,-5.17471316513387,-4.4267441630514,-4.31803869910722,0.671907509501708,-1.39090724109966,-4.69918884125469
48,posminusneg_noCloseResponse,0.637851388324504,-1.24648782571245,-2.56139613095338,0.594943310828657,-1.01895216224721,-2.18943006280341,0.565349739609253,-0.984768654000661,-2.11874265036534,-4.35022204685425,-4.15680787175255,-4.34423120785485,-4.31258178310907,0.629127676808725,-1.05653147600417,-2.16674281011118
49,posminusneg_noCloseResponse,0.747336308777827,-1.65705856283466,-3.61951159743411,0.731600227200503,-1.58797576547749,-4.66127797041854,0.731449920917152,-1.6019106025349,-4.66016636401612,-5.29148433996119,-5.28066096372659,-4.48520978212091,-4.41605162308518,0.729555155888919,-1.55076392484362,-4.66397878294275
50,posminusneg_noCloseResponse,0.37211954246972,-0.95533406047649,-3.87346685685325,0.329164506184208,-0.869548447734906,-4.58602444904376,0.335946838727727,-0.871501309337212,-4.48358418867519,-5.26811841137408,-5.18970265299739,-4.51876483602558,-4.45335837314135,0.327420285405167,-0.879880877129716,-4.61437974144716
51,posminusneg_noCloseResponse,0.578898553162352,-1.55978773860595,-3.86632982993377,0.592873265124235,-1.58807602739923,-4.27442431580447,0.598106945073256,-1.80255149552979,-4.38539479974701,-4.92146215182469,-4.91894823142265,-3.02433127057566,-2.59600056039249,0.585389616555644,-1.56305247404089,-4.14669053931517
52,posminusneg_noCloseResponse,0.666358514898064,-1.47264617497906,-4.41194159914557,0.666330245568643,-1.43520990823457,-4.5122332513619,0.668177675972809,-1.45299633769887,-4.58093150581105,-5.22229940815679,-5.2393329592269,-4.63290667983471,-4.62178762754643,0.67017252568528,-1.44486915813735,-4.6330282223106
53,posminusneg_noCloseResponse,0.608971258860658,-1.82588235912997,-3.69268779895572,0.608222959863948,-1.6037853474326,-3.7429640356117,0.603969079893898,-1.69207932938444,-3.52203467093199,-4.4875598618085,-4.46826685147233,-4.3907204078738,-4.34306737729166,0.605439874796714,-1.58877956772222,-3.9480314894089
54,posminusneg_noCloseResponse,0.742667671849896,-1.53226166053086,-2.73586231034369,0.701073696728008,-2.09861752107293,-3.48266683414423,0.712301535752085,-1.67868990695123,-3.96914106485967,-4.24391675675098,-4.64954162646391,-2.4468946379402,-3.29241554529787,0.727862884729999,-2.05072652169709,-3.22172814919692
55,posminusneg_noCloseResponse,0.65078938764778,-1.54496090400167,-3.47667813221118,0.654238905665448,-1.28792793458662,-3.85372075397043,0.648497460074246,-1.31595135897538,-3.84517292004074,-4.52877472096274,-4.46615352851875,-3.04761735207879,-3.13133532793074,0.660553626942783,-1.30662714429335,-4.10951737650849
56,posminusneg_noCloseResponse,0.676000841906163,-1.52696702466437,-4.20928811284086,0.672934395765682,-1.72829102270999,-4.24996311808347,0.680411651853549,-1.62320607706681,-4.25853840375488,-5.02874237877337,-5.07372828875521,-3.14536529403904,-3.47853430228114,0.668032729140705,-1.49081128857466,-4.30008348129271
57,posminusneg_noCloseResponse,0.427221336148327,-1.4456015991722,-2.95436671743953,0.408503311451202,-1.28731731259498,-2.71428933079759,0.350271610723458,-1.30616956588616,-2.96430879577379,-5.1177046327659,-5.16772885783839,-3.9739085464157,-3.98247158762703,0.485212329098959,-1.4727689100509,-1.76526005726737
58,posminusneg_noCloseResponse,0.616325393002494,-1.31046194798274,-3.83715298385251,0.608214145444425,-1.19415949608317,-3.46485304758981,0.620121350946987,-1.144422871477,-3.59689150708093,-4.90269469336746,-4.97110435309411,-4.3167402523562,-4.39445732597219,0.594400447378614,-1.199074971352,-3.36397232110911
59,posminusneg_noCloseResponse,0.657855955229238,-2.49333767361375,-3.67884501439938,0.693698784295128,-2.44123002680361,-2.32056759385802,0.685087289013274,-2.35685818910833,-2.40853286516139,-3.71864952620211,-4.15092230749023,-3.43628328311923,-3.51885804678316,0.78297127881061,-2.31260551185508,-0.988265707664595
60,posminusneg_noCloseResponse,0.673439565575195,-1.54904070299156,-3.57008146360257,0.662557514225153,-1.43623299389706,-3.3404543919978,0.668692533101885,-1.450657752723,-3.31231168434765,-3.19418515010243,-3.13292158581537,-4.33032477565795,-4.30659475878512,0.672260534979311,-1.48155943447635,-3.55888165521463
61,posminusneg_noCloseResponse,0.528314720537218,-1.53938212566539,-3.07643181294646,0.53199022999981,-1.36034234354825,-2.79742339140755,0.540923983058481,-1.45626885549961,-2.52189800182525,-4.44912352872749,-4.64035633639582,-4.2255111153558,-4.1780503613859,0.548626912571294,-1.33730865188459,-2.96280270702682
62,posminusneg_noCloseResponse,0.534150556446665,-1.75336654487321,-3.28478428740792,0.526507823944174,-1.68624911754993,-3.5620909951857,0.527072589473533,-1.71277905287871,-3.31759336957837,-5.07532747922728,-5.07748299162862,-3.5108453071728,-3.17431215346368,0.519466927171652,-1.56780539444348,-3.68521896766768
63,posminusneg_noCloseResponse,0.669428426037665,-1.26558323144767,-4.52605245130698,0.670813545994406,-1.18602629753164,-4.68916087015606,0.670288701780488,-1.1924826901431,-4.66637415633641,-5.29361023069274,-5.26644051954357,-4.64895451094217,-4.63173856870659,0.671383048678306,-1.18111571177723,-4.7173453964118
64,posminusneg_noCloseResponse,0.549744120134596,-1.77271793036118,-3.90484822101615,0.537041918927935,-1.76977336031035,-4.47177733979143,0.537272344217555,-1.75382461778508,-4.44092471581694,-5.12111878519342,-5.11337957768616,-4.47119694918566,-4.45921802929548,0.53824647975993,-1.75434363585837,-4.473958889311
65,posminusneg_noCloseResponse,0.54279903331368,-1.30236861677299,-4.48312236228346,0.540125732440783,-1.23882590982659,-4.65512282812975,0.541794934914063,-1.22085560306609,-4.63669466922337,-5.27141802464292,-5.24874603575624,-4.5315491441025,-4.52654683225718,0.541022074388599,-1.25620495501577,-4.65489159188114
66,posminusneg_noCloseResponse,0.647002534863553,-1.77241394016232,-2.57881373568328,0.598714747104171,-1.69758969502222,-1.90137192505024,0.594726641913581,-1.65740228064698,-2.06772180296495,-5.62170909458876,-5.59481263291698,-4.521340048053,-4.50012426880878,0.600994798628001,-1.73619827891388,-1.96802546482402
67,posminusneg_noCloseResponse,0.590609885968316,-1.67679775955509,-3.4041628691296,0.57515037714409,-1.64449010300837,-2.32912952644295,0.570126194432653,-1.60983793370755,-2.34017574523254,-5.06722225850448,-4.97123096391786,-4.41151362587405,-4.39735738118508,0.621323305265498,-1.70529808852568,-2.13716802753703
68,posminusneg_noCloseResponse,0.628930670298149,-2.23086660628935,-3.83719486108918,0.605544233026589,-2.2878073572359,-4.75132880110928,0.605534784161997,-2.25817043596565,-4.74686034029947,-5.35128451384829,-5.33037378198367,-4.46850057765667,-4.46141234998617,0.605555188307976,-2.28088103038178,-4.75377763560007
69,posminusneg_noCloseResponse,0.703677439645214,-2.2465034556109,-3.48451705890983,0.671393052657827,-2.44914548627825,-4.74978928732674,0.671372909970778,-2.44591301440666,-4.74547652103392,-5.34868165839302,-5.32769073348591,-4.58662506169201,-4.54906343943111,0.671576507514138,-2.41811716026803,-4.74403124117404
70,posminusneg_noCloseResponse,0.606094582333049,-1.87136886157774,-4.04869863819497,0.605487017226895,-1.77317367921854,-4.37611444116006,0.605107439177019,-1.73204720909542,-4.37005037025859,-4.83827974101075,-4.87187310543266,-4.24861363875237,-4.30860649163246,0.606113851161795,-1.7863072309009,-4.35960976668925
71,posminusneg_noCloseResponse,0.542414455520103,-1.28952413478119,-4.47508725497795,0.537680851194498,-1.13045635121403,-4.64097400233623,0.537690187580374,-1.16171066858246,-4.60768780009438,-5.25254575504778,-5.21678583405921,-4.56281580051875,-4.54940967056838,0.537119163832388,-1.13964361487097,-4.66637116982034
72,posminusneg_noCloseResponse,0.728212206003797,-1.48940612013442,-4.48078815349231,0.7315749830322,-1.45095191057459,-4.71365676840733,0.731360687307133,-1.45274296674352,-4.71599007373196,-5.30846899406426,-5.29476190819594,-4.61148392512127,-4.58563427935605,0.731055772430725,-1.4751229902473,-4.73627518757107
73,posminusneg_noCloseResponse,0.669836457329625,-1.21426838701688,-4.47445038300483,0.670662859953689,-1.12208713925273,-4.68230993391646,0.672124345011909,-1.13672276694193,-4.64127320655619,-5.28778587338175,-5.2532790064081,-4.58998917585731,-4.55684992033253,0.671225173771202,-1.1376624824595,-4.71401653605321
74,posminusneg_noCloseResponse,0.650315133406072,-1.90542927048707,-3.21578178789348,0.606614069146067,-2.15980667265832,-3.20268197292626,0.608692095315005,-2.08661681835804,-3.09871803940421,-3.01263912757869,-3.31751762275125,-3.47946645461735,-3.60289297879872,0.605952422409595,-2.28797840762754,-3.3830691519635
75,posminusneg_noCloseResponse,0.608885419294705,-1.68053306808428,-4.14656061905019,0.610146187228947,-1.60463028560856,-4.57282818666289,0.608686233129206,-1.58819279542786,-4.60604944073428,-5.24263683747038,-5.24007268245692,-4.51717512657636,-4.49738859723034,0.622397181607376,-1.58000017235342,-4.18210935733877
76,posminusneg_noCloseResponse,0.564443859907226,-1.64641143320775,-3.0016048837244,0.545488084800859,-1.38130944914855,-2.7977599214009,0.567929395710161,-1.32143888049504,-3.29651580741331,-5.31054436460705,-5.26025644856515,-3.85126800433356,-3.83201349111186,0.531600192511801,-1.49979473472539,-2.32838085444665
77,posminusneg_noCloseResponse,0.613073286885932,-1.72951296348145,-2.33615331515261,0.616142274234371,-1.8363710388375,-1.64877873418271,0.586354488129508,-1.97744681188086,-1.71931771455739,-5.28654124015441,-5.12936683097552,-2.51949129618664,-2.41782172994871,0.571078665929585,-1.71280495490195,-1.68602471023283
78,posminusneg_noCloseResponse,0.581394781980332,-1.6736477386553,-1.45421527524539,0.579648358296079,-1.7246404555664,-1.45536788317291,0.560884303177226,-1.89295277345933,-1.27862264568228,-5.09718479112275,-5.30871380434069,-4.17291615084523,-4.14625665812239,0.749722976236419,-1.90064568059475,-1.02425071883472
79,posminusneg_noCloseResponse,0.547692474791326,-1.2362900941262,-3.85599139161595,0.578398257071572,-1.47873884303483,-3.11588388373975,0.568462486155761,-1.34499735971284,-3.54546420328319,-5.1535980822536,-5.18652155036784,-3.76106650644382,-4.04582860366574,0.601372071816387,-1.35568163824973,-3.02041195400789
80,posminusneg_noCloseResponse,0.556785580603616,-1.92169962060229,-3.0407517344873,0.542166648529512,-1.89055976981922,-2.40850529558399,0.54163550385818,-1.92201134261501,-2.29970792971434,-4.76863151051617,-4.8045952999812,-4.43576076017912,-4.39951900668481,0.534690378773356,-1.88054810313496,-2.51956036001995
81,posminusneg_noCloseResponse,0.486833101810156,-1.82637120601115,-2.80475013417445,0.477471551342855,-1.82287852402581,-2.56891835592657,0.489575711441517,-1.80962804079121,-2.57332637561148,-5.35295308604301,-5.30343394285899,-4.46005334866624,-4.42310079023132,0.465114424598073,-1.9019900265894,-2.4970464653944
82,posminusneg_noCloseResponse,0.582276945906015,-1.91948787523773,-3.80488296917908,0.605511675634019,-2.36857508196549,-4.71388543991731,0.605168239006093,-2.31878980478283,-4.68468286167173,-5.26509951784214,-5.22211757300062,-4.15217269413173,-4.02253903511212,0.605526984911908,-2.48775203926196,-4.72204878525794
83,posminusneg_noCloseResponse,0.477591747795498,-1.70838755858896,-4.09009581754732,0.464383362957891,-1.5875327756032,-4.71004085781865,0.465804289359588,-1.61314692021418,-4.66822510327065,-5.286387670097,-5.22378478875227,-3.85601598721798,-3.91195961891891,0.46463373205517,-1.62116494904713,-4.72838321521509
84,posminusneg_noCloseResponse,0.619949356845743,-1.96833428053756,-2.24198987188883,0.538615814988836,-1.8713777717607,-1.65532622370969,0.510094069611394,-1.82368135280068,-1.69896541657652,-5.65063210942749,-5.5294257640277,-4.17370361199092,-4.22418283576394,0.511095355423965,-1.81532144809608,-1.72369754601329
85,posminusneg_noCloseResponse,0.662643581464543,-1.26472260261664,-4.14542373621437,0.672167161193157,-1.15710965796741,-4.49086077745711,0.671594506507917,-1.16091132532012,-4.43543863740077,-5.19434417759972,-5.17844075558133,-4.51788524212767,-4.47750121921656,0.671841635984506,-1.13369037394481,-4.58533347315398
86,posminusneg_noCloseResponse,0.667500139364606,-1.31364513459427,-4.03782674319889,0.671350904251193,-1.17786078141564,-4.71895491686199,0.671525758004001,-1.19548248564786,-4.70262476810449,-5.3065302564422,-5.27612987438135,-4.45096188777517,-4.33131756432459,0.671623265374753,-1.16254218382,-4.72586854814457
87,posminusneg_noCloseResponse,0.675760858580713,-2.40143225755066,-3.74891353780019,0.672500484254838,-2.18932106372069,-2.83325141012561,0.678330095516306,-2.11198871451066,-2.80562712345566,-5.43689793468136,-5.49494872804619,-4.1274672303188,-4.26576273240603,0.671841042736733,-2.19646097742582,-2.83992225553484
88,posminusneg_noCloseResponse,0.532414584475803,-1.6292674340059,-3.09347329650482,0.538758307705451,-1.60216830405518,-2.69353375216963,0.535663478808977,-1.64644250914847,-2.62346550971821,-4.09698283243536,-4.24942125663464,-4.54027774288096,-4.51444121518964,0.523267876375821,-1.55996306918566,-2.87566911651775
89,posminusneg_noCloseResponse,0.586223526653118,-1.55110038535782,-3.13863212263132,0.61923473166809,-1.71303771571036,-2.56378002561039,0.615837556637121,-1.7114612705582,-2.47030099864086,-4.27804331250988,-4.4908431908164,-4.30469259075144,-4.26748857507656,0.603512933711794,-1.74032161400358,-2.77845614284929
90,posminusneg_noCloseResponse,0.662125496987023,-1.50477589707524,-3.21222733223247,0.675957385878385,-1.89383245392931,-3.85572380885135,0.677371145405441,-1.76263700976797,-3.43655323549737,-3.80588358284547,-4.10924191624237,-2.48068919643997,-2.80889260699851,0.674045740100517,-1.82423190088463,-3.88876417112103
91,posminusneg_noCloseResponse,0.665981720702024,-1.56079752403329,-3.64516627038712,0.667185576622145,-1.3891907368769,-3.89769568133315,0.65979524224833,-1.31330050012463,-3.71921987789197,-5.33883393639669,-5.36218861601336,-4.01150543085604,-4.21717918007856,0.672917020986995,-1.50915806851388,-4.0620578278613
92,posminusneg_noCloseResponse,0.579030626267579,-1.62501683740007,-2.26299958681606,0.563510842910587,-1.61576868564319,-1.74163578286781,0.616550783057014,-1.6207856106756,-1.72695963854499,-5.60749852469454,-5.54179984434523,-4.48249196489868,-4.46701263660734,0.567658574733885,-1.62516845335001,-1.76483293019282
93,posminusneg_noCloseResponse,0.774408169277766,-1.71124143642226,-3.80487689777838,0.761805880320727,-1.73322212170433,-2.81715050253105,0.767657513708937,-1.79127243394266,-2.71307011511186,-5.13828281954169,-5.24920510404166,-4.37291662056485,-4.38243783151159,0.760554692600926,-1.5118209741226,-3.09253375466277
94,posminusneg_noCloseResponse,0.644225033339783,-1.75092095314808,-2.66291875093685,0.601197693925845,-1.68033295428811,-2.28770392977744,0.630385621486875,-1.65011350484087,-2.22317789893133,-5.03363897697391,-5.04321959740909,-4.24703432912344,-4.24188124622547,0.604144535386793,-1.66648390821792,-2.37973599862626
95,posminusneg_noCloseResponse,0.516658440225386,-1.9485782858573,-2.09892956269299,0.482522943147908,-2.08784828370096,-1.90835229614126,0.511471620342009,-2.12394948507715,-1.90315303990649,-5.4683867956797,-5.40630107176002,-4.3519558748745,-4.2836177870993,0.486312031293547,-2.06835546912468,-1.88896476699277
96,posminusneg_noCloseResponse,0.580530418180321,-1.78104367872585,-2.68669495337619,0.584825313576881,-1.59929784390906,-3.45042752322955,0.591980853852501,-1.59372128335885,-3.44234240494992,-5.41607453299799,-5.37509995650205,-4.50748955823305,-4.47986229392902,0.580833283721189,-1.62846139278374,-3.27653062637829
97,posminusneg_noCloseResponse,0.542752626045643,-1.64086681250133,-2.40609328339842,0.582672754205655,-1.15312264133275,-2.40162616784537,0.598406563046304,-1.1513107486347,-2.17776337587377,-5.19518454999803,-5.0525242907478,-3.79623245825592,-3.75283442824092,0.568089056614119,-1.25058529729779,-2.39050965428902
98,posminusneg_noCloseResponse,0.673819770072454,-0.93774668904893,-3.70790408438854,0.651316961223521,-0.921880140436396,-2.8076499736315,0.644079438953025,-0.981699963335211,-2.60307324063037,-4.60268211776038,-4.44105407122045,-4.43538431221885,-4.44475951736404,0.674152545328772,-0.945441339152942,-3.02847775945454
99,posminusneg_noCloseResponse,0.602029461592999,-1.63297310327979,-4.51996443450429,0.605078032856045,-1.48005490975885,-4.62662922071518,0.603585398714425,-1.36178036938337,-4.55696981346534,-5.25016131852334,-5.21850692538714,-3.66724234332691,-3.96370494065524,0.605651559978658,-1.65458685538341,-4.66549890734153
100,posminusneg_noCloseResponse,0.693082792740238,-1.22103063891795,-3.48310173515867,0.679653772262448,-1.06928378096608,-4.50832812301708,0.67533620011998,-1.16832102665992,-4.54932470417722,-5.17260568049363,-5.20118907934845,-4.31555931200556,-4.29315739898192,0.690078367598281,-1.07113235016335,-4.30626073756626
101,posminusneg_noCloseResponse,0.793976365159566,-1.41060510174201,-2.92885535684802,0.773952431979964,-1.48720214595047,-3.32806611328243,0.776223633163843,-1.44739117898049,-3.31430201865537,-4.94492609546039,-4.93038372263151,-4.37158812410147,-4.34325047237887,0.78618940024,-1.46393279537977,-3.56053975432213
102,posminusneg_noCloseResponse,0.666531047707279,-1.19665573677264,-2.92052475318484,0.646073811046131,-1.04261697799617,-3.6616151490971,0.629755627195542,-1.01911126184065,-4.0803252824801,-4.82678191671184,-4.99785584870461,-4.52809932028745,-4.54069584758235,0.673432948976992,-1.11289282919421,-3.04336363101244
103,posminusneg_noCloseResponse,0.682746194926472,-1.28903698635341,-3.40054954794145,0.670702042434473,-1.2428162506108,-4.33039574846015,0.668353776215528,-1.1789505684964,-4.21549195181581,-3.67786105344155,-3.80154725061073,-3.31363850165138,-3.26253373214452,0.670262356013668,-1.20664796557279,-4.37306107111695
104,posminusneg_noCloseResponse,0.530908854255732,-1.4468409662855,-3.45199157583548,0.521789264700772,-1.51482674378856,-2.96741662772185,0.51479855052109,-1.49274184584792,-2.77131337408178,-3.87426005339653,-3.9291077839283,-3.21586910583305,-3.31818740319893,0.530952633932719,-1.42780119530834,-3.18182836472332
105,posminusneg_noCloseResponse,0.532692488612461,-1.70778546361294,-3.13299654840202,0.529790043158492,-1.74309700400605,-2.46136303073106,0.53890467570799,-1.71769200597471,-2.50769363050341,-5.49818212216991,-5.36023979246582,-4.18353092671628,-4.11726398617107,0.53494718582539,-1.77943803077455,-2.49159449156635
106,posminusneg_noCloseResponse,0.579977646358988,-1.21682516431354,-3.96867178041706,0.600099514626317,-0.849251466767846,-4.66084588719505,0.596666045093405,-0.825933000548806,-4.60437857165047,-5.26829958589141,-5.21437224101049,-4.38741201382138,-4.28965874600102,0.602440959891485,-0.856137128735318,-4.68348274351837
107,posminusneg_noCloseResponse,0.635838945706459,-1.80463362698992,-2.53991468455713,0.613202664633818,-1.67321309697085,-3.23849650187415,0.615320288449921,-1.65604449762188,-3.25602808360556,-5.40352693948956,-5.33420810438582,-4.45822398036163,-4.38998718936568,0.627192692651994,-1.65031398645615,-3.26805948876991
108,posminusneg_noCloseResponse,0.58642384673652,-1.66975943230164,-3.14660583279299,0.607083202289717,-1.42117986710569,-4.21012320102796,0.605849970639551,-1.47826135320173,-4.1116082131793,-4.76442701726797,-4.66766995945673,-4.19697903416122,-3.98729943395232,0.607153033245241,-1.45630678268574,-4.23665529924898
109,posminusneg_noCloseResponse,0.633504481608534,-1.79828065976814,-2.61877806633245,0.626072042249447,-1.8418316495023,-2.54606626653777,0.61226305423178,-1.83341321020981,-2.53285788193462,-4.89541399545175,-4.89494051353332,-4.5027993798643,-4.47504254679936,0.613636331713146,-1.81232489133985,-2.7048996850706
110,posminusneg_noCloseResponse,0.736153984693273,-1.86974023971962,-2.58545640206205,0.752930637854846,-1.9572596586537,-2.1168018540927,0.749926177132579,-1.95919990050327,-2.11319590536348,-5.67555506377261,-5.66997796477135,-4.57219409415252,-4.54314095587847,0.773417672853571,-1.96877309064806,-2.09014795761567
111,posminusneg_noCloseResponse,0.548215399017938,-1.54064673290286,-3.28980534631715,0.533937915929974,-1.53080439480299,-3.00381639517457,0.54132558870205,-1.53226467535103,-3.03667456280818,-3.92246052466202,-4.06037676613584,-4.46951017167547,-4.4572877760318,0.546913917869091,-1.48983255893254,-3.0339294627852
112,posminusneg_noCloseResponse,0.553633322421376,-1.69535136919673,-3.6883802302359,0.587010206909902,-1.59018188912245,-4.10004270189471,0.580079679601948,-1.63548690345481,-3.8914364894106,-5.0683003557002,-4.9569545972893,-4.54898354032002,-4.51213419600395,0.572871142679517,-1.54860640449989,-3.99148008101108
113,posminusneg_noCloseResponse,0.512841382627917,-1.91989928748788,-3.14338932915369,0.532661199571104,-2.02932337609821,-3.48471496800802,0.536315675018672,-2.01854764523793,-3.25033850001125,-2.16294793246677,-2.568411620525,-3.82497255478948,-3.62911171242109,0.536074279196488,-2.12495450133664,-3.63869653974172
114,posminusneg_noCloseResponse,0.729453573015123,-1.40233669292727,-2.9360525471379,0.702423354848519,-1.4885886928459,-2.72536034657451,0.694894888809941,-1.39725209448936,-2.74082523463691,-5.2819874507467,-5.15404836235376,-3.08866163322092,-3.06895772478988,0.714216074656981,-1.42448354734323,-2.8111082714055
115,posminusneg_noCloseResponse,0.536488298436187,-2.33021822400088,-4.47567482089787,0.536020705351124,-2.25489609695184,-4.73017706145482,0.535867694405211,-2.28491374674935,-4.73203448731142,-5.31254722455423,-5.29742190443879,-4.55259630298529,-4.52837375155231,0.53566524794557,-2.21225157997321,-4.74084507530082
116,posminusneg_noCloseResponse,0.600550394735684,-1.75920810219018,-4.14583419787934,0.604022272688966,-1.88514962993643,-4.27876427646433,0.603710477208509,-1.87693987913638,-4.23155702783228,-4.62860716160116,-4.69200046193687,-3.16609060454822,-3.20742075889831,0.60536946674315,-2.00656240284172,-4.37637420246809
117,posminusneg_noCloseResponse,0.608632434713457,-1.12589531323258,-4.33861314661395,0.603353158402303,-0.991901691231109,-4.6232996165601,0.601872767905536,-0.986774227087528,-4.57705312963671,-5.24177623897166,-5.19281805009912,-4.62127276714669,-4.60131313027249,0.604429077997632,-1.02584728383872,-4.66597514954183
118,posminusneg_noCloseResponse,0.6770084331026,-1.62500607194846,-2.78749980489904,0.680692833238841,-1.45727375522715,-3.31542790563661,0.666147284648379,-1.58595288823789,-2.80257908195939,-5.35814531949988,-5.50208708100091,-4.39575555459124,-4.40847576294123,0.678545813956354,-1.44206842445922,-3.5686145610266
119,posminusneg_noCloseResponse,0.594385122367593,-1.53292857604257,-3.28816751577294,0.581326633083991,-1.65261558488355,-2.58663896150938,0.573195172682078,-1.6789015881732,-2.57313229640277,-5.54704547092047,-5.5122060213084,-4.39597875636238,-4.33746969862985,0.595290427869465,-1.61432931623506,-2.78941731552979
120,posminusneg_noCloseResponse,0.665824676135327,-1.06650480358124,-4.46567949591156,0.668874260585133,-1.37072710777588,-4.64979276087484,0.669452093276901,-1.35521373245553,-4.65769146680147,-5.27039915230177,-5.26209661605756,-3.15172583729882,-3.273966048976,0.664289346936318,-1.19730444773821,-4.52478523109997
121,posminusneg_noCloseResponse,0.809640393892291,-1.87986580295386,-2.8982845801573,0.826885089235928,-1.12815102065318,-4.63830888252077,0.825664655845195,-1.17319670663904,-4.57407632209366,-5.24191192862919,-5.19246950900919,-4.16801180741549,-4.23255710007892,0.827555276414127,-1.25863231001124,-4.68369796231798
122,posminusneg_noCloseResponse,0.688390421519565,-1.56285691472321,-2.91153939294853,0.683188984391438,-1.58148403254117,-2.48840826185723,0.662891166457904,-1.62233172173531,-2.40288468030021,-5.4025232463674,-5.24508545343751,-4.38617143031741,-4.32060640888193,0.700748530664755,-1.5708902467677,-2.53016174129999
123,posminusneg_noCloseResponse,0.718664484571132,-1.83690398336205,-2.23536165272111,0.724126857297488,-1.61050714293649,-2.19171970932538,0.743865626549278,-1.75662767605337,-2.17513445669397,-4.68773054629695,-5.01672564502302,-3.73285968886875,-3.92417392841446,0.767734867118551,-1.38971143370107,-2.48377512924961
124,posminusneg_noCloseResponse,0.556671278381625,-1.78330578822492,-2.12950315838312,0.542528620395327,-1.96209140422013,-1.74739115221207,0.561677482293731,-1.91913909175216,-1.75224533042683,-5.82711061675803,-5.77492389634583,-4.43835805089002,-4.38237179652764,0.52874724315113,-1.95385591168098,-1.79213279858447
125,posminusneg_noCloseResponse,0.6455284068592,-1.81936251068334,-3.39361313526263,0.644897859581157,-1.50624100703661,-3.29016831344984,0.632959703086343,-1.4320629425789,-3.62220311182488,-4.26166876861162,-4.36403617759193,-3.64805377096677,-3.67782837163048,0.649029658077836,-1.58028238194798,-3.17194962639669
126,posminusneg_noCloseResponse,0.650942696272354,-1.98916734618265,-2.85356412023326,0.626021221890394,-1.97854981630358,-2.20149468841594,0.608632360070205,-1.86323661253615,-2.15844820150126,-4.86893560072069,-4.71074491372048,-2.81627023508063,-2.6811128015577,0.637686045183131,-1.91408242138933,-2.18464706293482
127,posminusneg_noCloseResponse,0.511601881443358,-1.40018633110441,-3.05119008492766,0.513822139879018,-1.45104711432497,-3.20269572227701,0.507992342756743,-1.33522362501621,-3.22383808069196,-4.89984206348723,-5.0677515476522,-3.4288975693565,-3.71708828809551,0.540327427783719,-1.46914186380926,-3.12302943654524
128,posminusneg_noCloseResponse,0.715161172416707,-1.60433382134499,-4.18673873260283,0.732580512157732,-1.68079660879924,-4.61822825654647,0.732264919043132,-1.67499598160609,-4.61074614004862,-5.08529229400406,-5.07274613239534,-3.18677684875577,-3.08344138268314,0.731036535712859,-1.80970797011453,-4.67794933242591
129,posminusneg_noCloseResponse,0.535460820101407,-1.53892473053253,-4.35783987825958,0.536094182548235,-1.62126589473272,-4.4359710408571,0.54030856086688,-1.57933967074171,-4.34800293887421,-5.24085780732112,-5.19973277258475,-4.36444501057535,-4.4215200179235,0.53524724120955,-1.66883889896111,-4.471496786978
130,posminusneg_noCloseResponse,0.599704673257816,-0.982582653541993,-4.05949060107096,0.606509738978949,-1.05024010386438,-4.66770484203984,0.607667380710609,-1.02753694851696,-4.62800396733016,-5.29194581611418,-5.26487529305583,-4.606753074529,-4.59984156733222,0.606581348606427,-1.07965376237573,-4.68053347491416
131,posminusneg_noCloseResponse,0.502487367724038,-1.61382573619147,-3.5245860527071,0.464768960557671,-1.61197709344488,-4.648697694385,0.467341962262213,-1.6361720779885,-4.59141244377767,-5.26399645912702,-5.20758413043226,-4.59300032295667,-4.57670194461949,0.463918100454541,-1.61463421149405,-4.66432319087594
132,posminusneg_noCloseResponse,0.562418810540039,-1.76827766382703,-3.51865158248239,0.604293802704866,-1.66659578404195,-4.67501207687912,0.604803209175996,-1.68865781110023,-4.68213516092414,-5.28509276771404,-5.27206746174982,-4.37824003766782,-4.24253861308504,0.605050595722464,-1.68234644456646,-4.70114440499366
133,posminusneg_noCloseResponse,0.535099140128867,-1.84081773332352,-4.61918664121224,0.5359768252154,-1.79150946347036,-4.73218737490944,0.535934704891572,-1.83310546387379,-4.73023931280865,-5.32129355230967,-5.30313041426905,-4.34892045760746,-4.21658558230611,0.536053613717148,-1.7631423283402,-4.73469032407405
134,posminusneg_noCloseResponse,0.651774494475715,-1.66517498178741,-2.32120136652045,0.671612040413906,-1.67699742685327,-1.92948773116114,0.687728118062626,-1.70314093683672,-1.8442243914236,-5.30661658066367,-5.45003232963326,-4.40015699358721,-4.34360252511061,0.706560472800408,-1.68682430461445,-1.97202352126237
135,posminusneg_noCloseResponse,0.591094415818238,-1.37006989601049,-2.63354566751574,0.620227213337576,-1.36088638266339,-2.14376171101938,0.624306373394439,-1.33932254968237,-2.05922402890269,-5.10452314980177,-5.19728367961417,-4.19632383125976,-4.16885873992759,0.640927391516704,-1.33759686654823,-2.20072228227448
136,posminusneg_noCloseResponse,0.599160901796448,-1.65291972712403,-2.59059877174524,0.630508182812626,-1.75574834938296,-2.20856481208709,0.624272561703698,-1.73922829849715,-2.16692330350931,-5.30530639050688,-5.37195845252494,-4.39955127223969,-4.40944660776421,0.640925116219643,-1.75293360297346,-2.11694565183497
137,posminusneg_noCloseResponse,0.609161724172256,-1.69833084773395,-4.00827726431079,0.608054615853415,-1.73533773170023,-4.00874996956147,0.608858346149546,-1.70622547034169,-3.93044878979771,-5.25552044788246,-5.28038226514125,-4.09287618555876,-4.16046619397813,0.613274344235339,-1.6951629734915,-3.98338678430596
138,posminusneg_noCloseResponse,0.502017087221538,-1.58664533825633,-2.91603206169299,0.566377469110272,-1.34241817221649,-2.8005206339232,0.563605729948762,-1.48172763777005,-2.57251275063268,-3.77596152298777,-3.40995014283128,-3.63903002126148,-4.00939813983898,0.558104484369098,-1.41566334241999,-3.0962747304701
139,posminusneg_noCloseResponse,0.659493523022468,-1.68261329886125,-4.29830481473352,0.665827256799553,-1.54853116566117,-4.37938630743357,0.667786378694879,-1.62088000971705,-4.49991399176211,-5.13868452776431,-5.18329970085886,-3.09016736163503,-2.88730527178003,0.671950453828417,-1.49364437144327,-4.62460834208645
140,posminusneg_noCloseResponse,0.58971226848011,-1.62015497841123,-3.1577514706259,0.559873677968333,-1.55489093899808,-3.05890228678546,0.57660391012525,-1.4905162664346,-3.7003015202686,-4.30394718544678,-4.65009910973224,-4.13342088783091,-4.13244671029823,0.586601672860321,-1.56286457055495,-3.18355051644819
141,posminusneg_noCloseResponse,0.551236290313175,-1.78047476640613,-3.17998113789584,0.541113749615531,-1.85373953773934,-2.80667329257349,0.53922385647785,-1.86579342002097,-2.81908052465902,-3.87268588213674,-3.77802677779013,-4.57224496781611,-4.54360527832707,0.516825911356602,-1.80148434506893,-2.70264897343363
142,posminusneg_noCloseResponse,0.587141304383468,-1.4931082106866,-4.02226772850346,0.605056862096686,-1.41990289543473,-4.7042445461198,0.60520029843211,-1.38541622864904,-4.68593104715326,-5.31433267993033,-5.29294339329576,-4.29712091568507,-4.34614653461944,0.604680785565494,-1.41190585721837,-4.70154529741593
143,posminusneg_noCloseResponse,0.651536279510482,-1.42183745526785,-2.18337202976754,0.646391685963842,-1.15673093716622,-2.91802505742082,0.677848944165526,-1.12851575219214,-3.16472593395226,-5.13216856760783,-5.11815395710674,-4.45807746772574,-4.41955583069857,0.649625785373678,-1.12789731658734,-2.94528186410096
144,posminusneg_noCloseResponse,0.524212727587758,-1.45412973890163,-4.08259358062115,0.534913955857387,-1.31154152103455,-4.70294729770387,0.534931317582269,-1.3056609308197,-4.69668706425861,-5.29755075892911,-5.27668425952305,-4.40003514071306,-4.32181361475246,0.535453284715739,-1.3425480723414,-4.72696858304839
145,posminusneg_noCloseResponse,0.630376529960486,-1.77808528538324,-3.86151982277682,0.608682604153603,-1.76937510626545,-4.14725674285997,0.615432682703927,-1.67595583687578,-4.12089916884281,-4.36274723191954,-4.4851985484807,-3.65346364083526,-3.84544213015555,0.605528826217492,-1.897538446645,-4.22090411019769
146,posminusneg_noCloseResponse,0.7289112867977,-1.10499842299122,-3.0885370948344,0.716209415354709,-0.913677399215258,-4.17984328429231,0.716830295210666,-0.918361010894159,-4.18087124168901,-5.04783919342582,-5.03430771069062,-4.49202624302238,-4.46443681145255,0.698153780914926,-0.875075838939177,-3.94528366442836
147,posminusneg_noCloseResponse,0.670070524062194,-1.19241998085148,-4.46727933814282,0.674739581772482,-1.17415145882103,-4.55632705238327,0.670055135801076,-1.19097980279897,-4.47360566417735,-5.26543042101038,-5.22638369936812,-4.59934910661604,-4.57635234256537,0.67836511551164,-1.15861594503126,-4.45601760399623
148,posminusneg_noCloseResponse,0.549808172302443,-1.81940900931356,-2.98453431380663,0.596252601150755,-1.83575678050165,-3.65818197207835,0.601816919291277,-1.93104583753181,-3.63167459164119,-4.24657203418682,-4.06702942336026,-3.26038353287643,-3.39323096369275,0.606190497445047,-1.80544477475177,-3.97206876824446
149,posminusneg_noCloseResponse,0.651851671438923,-1.31339514628167,-4.12418562410217,0.615831469793716,-1.22315941833177,-4.57092633900785,0.614158808243979,-1.2261035908089,-4.5483522611666,-5.2341879573216,-5.21024505628057,-4.43123800367901,-4.38790013303285,0.62455066671998,-1.19542998430078,-4.53331724275837
150,posminusneg_noCloseResponse,0.73289952053732,-1.2458845939237,-4.43773713753613,0.731599191476543,-1.24751928239039,-4.62807056591264,0.731960721879295,-1.23807710562088,-4.59278562362117,-5.21351457139676,-5.17416466154453,-4.40028660701027,-4.34171142956769,0.731378555832133,-1.27625755842458,-4.64864991034558
151,posminusneg_noCloseResponse,0.496688383132745,-1.64771138328625,-2.86976688076761,0.528368789161117,-1.91600227753318,-3.01804894339448,0.531895658386817,-1.88250295696823,-2.98699544391722,-5.17327498719236,-5.21020658258124,-3.10155492150897,-3.3845603833562,0.52865232345417,-1.59376416600917,-3.16512262255082
152,posminusneg_noCloseResponse,0.637619849419774,-1.7559259791933,-2.85247383722482,0.586348559210871,-1.68923950471052,-3.14125555312556,0.587873600934787,-1.6553049984091,-3.21057541467624,-5.05513470257465,-5.02398241083386,-4.45876011841793,-4.43791675901992,0.604520343544788,-1.73359931234923,-3.31483019638588
153,posminusneg_noCloseResponse,0.617939775962651,-1.58025431182183,-3.82477294034104,0.603625997207675,-1.28667754395447,-4.4989577953508,0.603630896349552,-1.26492086330701,-4.47139926329515,-5.22507376417192,-5.20577650205765,-4.43954589490494,-4.44024688546337,0.606034791088965,-1.33560084678223,-4.54599188271199
154,posminusneg_noCloseResponse,0.601962446103966,-1.82972874720639,-4.5476712497896,0.606075182339259,-2.12402404616615,-4.6810371886973,0.605803922587002,-2.25192091448549,-4.67556623457574,-5.27842988276496,-5.26758834288541,-2.27600656779395,-2.27785610514316,0.607783276458677,-1.82234804825193,-4.6174614093017
155,posminusneg_noCloseResponse,0.637338275041431,-1.53370789490319,-3.62470258145354,0.652753310650841,-1.33686439083196,-4.08364863122533,0.66030033669169,-1.29866314474375,-4.33836025508253,-4.90730544625068,-5.04709677861863,-4.2999001381673,-4.40965470304173,0.667222094304792,-1.22699959045512,-4.42207608902802
156,posminusneg_noCloseResponse,0.544268151872425,-1.42456885905146,-3.2112107648876,0.51510558111449,-1.3087704145462,-3.32056769029049,0.508297760705918,-1.28858338936603,-3.58643845649993,-5.12363196862413,-5.10009203166216,-4.18282482517953,-4.17825090688534,0.541249913959617,-1.30859808352233,-3.61777816209975
157,posminusneg_noCloseResponse,0.718685293745716,-1.55777507880664,-2.63773195747429,0.694040540465719,-1.41632301186668,-3.0300418800721,0.683055978483697,-1.37345896464552,-3.06312113570814,-4.92248945320444,-4.86541393041333,-3.9282122200501,-3.95271001979105,0.702264045742421,-1.44032522495382,-2.86759642632948
158,posminusneg_noCloseResponse,0.571556725243504,-1.73297948883454,-2.19982975490443,0.613608660718548,-1.6357593516367,-2.16826430757306,0.586269888037073,-1.58280213938949,-2.82669545293719,-5.38110626491397,-5.32332001034928,-4.24606343622768,-4.2616397524447,0.52324884192486,-1.65915913977337,-2.10153810211901
159,posminusneg_noCloseResponse,0.531219735454955,-1.19153084463291,-4.43677270627258,0.535514827228883,-1.2059423957748,-4.62016601215348,0.538833957078189,-1.21333893632831,-4.54328498080185,-5.26819931966115,-5.22528440087957,-4.33173489200268,-4.25293802654484,0.535521505231023,-1.25131286720696,-4.66593507690434
160,posminusneg_noCloseResponse,0.659864443644586,-1.62293402860235,-2.35527918912704,0.688605399798066,-1.64571999413857,-2.05999201151332,0.680567277211692,-1.64150411859109,-2.22462043487439,-5.08822863192331,-4.82379713150221,-4.45071276734729,-4.43845289447401,0.595321076566559,-1.73427039065802,-1.87840294096692
161,posminusneg_noCloseResponse,0.618999099892299,-1.20459399893058,-2.8101030795222,0.577149357329508,-1.23021340134064,-1.77203710152197,0.557455860773879,-1.13563077161216,-2.06804256071762,-5.57091100665017,-5.50377056089181,-4.33956256553019,-4.34472558799411,0.643365633780221,-1.25514743720193,-1.83821174232066
162,posminusneg_noCloseResponse,0.625708343780301,-1.75208352715067,-2.43355347262179,0.647472258917758,-1.90514719144761,-2.19598171634588,0.6422874316435,-1.84553707668445,-2.19437177418225,-5.60550605762066,-5.52857063643007,-4.28891891634732,-4.3582881845609,0.628375141360836,-1.81996545961927,-2.20545186875795
163,posminusneg_noCloseResponse,0.581684394707209,-1.72687859348277,-2.66470957610829,0.571177457046438,-1.56958013403937,-3.08558145163881,0.57102006262115,-1.73349189570747,-2.72339806784123,-5.33923464258298,-5.30163345676131,-4.2874579618245,-4.23685641510609,0.514199062717848,-1.63422381944416,-2.75682791786615
164,posminusneg_noCloseResponse,0.524748283528256,-1.8983415272845,-2.87474037309113,0.528926381356804,-1.70914898277327,-4.26785463646111,0.531167774926266,-1.74210147529287,-4.31440488134149,-4.81138722908939,-4.80087640631588,-3.8349012234563,-3.58534575322598,0.529879925133468,-1.72682188911973,-4.29816907416479
165,posminusneg_noCloseResponse,0.542697511472356,-1.31663141222683,-2.75286974867933,0.395952825455112,-1.68256593250186,-1.78879915363351,0.475854018119291,-1.50216395828078,-2.70002427349196,-4.97062468925906,-4.92866388294442,-4.39941625777921,-4.27640098580582,0.400394842498823,-1.68147585883262,-1.86007857192061
166,posminusneg_noCloseResponse,0.588181811443727,-1.6100253860759,-3.62975119814592,0.583905965969519,-1.51395595275155,-3.01222103365469,0.572475299793388,-1.48052384100008,-3.20122529217217,-4.95938927319,-5.00102095500982,-4.17937822118153,-4.15435722572574,0.591498509031775,-1.58422884090745,-2.98453292239682
167,posminusneg_noCloseResponse,0.71599568512656,-1.64465638950896,-3.55388445063927,0.727986409929149,-1.57818356542715,-4.22488873971332,0.728384547909965,-1.61151582745194,-4.13764085862679,-4.89664761146045,-4.84050436838238,-4.15176120681313,-4.01579605500233,0.732515822549879,-1.51766840332302,-4.39000260257127
168,posminusneg_noCloseResponse,0.550132289195339,-1.5915096840194,-1.83595415860619,0.616081775696155,-2.10016148962136,-1.48386734039044,0.540530411513244,-1.77502618400936,-1.74312137709217,-5.69392558548848,-5.50124475653154,-2.87307445203123,-3.3901690570725,0.543561352296759,-1.67838027434399,-1.47923685834761
169,posminusneg_noCloseResponse,0.612635825559401,-2.30189908776146,-3.17859497523071,0.611225360178795,-2.32578397543049,-3.06443308965387,0.608460395355136,-2.35749119100576,-3.09633880248715,-3.70138768103844,-3.66623204712547,-4.59102016286657,-4.5717495452448,0.630646412056722,-2.24542638195921,-2.69587774616316
170,posminusneg_noCloseResponse,0.574771568228584,-1.79523653436894,-2.49694858122494,0.593872267280579,-1.7824529302421,-2.31133597377667,0.585752604054186,-1.79195087676567,-2.30610393633071,-5.23274957623566,-5.19268422270376,-4.49567327807106,-4.44332707834433,0.630928728195888,-1.75146342186488,-2.25559486378325
171,posminusneg_noCloseResponse,0.42414047587549,-1.61222690210373,-3.11158628034744,0.393985074340086,-1.59997865984788,-4.63966026150111,0.3946412031904,-1.53745705537244,-4.60101379320464,-5.23481116078358,-5.21989603983018,-2.53643170190406,-2.87145111154594,0.394483165817594,-1.69935696698441,-4.67456390288392
172,posminusneg_noCloseResponse,0.608316834851292,-1.85867017492707,-4.22292711901791,0.605559013125908,-1.92704611206553,-4.74331128473882,0.605144511278078,-1.89750680339173,-4.72193416953113,-5.33879366948307,-5.29911899117886,-4.52513763190993,-4.48452967527383,0.605761108871737,-1.91192098992394,-4.74192987284254
173,posminusneg_noCloseResponse,0.527743500311339,-1.42330702135796,-2.1989779938401,0.564164680852531,-1.16413650872496,-3.37083522856209,0.574463732742201,-1.17129394991989,-3.4102998360865,-5.20629786656873,-5.23433397094761,-4.52193099089018,-4.47873569690219,0.548889360557273,-1.19454019699027,-3.05858557366633
174,posminusneg_noCloseResponse,0.626833522986384,-1.47230278321456,-3.50368518756988,0.626039973401991,-1.42363695334192,-4.07664032303188,0.621065921277867,-1.4560680797721,-4.05703213374593,-5.17623080184477,-5.1575796581775,-4.56522169005012,-4.54374230147315,0.65187441269035,-1.44639282261727,-3.63900685763775
175,posminusneg_noCloseResponse,0.479175233554166,-0.817063207982991,-3.97984245462032,0.490853019260532,-0.778693769828061,-4.40025833217721,0.479461586713877,-0.659462781755378,-4.2903240778476,-5.18492398948765,-5.13277560626873,-3.40358811709611,-3.45263745469099,0.502651760330989,-0.698484637070853,-4.31399710428264
176,posminusneg_noCloseResponse,0.655872041966523,-1.77726401100447,-3.05012255070146,0.671054876736026,-1.66889100429487,-2.97668076729018,0.68436998099356,-1.70348408590114,-2.57989201624681,-3.12346425249461,-3.77750343671392,-4.30543949735771,-4.30401034315177,0.67605207152263,-1.67289728702301,-3.34611853025364
177,posminusneg_noCloseResponse,0.626989793481928,-2.06607755523577,-2.50508891030627,0.649474891843187,-2.32658882364657,-2.03325961385762,0.633477440005411,-2.35482573895646,-2.00837936153479,-5.83496038862658,-5.82058742346609,-4.44514791494356,-4.39292917040913,0.639424673957916,-2.27052584335411,-2.07075135824668
178,posminusneg_noCloseResponse,0.686559741965419,-1.64631587265143,-2.65367034799212,0.675010312742591,-1.24715786815409,-2.80373924857036,0.68791217531121,-1.4201824822905,-2.27607668658811,-5.55329450536567,-5.66114745476944,-4.23349998127575,-4.14290330803198,0.688306651171039,-1.20874594455473,-2.96892858456273
179,posminusneg_noCloseResponse,0.633858901835837,-1.93127907899139,-3.02781491918881,0.670672796723025,-2.0402003901014,-2.96727739149444,0.670083234206678,-2.00687044502271,-2.90481327434083,-3.85552240452539,-3.79369110393806,-4.47580191023619,-4.49447576710649,0.671247958436195,-2.09435901205089,-3.00439452088537
180,posminusneg_noCloseResponse,0.575498298990468,-1.44647754059958,-2.54932594081393,0.5070474263016,-1.49174078568714,-3.31210825215948,0.513413373823208,-1.45181891442102,-3.41649435379308,-5.23771056525567,-5.22397241498636,-4.4078112151139,-4.41498127783126,0.494413816002563,-1.59371793372348,-2.95098308361909
181,posminusneg_noCloseResponse,0.492388089727312,-1.56571715655659,-2.75371182868233,0.541297713590717,-1.38062662313365,-3.35242208033357,0.542338334539836,-1.36460378747621,-3.24576624096411,-4.71545305170177,-4.82038424837085,-4.22952582644374,-4.22310279465199,0.533053546560743,-1.391001733577,-3.44746406557412
182,posminusneg_noCloseResponse,0.58949116125791,-1.12481831073918,-3.98869615186815,0.605615230990241,-1.10764919153041,-4.67650474094405,0.607692344601212,-1.10420042962462,-4.62695320777816,-5.21925864175522,-5.15467733563784,-4.30071279361452,-4.21275672409697,0.604800704908286,-1.12891894521007,-4.69012067901033
183,posminusneg_noCloseResponse,0.503646981761281,-1.55147584303307,-3.64847694800972,0.498887314050014,-1.24972881915993,-4.10788931192589,0.500437278867886,-1.17249400730924,-4.10540616715449,-4.94736195202999,-4.94920043328817,-3.52346886335785,-3.6677465287635,0.497384801542177,-1.2786482691097,-4.12422824758457
184,posminusneg_noCloseResponse,0.535271908862669,-1.6667125006268,-4.61266303770721,0.535522728524666,-1.66144597457643,-4.72087463092567,0.534678076114523,-1.57632558482096,-4.69263770900533,-5.31139013327485,-5.27093463113323,-1.79777736403585,-1.81933212190817,0.535714450004249,-1.74490660314077,-4.73609838743746
185,posminusneg_noCloseResponse,0.589790499701666,-0.516402319293078,-4.08790530730982,0.593191012317862,-0.401559076315269,-4.33248081709581,0.598025170509206,-0.356017439533583,-4.27090255811175,-5.18329371837133,-5.14084575601581,-4.02312770137905,-3.9127661349075,0.598430192094635,-0.474275141889971,-4.42115613729666
186,posminusneg_noCloseResponse,0.640175435378107,-0.938582359148869,-3.72897065792146,0.65028204173835,-0.978871707307913,-4.25007212765206,0.660762874554416,-1.02417121308182,-4.47249176501651,-4.78802592617069,-5.02164147459472,-4.47670392424628,-4.48941675391087,0.635468562516011,-0.936468465933273,-3.80823546584554
187,posminusneg_noCloseResponse,0.750098619422031,-1.02776436809112,-2.44454947674104,0.779401903362499,-0.768090634294426,-4.39019985772384,0.778189339190279,-0.788304593585985,-4.33097297263723,-5.08978515973053,-5.06401318012416,-4.45067364170338,-4.34791246923073,0.768825508520864,-0.725062688655644,-4.29838332302549
188,posminusneg_noCloseResponse,0.535429825062057,-1.12029280614631,-4.30790776339388,0.541708453996627,-1.00557022517969,-4.40733521144696,0.543385184877916,-0.98232584552573,-4.36258507439248,-5.18850861200847,-5.17983753108201,-4.21556087621456,-4.24907476361318,0.537185588390823,-1.05929946852263,-4.50178843101297
189,posminusneg_noCloseResponse,0.569736755034351,-1.97475849447689,-3.34226026146594,0.605102245694099,-2.32591441074563,-3.1659839021387,0.590756631968735,-2.40158750549084,-3.19468647638453,-1.18772287936752,-1.74395080765091,-3.42244759207588,-2.87522480461045,0.605135465464827,-2.34133334676606,-3.43431813283189
190,posminusneg_noCloseResponse,0.610321992973706,-1.75742344864274,-2.59873208391704,0.599549197057197,-1.84858418035716,-1.65211151810224,0.565197799715825,-1.74091525008497,-1.61131512062814,-5.39113965929478,-5.33806045768023,-3.998382218555,-3.95289843609797,0.616838503558669,-1.87627136676569,-1.80410552377147
191,posminusneg_noCloseResponse,0.561371501659741,-1.43953084674072,-1.67995189952314,0.497720144070884,-1.49701659455817,-1.12974371594936,0.454504397165029,-1.36464677788972,-1.3448094335175,-5.6374536351448,-5.50511596523813,-4.01237388077915,-3.93234859446301,0.502382699366176,-1.46517387812601,-1.17247642012783
192,posminusneg_noCloseResponse,0.533260332479192,-1.49375137609278,-4.02162872379856,0.521680324910308,-1.29296103311566,-3.54377506338432,0.527423646992509,-1.34742985147384,-3.6121234321815,-5.03017665281372,-5.03102835418962,-3.26083628115246,-3.18603034748517,0.553035208229794,-1.16568990790363,-3.7484672873904
193,posminusneg_noCloseResponse,0.633605137182583,-2.18028823471984,-3.66453224297693,0.670359247576481,-2.0394809070106,-4.7018551227789,0.670561856442944,-2.0762506516004,-4.7075564023935,-5.29298172465894,-5.27919588608632,-4.53894650638108,-4.48658420740942,0.671315244802871,-2.0650475212883,-4.74323626009372
194,posminusneg_noCloseResponse,0.542282335451546,-1.45437392703426,-4.2105607119058,0.531708742253067,-1.39100113770201,-4.0621392282701,0.535207989974892,-1.55434832224109,-3.80976311303876,-4.89113335306872,-4.70474820575738,-4.05642163007797,-3.73383175583228,0.535383046384755,-1.39645712131973,-4.3075872998775
195,posminusneg_noCloseResponse,0.535666429343896,-1.63267006811584,-4.3856929687828,0.534299305787495,-1.61646480798407,-4.58098256614394,0.533755911084447,-1.59493309306841,-4.5491303603159,-5.15900104679024,-5.14233841931951,-4.4370690799839,-4.42871146409285,0.535273792819325,-1.66305454380519,-4.61557225921319
196,posminusneg_noCloseResponse,0.774622469331462,-1.46910565027509,-3.57837346845111,0.826617112972207,-1.31840251826827,-4.5625470059504,0.822345000117477,-1.4411614933155,-4.44221870126908,-5.22951240739045,-5.20656347593615,-4.06982711631009,-4.21879572838374,0.826010767049563,-1.37003563313369,-4.61642038196017
197,posminusneg_noCloseResponse,0.641095008824202,-1.09760070020753,-3.41496943994875,0.615131582736323,-0.951763971608162,-4.32839639654313,0.615384861429211,-0.931257319796054,-4.32289581969436,-5.19885881156881,-5.17684974025831,-4.54761788803328,-4.52672454271473,0.622605464155674,-1.0068302224067,-4.17255486885939
198,posminusneg_noCloseResponse,0.378943279246307,-1.43183279181401,-3.13099904403112,0.329621988104863,-1.45719645864586,-3.85995290493579,0.326360088104711,-1.47928743662605,-3.41407219849551,-0.891519236231086,-1.58125979767802,-4.08761810504298,-3.73893263386336,0.330599652360802,-1.49814150994673,-4.08111957652766
199,posminusneg_noCloseResponse,0.508102874555897,-1.54073162152904,-2.22402599097056,0.493661489731065,-1.18409148840178,-2.25044805326303,0.509583181252397,-1.20722629937082,-2.21164694991045,-5.1624667190117,-4.85126983673523,-3.45568259283482,-3.33172128734999,0.49579847400606,-1.2765862306809,-2.29240437289536
200,posminusneg_noCloseResponse,0.691177536248758,-1.89368421792963,-3.07820434711316,0.68635307529954,-2.18769828932453,-2.46049224411623,0.700521447319163,-2.04897334778121,-3.09086387497126,-5.37867482424689,-5.33761532252031,-4.32837147157933,-4.28914566053397,0.673766248600265,-2.25389229468924,-2.16958090559366
201,posminusneg_noCloseResponse,0.619367998921745,-0.74493989392785,-3.31770688009328,0.595356409693194,-0.452207488325248,-4.22563539522637,0.602413942220239,-0.46531286441997,-4.1383388165316,-5.24343957549143,-5.21532192718827,-4.61347074381873,-4.58597590453649,0.613323961008909,-0.439844737402047,-4.32068121710073
202,posminusneg_noCloseResponse,0.667981101643778,-1.74526819511709,-4.12730233702601,0.680576134840781,-1.52392578747524,-4.09621351515303,0.675866990173177,-1.48054739483053,-4.10459733219821,-5.33330854367908,-5.29408412535795,-4.38140516645126,-4.39191109455246,0.688547212702165,-1.58408141586848,-3.79826657299007
203,posminusneg_noCloseResponse,0.790728290470264,-1.64352961988697,-3.68987120084609,0.783741403256532,-1.43442113961632,-4.54881764393773,0.784928623740473,-1.42286106924849,-4.40223258032439,-5.28124628868792,-5.28591911183706,-4.47361870238577,-4.48647604518732,0.783522491223652,-1.48285803573741,-4.57319686900558
204,posminusneg_noCloseResponse,0.46015080061394,-1.4940196881434,-3.25690191968881,0.459902086278219,-1.51559993820352,-3.26264484641712,0.457390455853776,-1.45330554066187,-3.10248276193801,-3.35650362936822,-3.55411430761819,-3.94407285826047,-4.00738647849582,0.459506186475975,-1.42282303985866,-3.33602738187775
205,posminusneg_noCloseResponse,0.505744761720876,-1.77931820790397,-3.56846208766402,0.471402835297358,-1.7554784165291,-4.35763959454782,0.467937626180616,-2.04056248991411,-4.46538714598635,-4.9588228975582,-4.98811769244815,-1.75860211533033,-1.58929150561936,0.486193268660166,-1.57106540399158,-3.88540742324291
206,posminusneg_noCloseResponse,0.676597244359434,-1.88055245852183,-2.94944433767021,0.670033399479932,-1.81363767763172,-4.40830418903585,0.670332465326481,-1.81523580357822,-4.42300231867053,-5.16264336251071,-5.16264336251071,-3.87315897830744,-3.87315897830744,0.669783589109387,-1.812201332605,-4.3979040489815
207,posminusneg_noCloseResponse,0.585539899060065,-1.57039869717487,-3.94641529621245,0.605251218199895,-1.88601631630206,-4.58573493196657,0.60290476208358,-1.61576397298817,-4.47669728287311,-4.9970655511029,-4.8028177424413,-2.04387961700952,-2.62012953770508,0.605472893648178,-1.97957101364248,-4.63327200005034
208,posminusneg_noCloseResponse,0.685146220517035,-1.02796374547583,-3.75405020700083,0.683784418542179,-1.01285401274914,-4.3515569166171,0.678100789159933,-1.05481724874302,-4.50118596830283,-5.10074103284469,-5.17088186079085,-4.49650448613932,-4.50989457208719,0.681319676372711,-1.04708637828419,-4.39259075395013
209,posminusneg_noCloseResponse,0.434772139178231,-1.10104156201557,-3.83093016432787,0.460610493195516,-0.951789357554047,-4.56902542310456,0.457900616883301,-0.963347576758632,-4.50707787998618,-5.20641741342025,-5.17380023500878,-4.54776581187234,-4.47833885400524,0.464154312840106,-0.969148075657223,-4.6261383923356
210,posminusneg_noCloseResponse,0.689533356411749,-1.6797331124894,-2.60352236692495,0.736809562796026,-1.92919122070475,-2.87512473805484,0.738042709054979,-1.98268443272284,-2.49020251711068,-1.86253891268305,-2.27687488643625,-3.43011216807223,-3.17180328669452,0.74561557493341,-1.8575522111276,-2.97004396430596
211,posminusneg_noCloseResponse,0.524327135637259,-1.57319390564872,-4.19664398017893,0.535719632853814,-1.44261446020478,-4.71985253966062,0.53517180423429,-1.39377432608757,-4.68962824076853,-5.32061646480787,-5.2814876640881,-4.38361117976591,-4.44942756208077,0.53550332621278,-1.46227795043699,-4.72753791590882
212,posminusneg_noCloseResponse,0.534529762003365,-1.65611121100276,-3.86189878296523,0.535492441616658,-1.57751578456866,-4.56512759663211,0.535865097164371,-1.54283249987374,-4.51911405702994,-5.2886828341545,-5.27930433887922,-3.94330623111977,-3.98929941952596,0.535610923111647,-1.69238813096779,-4.57517460165027
213,posminusneg_noCloseResponse,0.455726379714711,-1.71076932044653,-3.29544431233458,0.47088893609653,-1.52773574777598,-2.91053596262353,0.475685955049893,-1.56214623565373,-2.8638786487893,-4.10840579501512,-4.14685035230396,-4.37170733430958,-4.35554813962638,0.498538928548122,-1.50277067562513,-2.76096583435805
214,posminusneg_noCloseResponse,0.544984401175581,-1.53060605004364,-2.01340687008975,0.525935397790455,-1.68514620823802,-1.89631622484004,0.546515309233427,-1.6403510874617,-1.92751243558493,-5.50271320698729,-5.46410499426612,-4.26133537430791,-4.28679355673152,0.478175711939264,-1.68722298365915,-1.77052929033272
215,posminusneg_noCloseResponse,0.531686717384022,-1.89819968078509,-2.84250354996572,0.549787291786234,-1.86304098676066,-2.03560305621825,0.547743698042659,-1.84313198297226,-1.93286009169699,-5.28828753316888,-5.46698276121589,-4.29388803168066,-4.25719044689537,0.536136953822759,-1.8536566110833,-2.14511090440968
216,posminusneg_noCloseResponse,0.618714461255693,-1.87797680255775,-3.52232156283558,0.602947909695314,-1.74669792244016,-3.78826443504761,0.597065831453019,-1.66582804007198,-3.71219445530032,-4.00209373961665,-4.10951486538839,-3.43977745865429,-3.54305609036477,0.605307226834156,-2.02636817984607,-3.94048769949946
217,posminusneg_noCloseResponse,0.571562560216823,-1.43074755313203,-3.51047328307596,0.574291341980466,-1.24644642750998,-3.68174438828418,0.582460003017476,-1.20677063174837,-3.92246074933884,-4.77343444165458,-4.92431485674823,-4.38994585014128,-4.39691365656656,0.59427645624814,-1.21339274273096,-3.89942590603601
218,posminusneg_noCloseResponse,0.586708685595152,-1.90553876340441,-2.92084022658977,0.548660169602584,-1.928311878396,-2.89344464458267,0.537931627661803,-1.97910742322012,-2.92281481814555,-3.80706604552207,-3.78047115413582,-4.52007577010405,-4.45195864781207,0.577498922243334,-1.94472529179451,-2.58388292152182
219,posminusneg_noCloseResponse,0.507795498015903,-1.51439723425611,-3.18681078868463,0.499397860337782,-1.40377602790609,-3.02253126670764,0.495047393097049,-1.35012263038946,-3.35311048449944,-3.96730013301021,-4.07927331316911,-4.0771416290018,-3.93914414346533,0.536471092584554,-1.42096794581463,-3.27606055623013
220,posminusneg_noCloseResponse,0.540913654544739,-1.44533522689673,-4.54971129343079,0.535725600481218,-1.39038644806461,-4.71031101428267,0.535610434087718,-1.38122506859754,-4.69882756146084,-5.28203832345939,-5.2580108113567,-3.76625599725401,-3.7863378223706,0.53578490691814,-1.44405459253554,-4.71765489926985
221,posminusneg_noCloseResponse,0.654036071187945,-2.10453354473662,-3.1119975226957,0.668025623912352,-2.05097020882193,-2.68930588068757,0.655959469528754,-1.9937487568995,-2.92932835036058,-4.6314708228867,-4.81823736419781,-4.30965822570684,-4.32496495945164,0.671540569954762,-2.11143012348857,-2.6977747402127
222,posminusneg_noCloseResponse,0.595178531202239,-1.25754529712168,-4.4318252592714,0.605036718319882,-1.16143421660837,-4.57395111562171,0.606338081734,-1.17399293259375,-4.5023687567798,-5.21732800678451,-5.18910720257793,-4.61480199119083,-4.564921104482,0.606711684903069,-1.17457783358987,-4.5948376209223
223,posminusneg_noCloseResponse,0.725940240369651,-1.37900064628126,-4.40328214543835,0.730863809026577,-1.31395113262974,-4.67234415031098,0.73116384435173,-1.33970612028153,-4.64875385587024,-5.14676772519146,-5.1227388146155,-4.40833725562045,-4.28209832627529,0.73073188386273,-1.33797746065119,-4.6830005861889
224,posminusneg_noCloseResponse,0.667180177649827,-1.77780262504422,-4.57802102872122,0.67036093591521,-1.71118846532593,-4.6673017831675,0.67032973346089,-1.72201308650335,-4.65067386120371,-5.30895062769219,-5.28369706410403,-4.52326669161665,-4.46408138033387,0.671823839598238,-1.7040269202532,-4.70811492158715
225,posminusneg_noCloseResponse,0.571190867524133,-1.30466903884066,-3.53868465511563,0.553386609632384,-1.28532876503322,-4.13478086256571,0.57116749547426,-1.1451492154086,-4.24620809081355,-5.03203010721259,-5.07170190379088,-3.24029060144596,-3.72431688282858,0.541946557207165,-1.39111384574981,-4.08572824337643
226,posminusneg_noCloseResponse,0.598173882797818,-1.02322049253119,-3.97959355159765,0.603793567069627,-0.970953422380982,-4.67061905595295,0.604364440833953,-0.95137929716551,-4.67191241882889,-5.26996995018529,-5.25974783927389,-4.35118498988165,-4.39514116037159,0.59877267043873,-0.896270348504654,-4.56297588814945
227,posminusneg_noCloseResponse,0.395833174001459,-2.34826292424968,-4.60728955216861,0.394332252263954,-2.10203819677425,-4.73478195880111,0.393861753815784,-2.09289855353559,-4.71290656584501,-5.32417070514449,-5.28426738618505,-4.4493096483328,-4.392811562409,0.394200348495568,-2.08540292181836,-4.73762991738894
228,posminusneg_noCloseResponse,0.594839220862826,-1.74426754909306,-4.03551473955254,0.605372404626867,-1.77927130728057,-4.72441600020503,0.605187951015929,-1.76227150332592,-4.71158209640023,-5.31487857429171,-5.29153995038901,-4.4962544917179,-4.48236568477895,0.605416037107771,-1.79248590742534,-4.7288569873556
229,posminusneg_noCloseResponse,0.581001237212718,-1.4681541851899,-2.26449218556596,0.612741061104592,-1.54046668600738,-2.39388378033637,0.581059421397508,-1.48160136055299,-2.84597134994655,-5.64469597606829,-5.52812809393041,-4.5471475719719,-4.53087444277929,0.683023252619711,-1.56265619159009,-1.8729375154569
230,posminusneg_noCloseResponse,0.599636890417643,-2.33502781382934,-4.40448700724758,0.604825785234635,-2.56033894122738,-4.61607477395949,0.60529118386007,-2.38965323347352,-4.58291781864672,-5.01191764302209,-4.92204117626079,-1.62278001739359,-1.72853874821818,0.60205222209718,-2.10808439412276,-4.49352429520011
231,posminusneg_noCloseResponse,0.726623124155855,-1.09326495626268,-2.28386865218873,0.78101541293835,-1.04606292325536,-1.87048959437212,0.77352330098662,-1.13709586533445,-1.90864475861054,-4.46800437004933,-4.33764384421451,-3.8299821033942,-3.54202290960814,0.786016221433103,-0.984815575428398,-2.0875887560303
232,posminusneg_noCloseResponse,0.474871553217858,-1.91135607598234,-4.41660257141832,0.467286619780478,-1.91506485670262,-4.55658653908201,0.467406929566122,-1.91529696109492,-4.53375446369361,-5.20919001558592,-5.18977806208553,-4.60170299347585,-4.57341037376366,0.469696189588741,-1.90008422230618,-4.5206525379935
233,posminusneg_noCloseResponse,0.491833675663751,-1.70301839243266,-3.45585082878865,0.523024971826482,-1.47827946341433,-4.27764619019866,0.517340078059567,-1.49432853682653,-4.31046880900675,-5.22674832981885,-5.20553009920711,-4.56694214019681,-4.51028969844452,0.52598411031941,-1.48495796766895,-4.36162662338626
234,posminusneg_noCloseResponse,0.690163392194801,-1.49718154915115,-3.2769991655124,0.730975974965651,-1.26898600460318,-4.58642628654558,0.731968520581892,-1.25319777163057,-4.54350680128703,-5.2570455149484,-5.23502038665854,-4.56286557093186,-4.54800006003742,0.727639693259963,-1.23199663863351,-4.57589278566566
235,posminusneg_noCloseResponse,0.616875596086037,-1.66143232553742,-3.1659244674847,0.601832216476591,-1.75409101410526,-3.0850526995898,0.605570065716072,-1.79454608984999,-3.04952877811131,-3.6108840480235,-3.67129321233698,-4.38937623175439,-4.2680420651803,0.609171737138646,-1.73358756880865,-3.13262626971261
236,posminusneg_noCloseResponse,0.665671057519205,-1.94584315774998,-4.47759303251374,0.671245371820967,-2.14133059512413,-4.70311985990865,0.671271224591233,-2.11099842459742,-4.69578045517053,-5.20147322653848,-5.19682885240506,-3.88633868921284,-3.95201135614789,0.671214039928384,-2.08070642217307,-4.70980270916056
237,posminusneg_noCloseResponse,0.574019952218405,-2.02810249195086,-1.77334906055628,0.521448741463309,-2.15186728289521,-1.46815684509308,0.504767482285571,-2.18249265560142,-1.40952030682038,-5.55504680475662,-5.60729077245701,-4.27195802455879,-4.20510488184054,0.53865529751464,-2.14810081331133,-1.56159345803877
238,posminusneg_noCloseResponse,0.601826122826579,-2.08521257312679,-4.62122304084199,0.605229662138161,-1.98637065680624,-4.73089109536056,0.605351062979508,-2.00671775462457,-4.73038893907373,-5.32454371896909,-5.30842423521845,-4.61489421071659,-4.56969687574292,0.605337963899505,-1.98263619258742,-4.73980996442828
239,posminusneg_noCloseResponse,0.639722113813362,-1.68393486798519,-3.2149870956109,0.623821022437775,-1.54653923439455,-4.03927545659906,0.619518414229029,-1.53555428582358,-4.05536437653093,-4.92755319116446,-4.87114824064631,-4.54300227375545,-4.52461525686798,0.621908300663699,-1.55724873810832,-4.03067833451847
240,posminusneg_noCloseResponse,0.682764109250295,-1.00423571238758,-3.56294067644091,0.722605597681633,-1.1145882089858,-4.45154018408132,0.724849239979531,-1.14735715094346,-4.45684677013643,-5.09328711689183,-5.10403831230494,-4.09805068718326,-4.20195309279093,0.705327199293011,-0.839812120936108,-4.06028014325237
241,posminusneg_noCloseResponse,0.639881996377138,-1.01707727392545,-2.96093009885606,0.618270533931108,-1.0087469148267,-4.00009279615159,0.623784351326831,-0.978061430065399,-3.82414085802747,-4.99829973324154,-5.02025529267567,-4.00349551046961,-4.07965593050732,0.608331599556788,-1.03986113466645,-4.13333145045538
242,posminusneg_noCloseResponse,0.540508447898295,-2.00659343052658,-3.52944788710575,0.534854908375871,-2.15269331011986,-3.63160430286551,0.535373792228143,-2.17757825622906,-3.59813222228175,-3.78622806213595,-3.734228597017,-4.48750412686502,-4.4379426947824,0.535568772613951,-2.17207560817172,-3.63044743606877
243,posminusneg_noCloseResponse,0.684186582457927,-2.05441431841206,-2.47086018024289,0.673866679587233,-2.16291694682359,-2.07001780192796,0.687278106977741,-2.14483505531447,-2.07617702723528,-5.81112257536879,-5.74326895821663,-4.46074029337583,-4.41717937242274,0.671311259431948,-2.2015766014952,-2.08455444817961
244,posminusneg_noCloseResponse,0.693882310062414,-1.35305572781224,-3.10930987611324,0.62794157402989,-1.34846277889079,-2.52535293095085,0.621869943223514,-1.38318895048657,-2.48478345673114,-4.92856479831231,-5.11492341316414,-4.23403037951438,-4.1658558532078,0.63123295358738,-1.39242611897555,-2.55121964353283
245,posminusneg_noCloseResponse,0.534360120883721,-1.75458155701662,-4.53665073887199,0.535065777358106,-1.43632610667964,-4.70122417168515,0.534465033441757,-1.41255541728895,-4.63944101344506,-5.27393638651275,-5.17760905790987,-3.39546028162271,-3.239099216533,0.534962222494509,-1.49168340062196,-4.71062372823079
246,posminusneg_noCloseResponse,0.679861538343498,-1.83432006327132,-3.2940148684058,0.668854797828903,-1.73203411905669,-2.95269062066393,0.667327045094137,-1.69665525918726,-2.88861967702485,-3.75719457958225,-3.7232919974992,-4.27320375941902,-4.25029077536909,0.67118615587704,-1.7936727748984,-3.02550360201997
247,posminusneg_noCloseResponse,0.553840186759858,-1.4169760359475,-2.56348749480675,0.592776482258305,-1.2052604023103,-4.49007158815268,0.595424190848866,-1.10960982939667,-4.5208643576727,-5.19058397684337,-5.19353204148332,-2.92639007446385,-3.1839154509556,0.564437302642059,-0.969374682924047,-4.09309380951932
248,posminusneg_noCloseResponse,0.853760888170563,-1.46424984609732,-3.36208595561536,0.830756220220826,-1.33743315440403,-4.58871848849069,0.829632042698713,-1.3785399567714,-4.63238858531084,-5.21967950883699,-5.24038480741631,-4.26472051800637,-4.09269968083331,0.835185643586332,-1.32346770959755,-4.38802848946274
249,posminusneg_noCloseResponse,0.731885061993151,-1.46221376883905,-3.35230787396628,0.736684396934757,-1.16786467250079,-4.54861788018837,0.733742567241887,-1.083762479535,-4.60698197574233,-5.22275763603158,-5.23139762874366,-3.58795159241946,-3.67883239425153,0.744365617248874,-1.27223290407278,-4.34428241343351
250,posminusneg_noCloseResponse,0.674448657393497,-1.4482310890819,-4.21731532636402,0.670777830625907,-1.58165165206121,-4.49538605424994,0.665923140919565,-1.5132122268086,-4.39963748188837,-5.32517869013121,-5.27413907426721,-4.07851065301759,-4.2133642291065,0.670790678082952,-1.6200806173384,-4.52790478873704
251,posminusneg_noCloseResponse,0.536764002047471,-1.35007262162109,-4.53041974763001,0.535685227290924,-1.13527225652733,-4.71052375243274,0.535653503239337,-1.18657398735043,-4.68221142827291,-5.29820875911908,-5.26259765316991,-4.43314682879721,-4.36314924324199,0.535344871642072,-1.1346655062693,-4.72062441602064
252,posminusneg_noCloseResponse,0.522144392950068,-1.88632922618975,-3.35576268760248,0.518160615362255,-1.74203199449357,-4.16634927501786,0.526001002776116,-1.77464078738689,-4.40916498287658,-4.8498313393865,-5.0265173034071,-4.34714105021031,-4.36827736701687,0.516665750961708,-1.75868315694497,-4.14354927248606
253,posminusneg_noCloseResponse,0.58690844908589,-2.01467012006358,-2.91034565808037,0.541500154755875,-2.1412719964942,-2.5828976672314,0.572127749164109,-2.19447118984234,-3.54002566537458,-4.88757065999739,-4.96653249251418,-3.40197543493834,-3.05735267914401,0.503158546136364,-2.13824769043445,-2.23811321648102
254,posminusneg_noCloseResponse,0.560404727958573,-1.73887127483431,-2.81750032679419,0.574792047758443,-1.374871387441,-2.69617380191976,0.575866480113519,-1.431402930136,-2.58104738680637,-5.27648731375877,-5.15907473026909,-4.2895117287585,-4.19582399220094,0.584639290287875,-1.41113634096582,-2.73214007908062
255,posminusneg_noCloseResponse,0.717947841415448,-2.03239213624686,-3.54795168141923,0.679618120066859,-2.06308901670994,-2.95187484334334,0.679318679892729,-2.08637594855361,-2.9974520177889,-3.83535030274485,-3.7954212335968,-4.54010643315887,-4.50514019811387,0.663047786860107,-1.98455021400375,-2.81512535128745
256,posminusneg_noCloseResponse,0.53437134943058,-1.40816567722865,-4.38895324231376,0.535929268332739,-1.44006220734831,-4.7233587145389,0.535808994648143,-1.42523117901232,-4.71021425149223,-5.31688695759884,-5.29032804641411,-4.59168626832988,-4.5624638668651,0.535752337396725,-1.45293637501569,-4.73467203817739
257,posminusneg_noCloseResponse,0.690916628993522,-1.435918346706,-3.40086082827257,0.682772882246501,-0.895837889421064,-3.85116762200613,0.687558802679288,-0.899868370713191,-3.72901767644221,-5.00935828613959,-4.98239593849008,-4.55698232504662,-4.50250401155361,0.68480842286753,-0.91473363850487,-3.84907950021387
258,posminusneg_noCloseResponse,0.594840139217783,-1.95348671345723,-2.33201955051849,0.629128878442917,-2.14890398051869,-2.03451943325815,0.623512454606223,-2.07631060538383,-2.08096962153874,-5.0583624268791,-4.74631306644692,-2.44370029127521,-2.72659545571991,0.665556791516326,-2.00069182589649,-1.89740305846574
259,posminusneg_noCloseResponse,0.674385587013477,-1.07343256777655,-3.92857117701244,0.668283065682925,-0.835381629744215,-3.80250390969288,0.673542017883504,-0.832944113561839,-3.6873009535207,-5.12686678808515,-5.14399900441002,-4.47388977030304,-4.40469321841971,0.670362784958401,-0.842805057097963,-3.97219947584042
260,posminusneg_noCloseResponse,0.536600209289074,-1.20513959444648,-4.1220796738869,0.543077009234178,-1.19315105151559,-4.41084612090585,0.539317455365824,-1.18369888634877,-4.453410775435,-5.25481915280695,-5.2475550497781,-4.36369756953548,-4.36148951152156,0.543110391965906,-1.15330120005597,-4.36707224605283
261,posminusneg_noCloseResponse,0.543189087931306,-1.11760034774555,-4.39643936508843,0.530975142649244,-0.66484283121463,-4.51616580098051,0.53228614257043,-0.678986993593754,-4.50298738661716,-5.1746334741074,-5.14782159725013,-4.04108059857324,-3.99118659354263,0.532758993207105,-0.801092292787576,-4.57569144261826
262,posminusneg_noCloseResponse,0.657486537491517,-2.00192900864072,-3.13635625535848,0.671365635097307,-2.14272393472888,-3.14701171247269,0.670971771727031,-2.08493492306838,-3.0833868248257,-3.61214921219815,-3.61968679915005,-4.31964717306714,-4.39516815425076,0.671061670263919,-2.20372468788141,-3.20163079999538
263,posminusneg_noCloseResponse,0.607821844119679,-1.14206122732163,-3.09495416208012,0.647375910928076,-1.13679150162509,-2.2691491735257,0.672523107332696,-1.12661174093871,-2.34463398705809,-5.13671603467213,-5.12401232482024,-4.25494937370372,-4.23579217195631,0.674863456626069,-1.03876580208841,-2.52955986789661
264,posminusneg_noCloseResponse,0.529931157886989,-1.77467456227709,-4.25526123447557,0.549453723643364,-1.17673923307362,-4.02273820897982,0.550810915600868,-1.40842881790112,-3.9983317369077,-4.48301680568035,-4.54210152326139,-1.84380297973784,-2.56563934020396,0.52839601328267,-1.26619178600913,-4.37583356488499
265,posminusneg_noCloseResponse,0.576727135400086,-1.68092490149519,-3.01666023735666,0.54547224364541,-1.71907454025387,-3.37247522280911,0.562618883984,-1.55784301796653,-3.59937546231992,-4.25642481503496,-4.5088298756253,-3.57236090113646,-3.94931310820002,0.541465940902459,-1.77336172202072,-3.37068423699472
266,posminusneg_noCloseResponse,0.516800643539426,-1.96430468413369,-2.5668246225778,0.491694273847606,-2.09849950546645,-2.03928136976547,0.499480338947299,-2.13329830561804,-2.04451490474125,-5.24773733736824,-5.23847800194793,-3.89747549672601,-3.87861250024875,0.493989206753327,-1.97790702817451,-2.17778858163144
267,posminusneg_noCloseResponse,0.725251790626516,-1.88383041921206,-4.46371580813341,0.731237159873675,-1.84119678793216,-4.70966715809317,0.731291841754885,-1.81639675069381,-4.69036307646388,-5.31691447092715,-5.29005429310865,-4.49770062622207,-4.46373893930729,0.731275060784411,-1.81810022856058,-4.72312290548869
268,posminusneg_noCloseResponse,0.560265279348988,-1.63885619252957,-3.42265507422434,0.595288014746777,-2.19149367785786,-3.55691216477526,0.572963507348324,-1.59733282657534,-3.9571706115695,-4.62289276309575,-4.81598026075146,-1.6883398532292,-2.10540799182713,0.605394757966099,-2.93409456647465,-3.49707813198534
269,posminusneg_noCloseResponse,0.509187630245476,-1.6332469062591,-3.27693457865122,0.432244241067998,-1.70855404660316,-3.41452652118911,0.438701432526398,-1.65316581339091,-3.73451773413845,-4.83045462177425,-4.85993142853389,-3.96122798340616,-3.66285441526788,0.445941169520323,-1.73633274245803,-3.59475117449387
270,posminusneg_noCloseResponse,0.561937791540409,-1.0937951841868,-4.08984477280395,0.593044161827336,-0.982162868812586,-4.61821769282142,0.593156603601325,-0.975093401747079,-4.59755227689977,-5.23030529267564,-5.20282459312202,-4.56140180256843,-4.52128428320802,0.588715896181937,-1.00674695792442,-4.6110178207834
271,posminusneg_noCloseResponse,0.523444767579047,-1.48496841805249,-4.09528231639919,0.531181180313669,-1.47525332792939,-4.5580815011463,0.529750642191403,-1.46625749057377,-4.52958681687557,-5.27028895818535,-5.2346393954473,-4.53510943078053,-4.50330700211901,0.530689654978029,-1.47322001869006,-4.5660296943631
272,posminusneg_noCloseResponse,0.509293834933761,-1.7938240163968,-2.035738689191,0.419500638088466,-1.96532202645606,-1.76487214640489,0.43993258937927,-1.93208306140299,-1.69296963045766,-4.87833625681817,-4.63256064106524,-4.13938133010513,-4.0561051765825,0.466777477788815,-1.9519108287003,-1.74656233277799
273,posminusneg_noCloseResponse,0.480885750257637,-1.69915826779101,-3.72455366857515,0.462492974383168,-1.77823416824428,-2.78923542102735,0.482905763981843,-1.6483734435323,-3.27229889121476,-3.53258357417334,-4.04462953326449,-3.78393645385967,-3.60269730531202,0.470041636169095,-1.71890911718397,-2.91589247099362
274,posminusneg_noCloseResponse,0.689900021148735,-1.54626639395756,-2.7390508329533,0.678976082266102,-1.61205792475136,-2.18008689358895,0.702586357846666,-1.52803112464576,-2.55597179744501,-5.19401723565679,-4.85954837110113,-4.25871961481199,-4.29724425773764,0.686913821772764,-1.65214781990511,-2.14496349275222
275,posminusneg_noCloseResponse,0.585690135914109,-1.75718691830297,-3.85702532321544,0.605464781235558,-1.73217279185803,-4.73388883029935,0.605429559358242,-1.70883249189438,-4.72614673685858,-5.31127615195422,-5.28973440331388,-4.33745225453629,-4.35114269423801,0.605561237348292,-1.80556705353785,-4.74074611345445
276,posminusneg_noCloseResponse,0.635621011255082,-1.12356353053576,-3.94193849719162,0.630024899909986,-1.04388640448025,-4.25652307432405,0.635383772975544,-1.07174701887621,-4.24723082561192,-4.98236661309811,-4.98422660695454,-4.48416704196819,-4.44823711622803,0.632462026649293,-1.05357669720594,-4.30879756477342
277,posminusneg_noCloseResponse,0.566013615797406,-1.05995782851034,-3.25907632743537,0.577685837451177,-0.844175694369862,-4.108891549869,0.588374161809149,-0.841563016540921,-4.31434678048987,-4.93050710712981,-5.04195252761108,-4.28469546525878,-4.23851101828555,0.55280070582902,-0.86441049485657,-3.59887386746467
278,posminusneg_noCloseResponse,0.621030877738888,-1.59149852154732,-2.47991774606733,0.64053231433034,-1.7055807813128,-2.08695751115122,0.627714676220453,-1.65844406846174,-2.06796252667438,-5.60984377825414,-5.55442212391101,-4.3174210877983,-4.35491031104535,0.658296159613199,-1.73912653451088,-2.02767681416054
279,posminusneg_noCloseResponse,0.548433553384598,-1.73336667594861,-4.29874044103339,0.546068555714065,-1.45325500771359,-4.32127039258672,0.544801223213198,-1.45513997582749,-4.31490988734943,-5.16952151002831,-5.15485151277907,-4.28114156859315,-4.23713994393379,0.552053304516113,-1.4454729519834,-4.26441562750464
280,posminusneg_noCloseResponse,0.685841270659996,-1.37274818490967,-1.83312227599299,0.730177280362683,-1.29001665207962,-1.90122152229495,0.701230176402355,-1.34730555862538,-1.84607218165423,-5.65232809378538,-5.61783699350632,-4.43002611735273,-4.38799235178839,0.781765882098559,-1.34737981860431,-1.70581101936706
281,posminusneg_noCloseResponse,0.534471400255817,-1.49797881866989,-4.58303782801776,0.535506241770345,-1.35837984277567,-4.70875489958045,0.534427139352166,-1.35079494289613,-4.67444468804726,-5.30707604173795,-5.26352875229343,-3.85382785760817,-3.70138867255661,0.535930518491014,-1.38298740861312,-4.72558771512842
282,posminusneg_noCloseResponse,0.582442893687361,-1.65506178010958,-3.50172328317234,0.60385568550384,-1.34895151733591,-4.58764181127388,0.602026133479224,-1.53690802959869,-4.54963344735539,-5.00772770639475,-4.93473016577882,-2.54408355291815,-2.36163001725544,0.604669155277736,-1.5006401013074,-4.63761814258485
283,posminusneg_noCloseResponse,0.69536602498558,-1.53712813139501,-3.6730421631646,0.671813887924923,-1.39753447950763,-4.67572391067054,0.670438980846394,-1.45457617073309,-4.64065139551179,-5.28574134233429,-5.26526150211147,-4.54819796060685,-4.45836365950132,0.670279376154249,-1.37637520054593,-4.68901433250218
284,posminusneg_noCloseResponse,0.607706939898912,-1.13061252255091,-4.08636136103273,0.607661597275957,-0.967770391763475,-4.65809932915083,0.606302275376964,-0.967927912017495,-4.66811124080691,-5.251547734133,-5.24555828208465,-4.52918796456861,-4.48513104464952,0.611484213429545,-0.948386358136245,-4.56235857551451
285,posminusneg_noCloseResponse,0.569005526011354,-1.63945867041699,-2.43026343848101,0.530262305212711,-1.38064081368997,-3.09541482750382,0.512992607822185,-1.36571247489542,-3.03113459610307,-5.33694552116633,-5.14486515094692,-4.39675416592688,-4.37263991312503,0.555194766952636,-1.36521691028026,-3.17504868949114
286,posminusneg_noCloseResponse,0.815995797719475,-1.18595651122983,-3.06623223783934,0.741859689780658,-0.783655132297709,-4.21979040449605,0.750944499690757,-0.905216480740985,-3.97438763074399,-5.15951242880834,-4.96433792422045,-4.44827987708024,-4.22399264924276,0.73245872757894,-0.773908741888091,-4.29167852369311
287,posminusneg_noCloseResponse,0.608107601834914,-1.34362400009874,-3.380041816088,0.670577915112773,-1.33259727545733,-4.69330642782967,0.670687916910594,-1.28999728073301,-4.68668700407163,-5.25862042301375,-5.24265322285796,-3.88889957142757,-3.99379302652327,0.670119228711522,-1.30901686842673,-4.68474101201633
288,posminusneg_noCloseResponse,0.631756894033727,-1.14130661186597,-3.80342450986701,0.609837630102813,-0.973995269442781,-4.61285946862396,0.610025620029601,-0.957905771453609,-4.57377568548667,-5.25173529886483,-5.22486831010962,-4.59287601293627,-4.58307801580496,0.608396972366643,-0.998478096173729,-4.64380736485796
289,posminusneg_noCloseResponse,0.534804267131047,-2.03010901823394,-2.99639110242411,0.537752407649347,-1.96996602161637,-1.88137641461329,0.545636166406321,-1.92804697380835,-1.8146284921763,-5.68966846849944,-5.70648503980292,-4.28652615279048,-4.24172977140231,0.536807228953422,-2.08603028362556,-1.93203684998099
290,posminusneg_noCloseResponse,0.530951799835954,-2.00675375281811,-2.19709059060286,0.465009370433457,-2.30517736621566,-2.2002071186313,0.467024149543333,-2.27637567137246,-2.15497328080788,-5.39832421845858,-5.48783752027736,-4.35339018868939,-4.27920200767624,0.462837862001858,-2.30668239275527,-2.2437252954258
291,posminusneg_noCloseResponse,0.553772751990144,-1.81034843818912,-3.24531132571912,0.535292273925857,-1.89144333919124,-4.62845324162421,0.534599941332785,-1.84161902477173,-4.55844558501963,-5.29780010743873,-5.29574077258392,-3.58021217157833,-3.7798430136915,0.533593451286014,-1.72701759411757,-4.64299058060271
292,posminusneg_noCloseResponse,0.532449966990815,-1.29921610487073,-3.11677147200765,0.491318884681106,-1.21583168453212,-2.28314704038133,0.469337482700097,-1.28118234686307,-2.35663598872599,-4.94550644349952,-5.0179505543323,-4.33287498248811,-4.2853348557031,0.493021669790345,-1.09634787200331,-2.56855352158192
293,posminusneg_noCloseResponse,0.622306698563721,-1.23376415763556,-3.71742160202376,0.575755818844588,-1.38065924606578,-2.75078056417401,0.587114776327484,-1.35879332825949,-2.81323744992837,-5.02666254496569,-4.98319650566001,-4.46985755930005,-4.42130299610876,0.587203474829162,-1.37705464418485,-2.85960738415907
294,posminusneg_noCloseResponse,0.618667321046323,-1.63501960705164,-3.82551454400597,0.609291007851439,-1.57846666616526,-4.32534424998038,0.612412861970285,-1.59827374764035,-4.13727007728913,-5.12633688605062,-5.11146104666664,-4.59355397673478,-4.5545451169242,0.612566744485862,-1.58891574144257,-4.25929033068637
295,posminusneg_noCloseResponse,0.664352125300182,-1.05066600150058,-4.3324230119678,0.669013019985978,-0.837983545179652,-4.60224860293686,0.666799354469686,-0.814788613611451,-4.53206109962402,-5.23567926976448,-5.16467632073931,-4.29204297555566,-4.19167563925025,0.669487119838102,-0.86474374197613,-4.63265166459259
296,posminusneg_noCloseResponse,0.557332933358311,-1.95053123528695,-2.48026851160082,0.512996658127217,-1.97412200846447,-2.27861270848979,0.523169466376128,-1.96188896661697,-2.35062297047865,-5.11565594130731,-4.94697332576236,-4.17809477010003,-4.17130679262896,0.533843354281258,-1.99716525120339,-2.36436396028083
297,posminusneg_noCloseResponse,0.525264237864318,-1.75849424617834,-3.37660490459969,0.537100543235626,-1.79131702042415,-3.74433524982661,0.540092290880501,-1.82010019474038,-3.5015346899576,-0.419647384063269,-0.671433337778679,-4.48172263465942,-4.34645467911595,0.545064118124484,-1.7320029460793,-3.63705314292304
298,posminusneg_noCloseResponse,0.532437179768695,-1.95929648832239,-4.58044526519912,0.529099596429009,-1.99009340802343,-4.56163462459343,0.531230139091861,-2.01091253366876,-4.61606115661639,-5.175255408407,-5.20587658701949,-4.6060503954169,-4.59871352643992,0.533855383266017,-1.9849039975872,-4.68559584806393
299,posminusneg_noCloseResponse,0.675606552964653,-1.46057259672243,-2.42687271078111,0.737080847978049,-1.13635962795063,-1.80127274345509,0.740829154303856,-1.24332020230832,-1.72793419645624,-5.28738249571474,-5.08537530641278,-2.35385126431508,-2.60537033670815,0.741400094135049,-1.10432557655257,-1.91098265144129
300,posminusneg_noCloseResponse,0.637069377418191,-1.05464766456467,-3.83976246750406,0.648845437118739,-0.976809469465015,-4.37420398845638,0.65110181795245,-1.04097702914261,-4.31548954346117,-5.0014435010711,-4.95649239776673,-4.06537150777856,-3.86732774470547,0.642303237779249,-0.99534739146073,-4.33701649242829
301,posminusneg_noCloseResponse,0.614295202127412,-1.53773006627822,-2.68420335000357,0.617017805244975,-1.50138721455225,-3.81847295842227,0.607381412936277,-1.56396881653806,-3.81857394012331,-4.89398275565161,-4.89219431429447,-3.47803410173918,-3.37686868854779,0.637467998200819,-1.40883410026737,-3.34245207927355
302,posminusneg_noCloseResponse,0.636583376565681,-2.0127688722619,-2.38581469307438,0.631332654532896,-2.08800158557017,-2.38286081252205,0.633729776791543,-2.14076811528073,-2.3533932508732,-5.8566366675114,-5.85637254603852,-4.31714704339796,-4.35526508765969,0.639770952738356,-2.03601580989796,-2.5169592493245
303,posminusneg_noCloseResponse,0.748717508083624,-1.53201469029316,-3.36710061232389,0.776517514615145,-1.67517325990431,-4.28790676157373,0.768029056906402,-1.51743868439438,-4.2420095198812,-5.20349974378033,-5.15748397715391,-2.37829794104913,-2.90294997139132,0.781674613149331,-1.99851652202774,-4.43969781494653
304,posminusneg_noCloseResponse,0.602211788578273,-1.64125751180437,-4.45252377346219,0.605699683950185,-1.67225419890809,-4.68617721548003,0.605115916646202,-1.62618648622779,-4.65347384031783,-5.24609094109649,-5.21916803882053,-4.26928574476782,-4.32525474300415,0.606506580082625,-1.62936322742651,-4.67441487201945
305,posminusneg_noCloseResponse,0.599910691854271,-1.42395953365222,-4.41468518555391,0.604381410075755,-1.37960309758976,-4.64730433443617,0.602232864059878,-1.35523353217991,-4.58534577534845,-5.29319200202926,-5.24461567568541,-4.53454133791066,-4.53574206998123,0.604011080392195,-1.38814130404386,-4.6552627564015
306,posminusneg_noCloseResponse,0.599255640639144,-1.89816328644389,-4.4714743724554,0.602204561463577,-1.73393315736541,-4.51875097256589,0.600161587613537,-1.82169550678245,-4.49075221053736,-5.04656968410297,-5.00476525855979,-3.7025624735404,-4.02927146138981,0.604813520881709,-1.80589478951591,-4.6724263662153
307,posminusneg_noCloseResponse,0.635319246920583,-1.38572562640441,-3.60744120007344,0.605787226130366,-1.34813032555113,-4.71872036798812,0.605803457602442,-1.33483519252588,-4.70077101760791,-5.30842541313461,-5.27881932781813,-4.59295703934452,-4.56629827045105,0.606015165729543,-1.35300038120304,-4.72166138113695
308,posminusneg_noCloseResponse,0.529384910822288,-1.65119414005493,-3.56662925594394,0.528529900093784,-1.76939139563001,-3.33119902626202,0.530900548877245,-1.81370079210893,-3.22575234629166,-4.34524584620275,-4.46572924445765,-3.35919612808711,-3.37038881650069,0.53615870919493,-1.77769064710199,-3.65667513069533
309,posminusneg_noCloseResponse,0.565913156278573,-1.91467346480811,-2.92734712231193,0.546935611823964,-1.88513905975918,-3.12178812710967,0.563140220975055,-1.80545046998387,-3.50245482713836,-4.16625932785744,-4.45158044340261,-4.51027111856533,-4.50082841655528,0.539081400983596,-1.93767395715486,-2.94848758788364
310,posminusneg_noCloseResponse,0.813751055941402,-1.2972410796425,-1.58272383055486,0.808929023150898,-1.1058790191156,-1.99988966458983,0.804364753897661,-1.13663108075835,-1.87927629998343,-5.0175071194887,-5.10141804814708,-4.19508952333102,-4.11150194356866,0.849127275136591,-1.14231219891765,-1.80291090817938
311,posminusneg_noCloseResponse,0.725150674603826,-1.50388595513501,-3.15528006288373,0.77538912463409,-1.08269098078026,-4.07137488985455,0.774367545303288,-1.11861475033503,-4.09737127268091,-5.10055810357804,-5.11074440950681,-4.45586202534907,-4.44074078119197,0.793143100163997,-1.05126911824729,-4.19707768440546
312,posminusneg_noCloseResponse,0.644330460726613,-1.2970063827068,-3.94394609366241,0.619153581277323,-0.838800194659152,-4.45676957439812,0.626900496831745,-0.872293334113086,-4.32095306566075,-5.17130843686535,-5.09693799441607,-4.52087001395711,-4.52106450385509,0.63607157657385,-0.829641235348941,-4.41917699394717
313,posminusneg_noCloseResponse,0.794089457998812,-1.22530911013985,-2.69258249742099,0.8354529106164,-1.35891706728312,-2.10892009759513,0.832488981654059,-1.2480005452944,-2.42022878592477,-4.63327305305924,-4.73106808107015,-4.15322846041695,-4.1765184854859,0.84621488596301,-1.42125997523904,-2.09879112299675
314,posminusneg_noCloseResponse,0.587114664070639,-2.08935671912285,-2.73096262647063,0.603751615416976,-2.13661181069651,-3.61806064306064,0.605488043099841,-2.11849087641015,-3.44053552775835,-2.92149624378736,-3.27280342492785,-3.63347330764204,-3.6058407694473,0.604635638967746,-2.09201851031955,-3.69191470716165
315,posminusneg_noCloseResponse,0.64334068262076,-1.47988327705154,-2.82308596894181,0.598875257873745,-1.34423248902851,-3.46308158541702,0.635567464138413,-1.34710993990463,-4.06202206438262,-4.17450392808524,-4.706395119152,-4.39930321883965,-4.44874767324707,0.482750643803273,-1.46973272205467,-1.88542032789012
316,posminusneg_noCloseResponse,0.571176185129604,-1.16587352237812,-2.66513152476185,0.605131781527352,-0.807855153536113,-3.52212140901904,0.608005743213976,-0.82168779427093,-3.31140689582223,-5.33709682820061,-5.35060907887119,-4.42639975506088,-4.41204969754518,0.598776140201915,-0.790349654718313,-3.7431934675869
317,posminusneg_noCloseResponse,0.600532475746114,-1.54696623654589,-3.75447577947524,0.594048971801013,-1.57363269543631,-3.25591186684381,0.598659588630632,-1.47276367756278,-3.04764998547371,-4.62348893599039,-4.8245553949318,-3.16901015519518,-3.32002156022404,0.589022981837302,-1.52975108798667,-3.32396908248571
318,posminusneg_noCloseResponse,0.733706595495262,-1.31361053343627,-3.28354854475796,0.727008291690884,-1.28624854232298,-2.58212879255171,0.722720926333524,-1.26115255537648,-2.41764956870169,-4.1620340753816,-4.45730781542573,-4.39998355983637,-4.41076435940441,0.730066397701553,-1.3415372349625,-2.74625080348282
319,posminusneg_noCloseResponse,0.614135572903945,-1.02520927429307,-3.81560460480801,0.605965379684164,-0.979543939396554,-4.02581013475645,0.60003132169654,-1.10023676244293,-3.67437360836437,-5.19571612126393,-5.14923421273868,-4.44596486486688,-4.42642022044546,0.599381432516667,-0.948111125075786,-4.38813587745759
320,posminusneg_noCloseResponse,0.611057048495966,-1.89079711578279,-3.68809562112145,0.592463958308289,-1.88255937917634,-2.91259876541391,0.59852074246852,-1.94158804011153,-2.9113665463681,-4.23929917743294,-4.05314778736588,-4.23050061346532,-4.16950250375246,0.607635187232419,-1.88619655674223,-3.08064160463348
321,posminusneg_noCloseResponse,0.604103868138256,-1.03770411534897,-4.0353848732351,0.610168782556675,-0.973249884607513,-4.50704030873754,0.616276859646116,-0.935734841742195,-4.46414966650978,-5.22033137772194,-5.18450567065698,-4.40852483294148,-4.45091728297973,0.604438704200614,-0.997932884532874,-4.50314881838192
322,posminusneg_noCloseResponse,0.641581494321007,-1.35505787548084,-3.1517309781469,0.723921646857281,-1.36630699511494,-3.72836195388323,0.708252012134961,-1.28453654143651,-4.02210793523244,-4.47324668391753,-4.72057935842255,-4.12662324321104,-4.262068929499,0.731355501713998,-1.46675211978136,-3.59466518311469
323,posminusneg_noCloseResponse,0.677930332707943,-1.42211913161588,-3.16007714356043,0.690464869151048,-0.898575795158585,-4.09210114489314,0.669575664676699,-0.987197898526558,-3.80241354971678,-5.22882979891934,-5.2757596039495,-4.52450861575353,-4.4965359287585,0.698921308180553,-0.906365749520977,-3.95132427034918
324,posminusneg_noCloseResponse,0.629912989459027,-1.23260129488741,-3.37294052166337,0.669053499713956,-1.03847962660536,-4.58323515442171,0.671392277239675,-1.02775380348138,-4.5524657680556,-5.26700767293968,-5.24223283106756,-4.55323160727349,-4.53712694602913,0.668999898899955,-1.04991062751311,-4.59330865245729
325,posminusneg_noCloseResponse,0.543177960065626,-1.52171298011552,-4.15556286074915,0.513910862889262,-1.63141179692781,-3.49056933994885,0.517252996707107,-1.56018396919526,-3.65520148228424,-4.98736751571585,-5.00292333175903,-2.29418553450028,-2.46214146938994,0.515091987417209,-1.6631339342929,-3.57163190682589
326,posminusneg_noCloseResponse,0.605889615008404,-1.8043873003927,-2.94613779149685,0.660058029731021,-1.9541411016315,-2.74176532182487,0.662365329212461,-2.07397242548969,-2.85572081730656,-3.97845049286992,-3.97907334297491,-2.86697888922201,-2.77755088502226,0.671613713281977,-2.11604859407217,-2.86070321951986
327,posminusneg_noCloseResponse,0.596170553932195,-1.42089579545497,-2.02101133879097,0.588468360043613,-1.38872287431068,-2.12850792772956,0.575255473377638,-1.28417835853332,-2.54108619931263,-3.35675631322224,-2.86969145348373,-3.42801341804459,-3.16894377875902,0.549951026220325,-1.45854943814928,-2.52977436984727
328,posminusneg_noCloseResponse,0.601295784474062,-1.69797382636935,-4.48969695743865,0.60628577227209,-1.72574989967153,-4.68250121002582,0.605740945359738,-1.72332857735279,-4.66852712089619,-5.30026734900749,-5.29056789271018,-4.51168845866715,-4.50099510505359,0.607459634255981,-1.67965152288709,-4.64957435235323
329,posminusneg_noCloseResponse,0.613188759786151,-1.82152282346909,-2.79835394015596,0.606260348329676,-1.89192075867054,-2.99641704127208,0.607140574907271,-1.86709669753394,-2.91548157737768,-3.67135654911272,-3.73227531185444,-4.52431891978432,-4.48742537396275,0.606425818306762,-1.92035330975309,-3.0611837706283
330,posminusneg_noCloseResponse,0.641138544851827,-1.59915568451656,-3.61150102111151,0.668095554856374,-1.57221781676361,-4.56387458454409,0.668725103448864,-1.58115730367963,-4.58318319012078,-5.21795858379741,-5.19824065414799,-4.24326040489333,-4.14663312870884,0.671251906065154,-1.65097999861545,-4.66763384163165
331,posminusneg_noCloseResponse,0.672352708277267,-1.10018580655055,-3.69355793825205,0.697393070360615,-1.55794131970531,-1.67595231559836,0.707709868206502,-1.49141045149349,-1.78772086270211,-5.3356796040404,-5.470473331985,-4.05754700498252,-4.14389210205584,0.543143130195431,-1.1764067096434,-1.72826057522867
332,posminusneg_noCloseResponse,0.637755073628107,-1.18152978384112,-2.88417425758192,0.649891158558651,-0.828237371364974,-3.98931691277928,0.665447215645816,-0.806261609724197,-4.10238219490253,-5.25045826626889,-5.20787249098079,-4.46501453264384,-4.45256895755547,0.616437252664031,-0.911036296653244,-3.25837938234751
