subject,day1_block1_AR1,day1_block1_LOGSIGMA,day1_block1_SIGMA,day1_block1_LOGVAR,day1_block1_VAR,day1_block1_MEAN,day1_block2_AR1,day1_block2_LOGSIGMA,day1_block2_SIGMA,day1_block2_LOGVAR,day1_block2_VAR,day1_block2_MEAN,day2_block1_AR1,day2_block1_LOGSIGMA,day2_block1_SIGMA,day2_block1_LOGVAR,day2_block1_VAR,day2_block1_MEAN,day2_block2_AR1,day2_block2_LOGSIGMA,day2_block2_SIGMA,day2_block2_LOGVAR,day2_block2_VAR,day2_block2_MEAN
1,0.5285659301368448,0.5874794686899654,1.799447131741989,1.1749589373799307,3.23800997993447,0.49226177126812415,0.6234648815070878,0.7377563572092529,2.0912382553436872,1.4755127144185058,4.373277440612909,0.5638693364190042,0.4624317273282745,0.7441336171740338,2.104617240636988,1.4882672343480676,4.429413729586448,0.4992834249121574,0.19253964093194972,0.9203775024146984,2.510237831937248,1.8407550048293968,6.301293972889016,0.5079401155904503
2,0.3823041928217061,0.5041562347164329,1.6555880032744674,1.0083124694328658,2.740971636586338,0.5913153385820219,0.23345855849614436,0.5268030286205585,1.6935095434834262,1.053606057241117,2.8679745738694424,0.5747361818773253,0.30869711191111787,0.10635641426601068,1.112218216310965,0.2127128285320213,1.2370293606939446,0.5844128091352306,0.40938879956749646,0.2598266312848333,1.2967052590525858,0.5196532625696666,1.6814445288546338,0.600438644210774
3,0.7853814982043134,-0.5323046354908947,0.5872500117169415,-1.0646092709817894,0.34486257626154787,0.529701524033864,0.8410863039427611,-0.9026497995662144,0.4054937577244618,-1.805299599132429,0.16442518755350455,0.4667260675926889,0.15918193738824643,-0.783373919495597,0.4568619924890478,-1.566747838991194,0.2087228801810628,0.4952897294867038,0.4944514613469469,-0.8013261258898633,0.4487334922674256,-1.6026522517797266,0.2013617470825197,0.49954496638094426
4,0.1145894937669768,1.442764997723641,4.232382180261248,2.885529995447282,17.913058919792956,0.6147825278371648,0.2713709112397973,1.355538745560112,3.8788501070959183,2.711077491120224,15.045478153318015,0.5370572694271314,0.25623713218597133,1.4791554268513083,4.389237083264438,2.958310853702617,19.26540217310371,0.5768762840411438,0.16340766820769387,1.547422245829066,4.69934081066233,3.094844491658132,22.083804054756488,0.5614417526776904
5,0.3928759119370457,1.0822336937911483,2.9512644150426808,2.1644673875822966,8.70996164749722,0.6079048099278894,0.6825504662200472,1.2989062373821256,3.665285522110701,2.5978124747642517,13.434317958594312,0.5013891682134248,0.6199188777416099,1.079024662200399,2.9418088939494225,2.158049324400798,8.654239568519925,0.4934017825429888,0.48959806122810057,0.5144434103357463,1.6727072310975966,1.0288868206714925,2.797949480966188,0.6047720506796688
6,0.4591723414258848,0.1083401773672307,1.114426783681932,0.2166803547344614,1.2419470561876556,0.6947200240400659,0.3900898240291871,-0.09930120606620874,0.9054699339081388,-0.19860241213241747,0.8198758012116094,0.7023824394655311,0.4726260935017959,-0.09767513174188291,0.9069434930527726,-0.19535026348376583,0.8225464995907645,0.7746994271051272,0.6742168772430991,0.27301077388816025,1.3139144007152876,0.5460215477763205,1.7263710524070135,0.7051506336678663
7,0.2917203920262874,-0.05782897873962245,0.943811345441016,-0.1156579574792449,0.890779855783181,0.5687244189401566,0.3493227507450502,-0.4381731789155885,0.6452140357144218,-0.876346357831177,0.4163011518828912,0.5636337408689723,0.2794575185545951,0.3049236114692695,1.3565213763734856,0.609847222938539,1.840150244558216,0.5644383615553312,0.3692028115291352,0.32657881688489526,1.386217502802818,0.6531576337697905,1.921598965076881,0.509751433536381
8,0.5451262035930977,-0.45436097841450446,0.6348535234601833,-0.9087219568290088,0.4030389962498096,0.5026362068053112,0.45815603111681,-0.5729096536461282,0.5638823471177651,-1.1458193072922565,0.31796330139103973,0.4923511845536985,0.5351968855168792,-0.2247055321200784,0.7987513907609992,-0.4494110642401568,0.6380037842426305,0.6341297114151605,0.8300794783240204,-0.831080830206654,0.4355782456846194,-1.662161660413308,0.18972840811369063,0.6734067118097383
9,0.42946035397517074,0.9591720078482746,2.609534904245084,1.9183440156965488,6.809672416473401,0.4852176535170915,0.4168509119439006,1.2560769729430437,3.5116182564103293,2.5121539458860878,12.331462778754322,0.5732520588120678,0.2722494505885403,1.322331713775712,3.752160148652024,2.644663427551424,14.078705781132378,0.5243773035144492,0.3909065743952864,1.5389534059472605,4.659710892361758,3.077906811894521,21.71290560039481,0.5452363245429398
10,0.3086861555674459,0.5385187708283783,1.71346694432649,1.0770375416567566,2.9359689692995588,0.5878001075954655,0.3591734396737048,0.9057679540508426,2.473830982292976,1.8115359081016853,6.11983972895263,0.532817515867661,0.5217530528726719,0.6407353485699303,1.8978759666823375,1.2814706971398606,3.601933184910418,0.5398488736688368,0.1958985675048594,0.8316251035814478,2.297048650686901,1.6632502071628956,5.276432503622515,0.5223706798678391
11,0.3916710101787286,0.8586497345573296,2.3599719527934173,1.7172994691146592,5.569467617971576,0.548717130091504,0.6596839050730269,1.0459742917018109,2.8461701732166422,2.0919485834036218,8.10068465490805,0.536572038785891,0.7041909357213683,0.4503601692845277,1.5688771451023753,0.9007203385690554,2.4613754964245795,0.6962783550666277,0.4274328175729298,0.367098223856442,1.4435397021883,0.734196447712884,2.0838068717938856,0.5372346990154758
12,0.8253846338952981,-1.2084486893925264,0.29866023503371186,-2.4168973787850527,0.08919793599039201,0.538524707683864,0.4378920694317262,-0.35266703057193294,0.7028111690547053,-0.7053340611438659,0.4939435393480416,0.5965842145562117,0.2640679942125623,-0.14531967290550374,0.8647458131149134,-0.2906393458110075,0.7477853212997727,0.5906180329238728,0.7642916591628595,0.26692500423080906,1.3059425024955198,0.5338500084616181,1.7054858198242608,0.18714015718530916
13,0.314767193366859,-0.20569985131838137,0.8140773838702907,-0.41139970263676273,0.6627219869290967,0.5593534440931608,0.48979620764890014,0.4786084711651254,1.613827151982295,0.9572169423302508,2.6044380764752866,0.5160821855782203,0.40866256300511,-0.0841798347421806,0.91926592527879,-0.1683596694843612,0.8450498413786698,0.5550313802226621,0.27727701463283067,0.042838611398753,1.043769428768592,0.085677222797506,1.089454620431913,0.5290484444402568
14,0.36636006982140346,0.6496512266898877,1.914872855990658,1.2993024533797757,3.6667380546098194,0.6190784633939106,0.5872659019133255,0.3318009998760142,1.393475519118064,0.6636019997520284,1.9417740223813584,0.6276193062678216,0.5267860978158796,0.6702510150776264,1.95472792524068,1.3405020301552528,3.820961261715732,0.6293632771466321,0.7108619460180152,-0.2016464412864785,0.8173838700497749,-0.4032928825729569,0.6681163910175473,0.6187401497718922
15,0.5390400959274494,0.2399642076170996,1.27120365009934,0.4799284152341992,1.6159587200258851,0.6158810495417482,0.4597474817188134,0.5812163871277225,1.7882122667518872,1.162432774255445,3.1977031109619225,0.4847521571460634,0.40237145010084985,-0.1789939583980115,0.8361109508313593,-0.35798791679602293,0.6990815221001198,0.5995902634645063,0.346152103653123,-0.44287842266096766,0.6421852775191079,-0.8857568453219353,0.4124019306622936,0.5891608511082699
16,0.5046273109180046,0.8555226374143203,2.3526036179960177,1.7110452748286409,5.5347437834079525,0.573555114150117,0.486084832618616,0.8135747292150441,2.2559580288171728,1.6271494584300883,5.089346627784664,0.5599421886757631,0.5109213709651858,0.4516672019972756,1.5709290595208278,0.9033344039945512,2.4678181100469927,0.6325206176532933,0.713748108484299,0.38820327082651473,1.4743294419955042,0.7764065416530295,2.173647303534775,0.6558747847865655
17,0.42290860434505806,0.6982712679144943,2.010274475884299,1.396542535828989,4.041203468391893,0.6531087890351527,0.5929862304524582,0.5928756825271204,1.8091835796044728,1.1857513650542408,3.2731452247104538,0.6679004544513095,0.2387003769799718,0.4827536648163917,1.620530662122111,0.9655073296327832,2.6261196268779274,0.6945559912668117,0.447364644416242,0.545210998197168,1.7249723100286267,1.090421996394336,2.9755294703654966,0.644298755563929
18,0.06066980285710133,1.0997527533296825,3.0034233457160746,2.199505506659365,9.02055179359234,0.49411519303370544,0.5199964315296065,0.42438348448198143,1.5286476940657838,0.8487669689639629,2.3367637725726382,0.4270723810486631,0.29053978100430466,0.5615664627231824,1.7534170125351651,1.123132925446365,3.0744712198477435,0.5204118222274831,0.5175835977213306,0.439929603477371,1.552597917169754,0.879859206954742,2.410560292399859,0.5620667415103798
19,0.7724505173896485,-0.8799100093161001,0.414820239959047,-1.7598200186322002,0.1720758314796813,0.5572100808831607,NA,NA,NA,NA,NA,NA,0.4945405328241111,-0.1858505870697933,0.8303976578607005,-0.3717011741395866,0.689560270180537,0.46625307661967047,0.8184092301408168,-0.8574783533166864,0.42423049409148966,-1.7149567066333729,0.17997151211710943,0.5439589067453294
20,0.6648238847541046,0.7056425854114237,2.0251475972059003,1.411285170822847,4.101222790468832,0.6363935703945364,0.3867672488466682,0.8545501473553269,2.3503168464762734,1.7091002947106535,5.523989278830174,0.5574113429291752,0.2981026669382895,0.8814472223207891,2.4143913402613166,1.7628944446415782,5.829285543928837,0.6014550240131352,0.7597155007312011,0.2113875650333777,1.235391056667512,0.4227751300667554,1.5261910628940722,0.6425322550475251
21,0.4417014170565314,0.3892598960594023,1.4758880789880808,0.7785197921188046,2.178245621699128,0.6065330981469869,0.41023359717557,0.30116565510403337,1.351433194802765,0.6023313102080667,1.826371680014808,0.5018763589811325,0.4347222806049434,0.44930068206823215,1.5672158200549309,0.8986013641364643,2.4561654266304496,0.5654426669259565,0.528858751164959,0.594832116772356,1.812726593021806,1.189664233544712,3.285977701048444,0.545633601901014
22,0.3872637376378005,1.4782180538730008,4.385124658766121,2.956436107746001,19.22931827291869,0.5422447098822988,0.46700560399063606,1.6528428980249823,5.2218038013861285,3.305685796049965,27.267234940170624,0.5576450204495114,0.2190531599638222,1.556800389967516,4.743619206206495,3.113600779935032,22.50192317349114,0.5252439767349095,0.2805796689810194,1.6569975720684216,5.24354382418211,3.313995144136843,27.494751836118347,0.5185108703795591
23,0.303248096818061,1.0849543388811898,2.9593046904913933,2.1699086777623795,8.757484251164362,0.6510870368087961,0.45981763619208377,1.049028945105115,2.854877528828742,2.09805789021023,8.150325704611303,0.576590926842066,0.3453075714826164,0.8977932628611504,2.4541813979728206,1.7955865257223007,6.023006334155828,0.5747885300761497,0.3475644048823192,1.043189069281638,2.838253985527749,2.086378138563276,8.055685686364155,0.6112726036351764
24,0.4166434195608941,0.7206002482499964,2.055666750761423,1.4412004964999927,4.225765790186026,0.5074772315359661,0.7797902257308773,0.631613636194155,1.880642805450586,1.26322727238831,3.5368173616930503,0.2966954511948951,0.056758683482663774,0.2721442017188841,1.3127762922605943,0.5442884034377682,1.7233815935214734,0.6133908407644943,0.6294065268602468,0.4667236486592376,1.5947606282775857,0.9334472973184752,2.54326146150432,0.6628337692881611
25,0.20569687744658377,-0.1631207388569661,0.849488615937979,-0.3262414777139322,0.7216309086082231,0.5461354616424846,0.2137612852955209,0.09618555196189446,1.100963330948357,0.19237110392378887,1.2121202560929016,0.5551868849366984,0.5265262942015021,0.0465113094721743,1.0476099269168553,0.0930226189443486,1.097486558974739,0.5479919824158797,0.19640028885998828,0.057599768976416776,1.0592909497566814,0.11519953795283357,1.122097316236412,0.550826977558367
26,0.5750138048891692,-0.10588958807236364,0.8995239607676337,-0.2117791761447273,0.8091433559950915,0.5774660378789324,0.7157144583061472,0.09861281562728497,1.103638905086821,0.19722563125456996,1.218018832821237,0.5880014804286888,0.726924874315029,-0.005027588481733958,0.9949850286877356,-0.010055176963467916,0.9899952073127342,0.6126261256475295,0.449528712028729,-0.020502887704845485,0.9797058673690526,-0.04100577540969097,0.9598235865573478,0.533262706376118
27,0.3363413236959946,0.17244094671603713,1.1882016513336242,0.34488189343207426,1.4118231642319514,0.5663911347673638,NA,NA,NA,NA,NA,NA,NA,NA,NA,NA,NA,NA,0.3468219269983527,-1.0288644102208706,0.35741260430349514,-2.057728820441741,0.12774376971500678,0.6042856290727546
28,0.34063238096560866,1.1271680528667745,3.0869021663297365,2.254336105733549,9.52896498449122,0.5780027028439058,0.3855364992180935,1.3379152895853568,3.8110901986478303,2.675830579170713,14.52440850222956,0.5835570427264885,0.33798744647717593,1.1233611195389182,3.075172876071696,2.2467222390778363,9.456688217727066,0.5690224190973591,0.4574178308725137,1.1272503354431072,3.0871561750429715,2.2545006708862143,9.53053324910595,0.5355356465060969
29,0.3789494126471108,0.994812291824552,2.704216690054894,1.989624583649104,7.312787906771446,0.4617651986410337,0.8930161569324686,0.2895309065167489,1.3358007256165756,0.5790618130334978,1.7843635785577698,0.31394498079692235,0.829729193896972,0.07965848756343702,1.0829171748340776,0.15931697512687404,1.17270960755062,0.3493291337254892,0.9042071937151206,-0.7028746210387625,0.4951598590179485,-1.405749242077525,0.24518328598267464,0.2276525578371616
30,0.43817279954038096,0.5544011227466263,1.740898088256246,1.108802245493253,3.030726153694252,0.6452219876941551,0.4985648520141376,0.6754852560796566,1.9649862661883133,1.3509705121593132,3.8611710263086896,0.642607837910393,0.3729452430960665,0.5415000784482138,1.718582938771228,1.0830001568964276,2.953527317435551,0.6362053624316544,0.6043115046255592,0.35707718731550925,1.4291461775535603,0.7141543746310185,2.0424587968159527,0.467352733361273
31,0.3213211524271136,-0.19409118636329983,0.8235828013239176,-0.3881823727265997,0.6782886306365515,0.6800885424167331,0.5145534410649426,-0.02960245134105821,0.9708314095661108,-0.05920490268211642,0.9425136258001218,0.6251802285009346,0.3473332284228585,-0.5334625490541525,0.5865704204932297,-1.066925098108305,0.34406485819760435,0.7960740688943311,0.7239879193402718,-0.4028023386936208,0.668444211822516,-0.8056046773872416,0.44681766431902464,0.8062336100434411
32,0.47284340754135823,0.6662283373242679,1.946880479157572,1.3324566746485358,3.790343600124816,0.5646650208162152,0.270114680282453,0.9143464088657772,2.4951439149078687,1.828692817731555,6.225743156101766,0.532758021135569,0.14648581157328283,1.0154109707219503,2.76049764799976,2.030821941443901,7.620347264612205,0.5390037920002304,0.3875882757888486,1.0883811250144118,2.9694629899880494,2.1767622500288235,8.817710448908766,0.5161492790881819
33,0.5364231595365532,-0.42031333904155393,0.6568409736457848,-0.8406266780831079,0.4314400646599425,0.5136806421573759,0.6369257767007276,0.11227163040273758,1.1188167240112452,0.22454326080547515,1.2517508619272548,0.4892888620326957,0.8918724290354563,-0.8445114512018169,0.4297672692135526,-1.6890229024036338,0.1846999056872742,0.5024117451846044,NA,NA,NA,NA,NA,NA
34,0.5558068129801463,-0.22643517402562824,0.7973710309916043,-0.4528703480512565,0.635800561064614,0.5155255608223531,0.05188768234190716,-3.768194760530226,0.02309371536640844,-7.536389521060452,5.333196894246891e-4,0.501036260067727,0.601930759192334,-0.5278630651259361,0.5898641250524636,-1.055726130251872,0.34793968602390835,0.5179726801799018,0.2917876632029037,-0.8795365592856087,0.41497518352034624,-1.7590731185712174,0.17220440293774503,0.5048248843404749
35,0.7654217671700163,-0.025343944642379823,0.9749745170913828,-0.050687889284759646,0.9505753089775753,0.48507406682820114,0.7138533944349857,0.11694359027372536,1.1240560202096803,0.23388718054745072,1.2635019365696258,0.4618221220391243,0.49134951587550735,0.2017502340164488,1.2235423706804007,0.4035004680328976,1.497055932850215,0.5314633290849767,0.4381539829066099,0.3215026977841031,1.379198726801502,0.6430053955682062,1.902189128010884,0.5732027163986935
36,0.5034039190616251,1.2540937945853416,3.5046609921119387,2.5081875891706837,12.28264866963104,0.5708740581168305,0.25036792380463363,1.3534397271634844,3.870716868258506,2.7068794543269687,14.982449074220938,0.5748569413116896,0.16135613792382308,1.2969312855884565,3.658053903294312,2.5938625711769125,13.381358359406752,0.6252553293568127,0.29336520946270933,1.407158587830485,4.084333625490957,2.81431717566097,16.681781164316103,0.5764048757970517
37,0.25225883474790967,0.3303914555279272,1.3915127372149363,0.6607829110558544,1.9363076978314049,0.5178122141365618,0.3782050172909326,1.2908048430529684,3.635711555700173,2.5816096861059368,13.218398516251773,0.48945513418268777,0.3327337162302932,0.908013972790191,2.4793934974554444,1.816027945580382,6.14739211522434,0.6222577739294056,0.4576503097235413,0.9984709343140236,2.7141285730996696,1.996941868628047,7.366493911316049,0.5540904625282838
38,0.6095678319821896,-0.07248822325789317,0.9300766998692156,-0.14497644651578634,0.8650426676396111,0.5086217996513,0.2786198447593912,-0.5291878074337565,0.5890832244503769,-1.058375614867513,0.3470190453288531,0.4924457733599379,0.14242893910473847,-0.6002535260980065,0.5486725156574628,-1.200507052196013,0.3010415294378888,0.4929696980494728,0.9005133699162305,-0.03344573813067636,0.967107386862325,-0.06689147626135272,0.9352966977236749,0.13363875437280912
39,0.6630441983030815,0.0705079174412607,1.073053065231694,0.1410158348825214,1.1514428808031345,0.6078160223424457,0.5068931924097824,-0.5409990236599713,0.5821663637906883,-1.0819980473199426,0.33891767512927207,0.6935039938038454,0.607234425852051,-0.3392656207050745,0.7122932241308575,-0.678531241410149,0.507361637142732,0.6690780216370268,0.7433724178974588,-0.14089019879622594,0.8685846781051345,-0.2817803975924519,0.7544393430390002,0.6472236134456342
40,0.2517388744395903,1.0162139729177446,2.762715223912592,2.032427945835489,7.632595408438402,0.5052123911356392,0.30585439159229744,0.7768175914443306,2.174540964462241,1.5536351828886612,4.728628406124374,0.5176875639059607,0.3360202874856867,0.7876806062072469,2.198291804364465,1.5753612124144938,4.832486857135978,0.4015736235788508,0.6723271987600944,0.8035205252489822,2.233389809509118,1.6070410504979644,4.988030041219173,0.35526807040216
41,0.4438829900114196,-0.09976305951018644,0.9050518360581432,-0.19952611902037287,0.819118825952216,0.6265592430940718,0.48304324081358935,0.21731024356239664,1.2427295911923906,0.4346204871247933,1.5443768368252062,0.6609302187154608,0.5741853389551766,0.09564019259430778,1.100363073975214,0.1912803851886156,1.2107988945681822,0.6819117775746378,0.6438040559496686,0.22667409837767644,1.2544209834822506,0.4533481967553529,1.573572003800577,0.6637952026269637
42,0.3958604960916378,-0.8410018546870253,0.4312782288021016,-1.6820037093740503,0.18600091063867785,0.5858595252841599,0.2975205396018687,-0.3573931632398424,0.699497426989645,-0.7147863264796848,0.48929665036513376,0.5807153981315905,0.4330322617867796,-0.11548722795412768,0.8909319511881614,-0.23097445590825535,0.7937597416479444,0.558092426161265,0.4543354063459814,-0.28944824550807857,0.7486765392821372,-0.5788964910161571,0.5605165604714775,0.5171259485443622
43,0.3589751051673691,1.269657738079288,3.559634026659236,2.539315476158576,12.670994403750244,0.6388865587367849,0.4671668613214604,1.3316081985457506,3.787128948129319,2.6632163970915013,14.342345669759084,0.6164431200570943,0.4612588860867378,1.27425018510089,3.576019052226443,2.54850037020178,12.787912261886506,0.6271983736022102,0.4156161822379602,1.1382389622570033,3.121266853687949,2.2764779245140065,9.74230677193107,0.6103139456167123
44,0.18032628345030652,0.8840226554613346,2.42061745776654,1.7680453109226693,5.859388876844148,0.5074079452260983,0.3151588201026593,0.9031485733060028,2.467359556316388,1.8062971466120052,6.087863180145802,0.52075416741577,0.2285198931079192,0.6626615699298652,1.9399487785741856,1.3253231398597305,3.7634012634914735,0.4795984367603004,NA,NA,NA,NA,NA,NA
45,0.4800299012395035,0.2255157226751244,1.252968733981871,0.4510314453502488,1.5699306483361324,0.6090914721053096,0.7915157805640125,0.3480887411593224,1.4163579334083098,0.6961774823186447,2.006069795528658,0.7981050577438245,0.6183805419341886,0.03740516081757711,1.038113538573776,0.07481032163515422,1.0776797189701668,0.595248233064949,0.536062340343631,-0.2444700222138524,0.7831194642013121,-0.4889400444277048,0.6132760952109501,0.5946373258734688
46,0.2373155015704587,0.22058920760840767,1.246811144817682,0.44117841521681533,1.5545380308415786,0.4927678725713416,0.4773181230594232,0.4974022551070931,1.644443871640544,0.9948045102141864,2.7041956469761423,0.5065657661063959,0.13344910311206343,-0.5981044654723146,0.5498529140768424,-1.196208930944629,0.3023382271187955,0.5080832620468555,NA,NA,NA,NA,NA,NA
47,0.7329574670808626,-0.0770774386286594,0.9258181567420316,-0.1541548772573188,0.8571392593532132,0.5125130962776406,0.48034896403419786,-0.3227846960668459,0.7241297455676534,-0.6455693921336918,0.5243638884158744,0.5559096924933814,0.6231345105486007,-0.32928543477758443,0.7194376349156031,-0.6585708695551689,0.5175905105329566,0.67656108979593,0.6577504955581418,0.2826965521997161,1.3267025157691767,0.5653931043994322,1.7601395653482628,0.5078467817125427
48,0.26388917531794914,1.464078704177374,4.323558128806412,2.928157408354748,18.693154893168003,0.5105637378314619,0.3733941533752585,1.2310426629982074,3.4247985860702697,2.462085325996415,11.72924535514892,0.5798383600836855,0.35621209004047405,1.0846918101358085,2.9585278899145,2.169383620271617,8.75288727540194,0.5622180887253749,0.4154896537135516,1.1034173817355946,3.01444996812044,2.206834763471189,9.086908610301323,0.5237680749652469
49,0.38731226817502273,-0.2120801560989622,0.8088998567108745,-0.4241603121979244,0.6543189781868733,0.7905507992676953,0.6027063650145827,-0.186163663782394,0.8301377203841347,-0.3723273275647879,0.6891286348045678,0.6865423522934156,0.36561197020139113,0.42514106656349215,1.5298062089473996,0.8502821331269843,2.3403070369340147,0.7101033025898557,0.5896311334697473,0.39536517281619066,1.484926346660466,0.7907303456323813,2.205006255006398,0.6688079011250403
50,0.1399169261342259,0.7506121956503559,2.118296431603968,1.5012243913007115,4.487179772146105,0.4984479720949928,0.760661023584988,1.0553957637967506,2.8731120026393757,2.110791527593501,8.254772579710442,0.2771400169862846,0.17462925556611958,-0.4340692583494732,0.6478673837058229,-0.8681385166989464,0.4197321468698279,0.495735474802209,NA,NA,NA,NA,NA,NA
51,0.4118685121382938,0.6834025419917958,1.980605373150747,1.3668050839835917,3.9227976441536097,0.4947680600010647,0.3927083794780232,0.4939182249266911,1.638724548494314,0.987836449853382,2.685418145837893,0.49743779556914514,0.4289072459137418,0.5930566844305594,1.8095110749137948,1.1861133688611187,3.274330330235677,0.462862118616043,0.4174651958640575,0.6880715469857231,1.989874451376734,1.3761430939714463,3.9596003322418576,0.5441004823076823
52,0.38216966222127213,0.1750237235460084,1.1912744775320083,0.3500474470920168,1.41913488081916,0.5190783320923573,0.37053448204237416,0.3266185176016684,1.3862725377237384,0.6532370352033368,1.9217515488470136,0.5129911942447467,0.3961266344484616,0.16007133379671923,1.1735945849635117,0.32014266759343846,1.3773242498556773,0.5154497008513297,0.7070003031176075,-0.1541478259399815,0.8571453033354421,-0.308295651879963,0.7346980710300072,0.46182949740135937
53,0.3474858635844862,-1.24107134901554,0.2890743524587258,-2.48214269803108,0.08356398124943164,0.5941826176140812,0.001510806322786995,-9.057085888646895,1.165621572460531e-4,-18.114171777293794,1.358673650185361e-8,0.600024132542268,0.7201800866874719,-1.2452622314986566,0.28786541085422124,-2.490524462997313,0.08286649476626959,0.6987398323257996,0.5541688358936818,-0.994018658820504,0.3700864474709436,-1.988037317641008,0.13696397860166346,0.6977288302102195
54,0.5479131325221679,-0.044597687499284056,0.9563821689477232,-0.08919537499856811,0.9146668530811514,0.5835578032570483,0.38697852157610296,-0.02996231935729743,0.970482101248863,-0.05992463871459486,0.9418355088444084,0.5798536246351624,0.1553054307953628,-1.1109222427544214,0.32925516781828,-2.221844485508843,0.1084089655350437,0.6023122625029168,0.3885752208702563,-1.0608031506527609,0.3461776658307576,-2.1216063013055217,0.11983897632003168,0.604950574632396
55,0.494445488845942,0.16019491815466438,1.1737396318593614,0.3203898363093288,1.3776647233973491,0.7483173795634286,0.6942442071454814,-0.5308923981098752,0.5880799340212088,-1.0617847962197504,0.34583800879838933,0.770103602744367,0.5216589014247229,-0.410958097873639,0.6630147127449515,-0.821916195747278,0.4395885093162705,0.7955581147732628,0.7622015812115417,-0.4999434139964423,0.6065649818297684,-0.9998868279928844,0.3679210771821472,0.8885023810119407
56,0.3740883434743786,0.9877468869383554,2.685177642730927,1.9754937738767109,7.210178973022018,0.5195599069864522,0.7096058411873375,0.9397059862127608,2.5592288591340173,1.8794119724255216,6.549652353424404,0.3717727067323062,0.47495387929223193,-0.19356226725566167,0.8240185252254506,-0.38712453451132345,0.6790065299147265,0.7995431779799407,0.7308730580690342,0.1274035438023348,1.135875300744483,0.2548070876046696,1.2902126988413698,0.7593798356606883
57,0.363925815116038,-0.2776673187462709,0.7575488018826104,-0.5553346374925417,0.5738801872337785,0.5684406172584443,0.3066739061455176,-0.2272030214690973,0.7967590066846811,-0.4544060429381946,0.6348249147331597,0.5812660521835301,0.29062286130568454,-0.07743255651971559,0.925489440520668,-0.15486511303943118,0.8565307045152591,0.5675201568011055,0.4168622546177239,-0.04153592232311254,0.9593148739036416,-0.08307184464622508,0.9202850272927596,0.5431085530420128
58,0.6356415378862742,0.6677327692114163,1.9498116325383452,1.3354655384228329,3.801765402381848,0.45664676928858106,0.5125057392965506,1.1688512917143812,3.218293633833836,2.3377025834287624,10.357413913575394,0.5161690051789337,0.5405558935526746,1.0924221017598286,2.981486798480334,2.184844203519657,8.889263529512514,0.5250954538444501,0.7472057305730241,0.7943783052606646,2.21306471834266,1.588756610521329,4.897655447573078,0.4050350573240225
59,0.5920141569936918,-0.13761813103210235,0.8714314008257457,-0.2752362620642047,0.7593926863451214,0.7859819468369443,0.353832188723596,0.15704419232968042,1.170047319875303,0.31408838465936084,1.3690107307473796,0.5717522476999911,0.6970989328545576,0.2926974726407042,1.3400373311483609,0.5853949452814085,1.7957000488712211,0.6544756898490245,0.6956012404685994,-0.9787857758140732,0.3757670874450376,-1.9575715516281464,0.14120090400692656,0.9013947410753984
60,0.3027947405053512,-0.305305867749089,0.7368979466016045,-0.610611735498178,0.5430185837056611,0.5285739087754601,0.6088165245341769,-0.49820828094787895,0.6076183663927422,-0.996416561895758,0.3692000791777848,0.5506177994637752,0.752927080755881,-0.6156235181055546,0.5403039009944343,-1.2312470362111092,0.2919283054298034,0.6321948757603401,0.8122322370874185,-0.6077505924599783,0.5445744622802332,-1.2155011849199566,0.2965613449678051,0.5671908138745454
61,0.5679137804321865,0.0754985330562842,1.078421645733035,0.1509970661125684,1.1629932459855474,0.7311351376267368,0.7098979818776926,0.24489334415828404,1.2774850546948446,0.4897866883165681,1.6319680649686903,0.7761334486043124,0.2829907513332345,0.003263369625684576,1.0032687002133236,0.006526739251369151,1.0065480848277315,0.7216800978546734,0.519333165194148,0.2781130711538039,1.3206355145485789,0.5562261423076078,1.7440781622869896,0.7191308631545134
62,0.4514000955621794,0.8639733240212626,2.372568975554721,1.7279466480425252,5.629083543764778,0.6029798127515089,0.32814270810605506,0.345235584403338,1.4123226016562085,0.6904711688066759,1.994655131148961,0.587868452841983,0.3820185848996901,1.3291882867212623,3.777975509730645,2.658376573442525,14.273098952124522,0.5668494727555403,0.36083294206114336,1.0156589976132584,2.7611824105661107,2.031317995226517,7.624128304419678,0.5905445811684472
63,0.4144087368171244,-1.2633416818784629,0.2827077269762453,-2.5266833637569257,0.07992365889207528,0.6926923423397426,0.39833580786359946,-0.8591433306838098,0.4235247476093798,-1.7182866613676195,0.17937321183758886,0.7025565044510076,NA,NA,NA,NA,NA,NA,0.4251285501912379,-2.683779744793409,0.0683044920756134,-5.367559489586818,0.004665503637707534,0.797749002509099
64,0.4085051599088488,-0.9909078755878264,0.3712394987027596,-1.981815751175653,0.1378187653970762,0.5916950453876197,0.5423316627051963,-1.0372398630594564,0.35443161289462766,-2.0744797261189127,0.1256217682190872,0.6042889927559598,0.1020659277530342,-0.15561358504418732,0.8558898551205486,-0.31122717008837464,0.7325474440982737,0.5770677964911481,0.3814097957763605,0.07901593284050082,1.08222156479653,0.15803186568100164,1.17120351531065,0.5558310055035758
65,0.3762738394376472,-0.21735747653352727,0.8046422771545021,-0.43471495306705454,0.6474491941843825,0.572920354594634,0.46425225079360033,-0.12301637219249484,0.8842491853444334,-0.24603274438498968,0.7818966217822941,0.576598821929198,0.5168599585914915,-0.5670976049143625,0.5671692012238508,-1.134195209828725,0.321680902816901,0.6123094446737807,0.6619211569425054,-0.3178307400637349,0.7277259528392961,-0.6356614801274698,0.5295850624358613,0.6179072846954785
66,0.7758727251777517,0.5158749186563458,1.6751034401042095,1.0317498373126917,2.805971535048957,0.7128390161337692,0.45492867012042254,1.2038239407418354,3.3328371583184437,2.407647881483671,11.107803523868157,0.638959564134857,0.5732376686743695,1.0575759358080088,2.879382714143793,2.1151518716160176,8.290844814510079,0.6717705437909949,0.511827680290128,0.6442394710679873,1.9045380220679136,1.2884789421359746,3.6272650775023614,0.5035089795044924
67,0.804710055454128,-0.9278573084520167,0.3954000236423916,-1.8557146169040333,0.15634117869640385,0.6570849289766031,NA,NA,NA,NA,NA,NA,NA,NA,NA,NA,NA,NA,0.28477459162416485,-5.885221642561143,0.002780229939746165,-11.770443285122289,7.729678517860965e-6,0.6998870706948123
68,0.2988981980261646,1.454670642084657,4.283072569417231,2.9093412841693134,18.34471063489432,0.5377776673757112,0.4289872250110685,1.721073372939395,5.590525964210131,3.44214674587879,31.253980556507614,0.5276674031963005,0.14743674346648944,1.4375547820463157,4.210387903491372,2.8751095640926314,17.727366297866475,0.5200980863025446,0.4743289641280116,1.4407536056038426,4.223877755829233,2.881507211207685,17.841143296188996,0.428957430177432
69,0.3722331385798794,-0.7921800812868081,0.4528564544601563,-1.584360162573616,0.20507896834622363,0.7067856009137573,0.5255666125231416,-0.4186480535495464,0.6579357126632629,-0.8372961070990927,0.4328794019977156,0.7198423705078403,0.2274351825928481,-1.0948917304881365,0.3345758293494065,-2.1897834609762725,0.11194098558484318,0.7021948464563296,NA,NA,NA,NA,NA,NA
70,0.8428816609028081,-0.7240533706407606,0.4847832618835798,-1.4481067412815212,0.2350148110024835,0.5531334815527532,0.4355157801581167,-0.19058195805982048,0.826478018418329,-0.38116391611964096,0.6830659149286878,0.551760421862362,0.5571061671762841,-0.2701130789309584,0.7632931770801415,-0.5402261578619167,0.5826164741770963,0.5643015966309486,0.53756659846443,-0.1432973192744329,0.8664964045108052,-0.2865946385488658,0.750816019030153,0.5436452884992038
71,0.4193938909441901,-0.2983022636083455,0.7420770029724721,-0.596604527216691,0.5506782783406065,0.5428432528081403,0.520564996375368,-0.10503725280888115,0.9002909835936094,-0.2100745056177623,0.8105238551399486,0.540376601513395,0.5071594892019033,0.2554909640799897,1.2910953467309303,0.5109819281599794,1.6669271943502617,0.5748735836607388,0.6093643558796055,-0.5307629630614981,0.5881560571023096,-1.061525926122996,0.34592754750613525,0.5864089882389579
72,0.3571612127680282,0.348605331236314,1.417089798883122,0.697210662472628,2.008143498098608,0.5218195364879535,0.4632704844717561,0.3126123063606085,1.3669914543886053,0.6252246127212171,1.8686656363714744,0.5358404852923687,0.4421686784810325,0.092774603123098,1.0972143986959255,0.185549206246196,1.203879436705662,0.4705955611339947,0.3198924980741834,-0.0805643490099145,0.9225955335644396,-0.161128698019829,0.8511825185530532,0.4941226415706598
73,0.1923458906327385,1.4710691206857751,4.353887484834691,2.9421382413715507,18.95633623060015,0.5435878023474179,0.3603595675567818,1.596984494866864,4.938119026709361,3.193968989733728,24.38501952194901,0.5340385013651272,0.045707514197097565,1.5448930019256806,4.6874700499198285,3.089786003851361,21.9723754688954,0.5729127331907296,0.4945524966436873,1.3831609077667322,3.9874858031526528,2.7663218155334643,15.900043030343957,0.5591072190099935
74,0.48445310443182654,-0.7064678729444727,0.4933838177037596,-1.412935745888945,0.24342759157193664,0.6765263980431518,0.723929546888037,-0.7190170423149087,0.487230948059199,-1.4380340846298174,0.23739399674666584,0.5888523438568551,0.7428652779975946,-0.6139125897115263,0.5412291135405617,-1.2278251794230526,0.29292895334390223,0.6697886640213262,NA,NA,NA,NA,NA,NA
75,0.3578713672786884,-0.3239845688334296,0.7232614030609156,-0.6479691376668592,0.5231070571576442,0.5741961109533393,0.32785880257156896,-0.4313379530587337,0.6496393260748583,-0.8626759061174674,0.42203125398299607,0.5853375651453185,0.06426919122201524,-0.12537356393443916,0.8821672951380959,-0.2507471278688783,0.7782191366112644,0.574569903562864,0.4272610785463637,-0.18730214177568652,0.8291931646380629,-0.3746042835513731,0.6875613042824857,0.5758636015496892
76,0.10380791156612652,-0.4661618214225951,0.6274057481415114,-0.93232364284519,0.3936379728010097,0.5023648982359792,0.47312961866069664,-0.35216281648625347,0.7031656256992225,-0.7043256329725069,0.4944418971649791,0.49163134445739104,0.13189524700903682,-0.786641887222625,0.4553714191412476,-1.57328377444525,0.20736312937071377,0.4949795411347231,0.11986653994268054,-1.0919151176508808,0.3355732157382255,-2.1838302353017616,0.11260938312089364,0.4968814590473236
77,0.2398607168256004,0.5973091922802997,1.8172224196201263,1.194618384560599,3.3022973223700265,0.5630735393464883,0.4798241271652351,0.25838013596509674,1.2948309368902176,0.5167602719301935,1.6765871551279985,0.5194940902884387,0.06766957514204713,0.09870556685079096,1.10374127369291,0.19741113370158192,1.2182447992532472,0.5061599239037188,0.5241607244672801,0.022056672105493585,1.0223017188196473,0.04411334421098717,1.0451008043016052,0.4945867062894973
78,0.7567915994553822,-0.29790514592674683,0.7423717533928884,-0.5958102918534937,0.5511158202356315,0.6591601782487929,0.2855575781036848,-0.48246803232280266,0.6172580974065272,-0.9649360646456052,0.3810075588139258,0.4849893159884333,0.6693471244569456,0.0911528409805013,1.0954364200407356,0.1823056819610026,1.199980950351663,0.6483169915397671,0.8230774898312718,0.174191414566297,1.1902833815932965,0.348382829132594,1.4167745284971731,0.6107858534520644
79,0.4675172559692821,0.6434766635634017,1.9030857801328536,1.2869533271268034,3.621735486543873,0.5065088462147846,0.8277752543036121,0.27445810049203884,1.315817440810741,0.5489162009840777,1.731375537541728,0.2536715098967479,0.8880734203910252,0.16363140709915688,1.177780113687201,0.32726281419831377,1.3871659961970362,0.3309041550255877,0.9095914290446342,0.6376735610762407,1.892073960570447,1.2753471221524817,3.579943872268738,0.31481707020351574
80,0.4713937654963312,0.3735922145523271,1.4529445399964172,0.7471844291046541,2.1110478363054,0.514930569459159,0.4396868215869922,1.1675880529644915,3.214230727357792,2.335176105928983,10.331279168691,0.4518280039474162,0.3380255681115357,1.104798802512096,3.01861706953368,2.209597605024192,9.1120490124801,0.4248719601045864,0.4649379251446761,2.048420146009837,7.755638645747934,4.0968402920196745,60.14993080341884,0.4813324683414636
81,0.14394464702330872,1.0569328391642543,2.8775315880745227,2.113865678328509,8.280188040366685,0.5072011764925314,0.4998021982094501,0.6294177463933636,1.8765176519440216,1.2588354927867271,3.5213184980575045,0.5139383534530425,0.34872467259543066,0.9229757586007816,2.516768553482407,1.845951517201563,6.334123951797927,0.46172345754082944,0.458393511377971,0.7391298310695485,2.094112489814172,1.478259662139097,4.38530711999571,0.4555569975663877
82,0.428436308467942,0.6426735108440094,1.901557925245836,1.2853470216880187,3.615922543065248,0.6742963543551438,0.49986504139618,0.9696675467137248,2.637067611813128,1.9393350934274496,6.954125589273795,0.6351748598828644,0.6199282392338932,0.7538104883067394,2.1250822091921724,1.5076209766134787,4.515974395825084,0.6429134092819655,0.5700896339185144,1.0916247589300048,2.9791104788559557,2.183249517860009,8.8750992452293591,0.5325603796987441
83,0.7658447543690274,-0.8476823411435095,0.4284066827772636,-1.695364682287019,0.18353228584821893,0.5506708950953231,NA,NA,NA,NA,NA,NA,0.7581088461206456,-0.6149918779053881,0.540645286463652,-1.2299837558107762,0.29229732577536427,0.4676631355346997,0.4733116010204551,-0.17187314598499442,0.8420859883819936,-0.34374629196998885,0.709108811829279,0.5295944039183141
84,0.8620167552221514,0.528377146518169,1.6961774263958345,1.056754293036338,2.8770178618147964,0.18483769804618216,0.8195287559588504,-0.11251438089986944,0.8935844964669455,-0.22502876179973885,0.7984932523260845,0.10839470779919598,0.5602194300428515,0.373867023515395,1.4533438770470362,0.74773404703079,2.1122084249501105,0.14657542303846458,0.8866881247316492,-0.6241069744891566,0.5357396441272159,-1.2482139489783133,0.2870169662895559,0.08760285195889232
85,0.6302378110040705,-0.06886145971009938,0.9334559923843072,-0.13772291942019876,0.871340089718172,0.7423821822807886,0.8839381576097072,0.4356726738448287,1.546002664810956,0.8713453476896573,2.390124239602577,0.6805862805822573,0.33477900945176126,-0.7389210833438659,0.47762895946614703,-1.4778421666877315,0.2281294229207143,0.7941184875033657,0.7169192447917645,-1.2403987456902037,0.28926885023205107,-2.4807974913804074,0.0836764677145728,0.8117165808608259
86,0.4530597645632384,0.381627683891904,1.4646666646126112,0.763255367783808,2.1452484384274317,0.5767792731787443,0.8153964396019978,-0.4692343646789208,0.6254809753291796,-0.9384687293578416,0.3912264504987417,0.5583016699678066,0.6249528873448269,0.6912978377771701,1.9963047323958591,1.3825956755543405,3.985232584586103,0.5880347407539102,0.6485778507717618,0.38189306028434544,1.4650554041470616,0.7637861205686909,2.14638733722051,0.5019093932867184
87,0.5575437545355736,-0.03230326250006332,0.9682129148831632,-0.06460652500012665,0.9374362485465514,0.7003085978510987,0.5197910319470163,-0.12930008312552693,0.8787102398625382,-0.25860016625105386,0.7721316856392794,0.6604022857682343,0.6148596920899458,-0.2046361630414536,0.814943769140265,-0.4092723260829072,0.6641333468605416,0.7203643721329381,0.7503851853063057,-0.2122629615059564,0.808751998958361,-0.4245259230119128,0.6540797958191448,0.7520574814200336
88,0.34822441687388683,0.13126303122560318,1.1402676678726928,0.26252606245120635,1.3002103543958297,0.580315639176943,0.4457174621636888,-0.11622427442259547,0.8902755348742719,-0.23244854884519092,0.792590527995671,0.5236040078345864,0.9155094561690648,-1.1304490578248227,0.3228882283762051,-2.260898115649645,0.1042568080239244,0.5142097921377285,0.6289165082256201,-0.059667496015133714,0.9420777261104673,-0.11933499203026744,0.8875104420334683,0.5559037896328098
89,0.09847096119222765,1.1969974858281596,3.310163175235658,2.393994971656319,10.957180246686214,0.45479035055232114,0.37486322572161,1.0815950453703045,2.949380196425187,2.163190090740609,8.698843543065074,0.4726812542968262,0.4680004350714254,1.119816164994662,3.064290827589854,2.239632329989324,9.389878276051313,0.46222323501769047,0.4118951118428786,0.7548178037630745,2.12722391585349,1.509635607526149,4.525081588179055,0.4901973636361065
90,0.804981697476669,0.5617543748146137,1.7537465317524947,1.1235087496292273,3.075626897633904,0.6558556045977335,0.5624571035568985,0.3890861456773296,1.4756316651471066,0.7781722913546592,2.1774888111848227,0.7255482067449219,0.6306809397701011,0.31038618685841834,1.3639517526775906,0.6207723737168367,1.8603643836322716,0.753907649094658,0.7001354483184071,0.4094292618041045,1.505958032018938,0.8188585236082089,2.267909594202352,0.5421184626295307
91,0.28496739575146834,0.6026291121125829,1.826915657974287,1.2052582242251657,3.3376208213516207,0.5484806681054851,0.6288741817188057,0.9778328831324204,2.6586883060175825,1.955665766264841,7.0686235085546425,0.4647821619305249,0.22967233382205668,1.163757082262742,3.201940660087532,2.327514164525484,10.252423990721782,0.5294319951099978,0.15254615802554472,1.1374847848964862,3.118913752330185,2.2749695697929724,9.727622994474354,0.5327453524934935
92,0.4288823694124092,0.4471978612072269,1.5639237085083435,0.8943957224144539,2.445857366034491,0.4233826556475341,0.6052401530530683,0.8338429971292204,2.3021489138979088,1.6676859942584408,5.299889621761321,0.43843519371203393,0.5247012419637029,-0.19658802391482688,0.8215290139125224,-0.39317604782965376,0.6749099207000815,0.372232758088752,0.942308522472276,-0.7914292429814372,0.4531966041157147,-1.5828584859628745,0.20538716198201584,0.34946768908236686
93,0.4826432259757576,0.6986252601974154,2.010986223504465,1.3972505203948309,4.0440655911247525,0.5975641414924796,0.3972204256542036,0.8320543472792941,2.2980348559899184,1.664108694558588,5.280964199344605,0.5687615764276549,0.4034795096629549,0.5311210481585713,1.7008379615194251,1.0622420963171426,2.8928497713455537,0.4913330642185592,-0.007562591883579661,0.4573572745006989,1.5798932389967777,0.9147145490013976,2.4960626466277294,0.5315367624915083
94,0.2072049568486284,0.4208923277955183,1.5233202503287953,0.8417846555910365,2.320504585061784,0.6087801391659073,0.42278953577087264,0.6125772195830488,1.8451807120065915,1.2251544391660976,3.404691859961152,0.6081677044064246,0.6026044154113428,0.05413341161685181,1.055625425455939,0.10826682323370362,1.114345038869032,0.5736763491831912,0.43598400766122025,0.3088726810630588,1.361888965209485,0.6177453621261176,1.8547415535593617,0.5570720349398518
95,0.6997182515464953,0.3996252077382736,1.4912656780533935,0.7992504154765472,2.223873322540048,0.5696756091497776,0.7611702169090888,-0.03138584044012649,0.9691015823492316,-0.06277168088025298,0.9391578769117844,0.4389204454486668,0.8495309223169243,-0.8673077295658748,0.4200809998279933,-1.7346154591317495,0.1764680464164865,0.6163595331171878,0.7584824768853099,-0.6492960323106498,0.5224134095058222,-1.2985920646212996,0.27291577043149784,0.5880032158639806
96,0.6803915779875416,0.3801082707449547,1.462442920647223,0.7602165414899094,2.13873929615118,0.5536502185450515,0.4239358664982084,0.281516809062656,1.3251382704665335,0.5630336181253119,1.7559914358550357,0.6336739273348954,0.5564097836809396,0.29724871449060924,1.3461500648435307,0.5944974289812185,1.812119997078242,0.656731262236689,0.5469157220550804,0.275211755212425,1.3168094866192213,0.55042351042485,1.733987224050377,0.5480633093960825
97,0.41924824363158825,1.1287873463494915,3.09190481617548,2.257574692698983,9.559875392289127,0.4911740600833491,0.7096282869936411,0.8751685725240045,2.399279712516144,1.750337145048009,5.756543138891552,0.3709592368593721,0.3822721733419958,1.2713816558911062,3.56577583562722,2.5427633117822124,12.714757309942998,0.4358966765268956,0.4455483821416447,0.919054337102461,2.5069185687637807,1.838108674204922,6.284640710412643,0.5458119442236185
98,0.6829834809169661,-0.16051470865047168,0.8517052960443154,-0.32102941730094336,0.725401911309935,0.6632770073147696,0.5557526412603643,0.30031943752250334,1.350290072006578,0.6006388750450067,1.8232832785595297,0.45613291220202745,0.5965814546645998,-0.19899955942733671,0.8195502544042844,-0.39799911885467343,0.6716626194941273,0.6339975607499998,0.7197186807867665,0.026812618764741863,1.0271753113507458,0.05362523752948373,1.0550891202485015,0.7204237702344538
99,0.4839819381097921,0.017352548756195962,1.0175039788617402,0.034705097512391925,1.0353143469994726,0.6725878296089718,0.539565553091344,-0.2717170517427272,0.7620698569251033,-0.5434341034854544,0.5807504668338475,0.6880957625098256,0.629144725097835,0.5073570096443971,1.6608956576184706,1.0147140192887942,2.758574385495892,0.5903910417966055,0.7163897133748253,-0.5327887277866887,0.5869657973091172,-1.0655774555733777,0.3445288472107277,0.6955963646029493
100,0.3886947194491923,0.4476397681601768,1.564614969994396,0.8952795363203536,2.448020004330565,0.6195294476194305,0.3475901313034112,0.02796681823432373,1.0283615610029428,0.05593363646864746,1.0575275001484092,0.5841003448944776,0.1221811387136102,0.2847082428815977,1.3293741171746298,0.5694164857631954,1.7672355434138265,0.5631476013955212,0.32926417256621665,0.45996333315570015,1.5840159030651615,0.9199266663114004,2.509106381163339,0.5557357305131871
101,0.23763299851274688,1.0708042526562551,2.917725144802952,2.1416085053125107,8.513120020615405,0.5210977053120792,0.3669745357517812,1.2758742640986602,3.5818315083311387,2.5517485281973205,12.82951695407372,0.5684512208629913,0.2682485478526987,1.076792094179627,2.9352484315538163,2.153584188359254,8.615683354939138,0.5311431810482882,0.2417204669008594,0.9695298812409144,2.636704603640934,1.9390597624818289,6.952211166861296,0.6095809245574382
102,0.583138343702038,0.6858084402658684,1.9853762450145325,1.3716168805317368,3.9417188342680047,0.5241856457585129,0.7358665550615735,0.5564955069261177,1.744548018514306,1.1129910138522354,3.043447788902192,0.4321910429052584,0.5646195718999953,0.466033375939898,1.593660188367528,0.932066751879796,2.5397527959876243,0.3708209999839748,0.5921720720200501,0.962423090133921,2.6180325226897936,1.924846180267842,6.854094289861485,0.34797334717658246
103,0.6083696728517161,0.45778528052182926,1.5805695875461123,0.9155705610436584,2.498200221075688,0.6905635523165757,0.5757288751446049,-0.39698129349888017,0.6723466027674974,-0.7939625869977605,0.4520499542529949,0.8049005047499586,0.406178641525424,-0.3026840101591312,0.7388325230596994,-0.6053680203182623,0.5458734971307612,0.6935969003414933,0.5780609952398666,0.7350677979945925,2.0856233887950166,1.470135595989185,4.3498249198888095,0.5624658959652409
104,0.4024786949597827,1.0085544565915956,2.741634996783922,2.017108913183191,7.516562455590376,0.4840871940115359,0.4633260663578998,1.335899179568255,3.803414361788048,2.67179835913651,14.465960807455584,0.5420294975189893,0.4428475079392228,1.1101552182192969,3.034829418697196,2.2203104364385937,9.21018960058996,0.6509208907306322,0.6713059494577784,0.8054938538803522,2.237801372865811,1.6109877077607044,5.007754984400108,0.7611069311259154
105,0.2547275127917851,-0.1857491251065745,0.8304819159117407,-0.371498250213149,0.6897002126564356,0.4936907797791378,0.3632766824073137,-0.10622317159868017,0.8992239444358298,-0.21244634319736036,0.8086037022467323,0.5106196868151094,0.652371137596012,-0.32304141613538506,0.7239438707896538,-0.6460828322707701,0.524094728053907,0.4733917739343245,0.7316304848445669,0.2260875997179424,1.2536854829628137,0.4521751994358848,1.5717272901917034,0.4719174694690204
106,0.23345704446454643,0.9495136098953724,2.584452301532095,1.8990272197907443,6.679393698894543,0.5637315880657365,0.37949853397816646,0.5105677466823274,1.666236926939623,1.0211354933646548,2.776345496697199,0.5345605338420997,0.4201856695055687,1.1780609412116585,3.248069894178933,2.3561218824233165,10.549958037471546,0.5774754894779425,0.3042041175101555,0.8512838024824336,2.342652425230944,1.7025676049648673,5.488020385440423,0.5503687442111375
107,0.6083753619984883,-0.04345936624043262,0.9574714589655922,-0.08691873248086524,0.9167515947336996,0.6076417587075956,0.6961610684618982,-0.009336708767586577,0.9907067429605222,-0.018673417535173157,0.9814998505474462,0.741005578692806,0.6083015556760478,-0.43175844269336494,0.6493662168958085,-0.8635168853867299,0.4216764836455743,0.5785421850090174,0.47922050117375575,-0.394463296251794,0.67404170289546,-0.788926592503588,0.4543322172422115,0.5833716732214721
108,0.13669633249027296,-0.156612388776263,0.8550354159185735,-0.313224777552526,0.7310855624750479,0.4975379572892248,0.447867013839313,-0.15256912309833265,0.8584995497565945,-0.3051382461966653,0.7370214769322755,0.49468193171712527,0.16027544684373118,-0.7835782716796468,0.4567686412816597,-1.5671565433592936,0.20863759165829357,0.4951477616420333,0.4320907952629678,-0.5345041939024733,0.5859597405475722,-1.0690083878049466,0.34334881754257807,0.4976143956700778
109,0.4045793023997869,-0.08407388455632181,0.9193633268341922,-0.16814776911264362,0.8452289267276337,0.5383778617416108,0.3139993335883256,-0.025216382201443843,0.9750988951534492,-0.050432764402887686,0.9508178553294776,0.5313415002303821,0.4613866948249672,0.1634376012135158,1.177551875086884,0.3268752024270316,1.386628418520636,0.5412886971179444,0.5234963299397642,0.352418170374651,1.422503248078048,0.704836340749302,2.0235154907925965,0.5398218398423648
110,0.4299254768929792,-0.056134622171884696,0.9454118539260002,-0.1122692443437694,0.8938035735437968,0.8080267413786877,0.6718410254165497,-0.04239717282967181,0.9584890191674954,-0.08479434565934363,0.9187011998646674,0.76697809442274,0.6485443828039158,-0.25659751611032044,0.773679544660912,-0.5131950322206409,0.5985800378267162,0.7653782062419043,0.7035007026985644,0.1169450465906332,1.1240576571926602,0.2338900931812664,1.263505616693452,0.7215023393146607
111,0.6504017421345855,0.4231228027942141,1.5267217701544065,0.8462456055884282,2.330879363463404,0.5074586759461376,0.7906001814476011,0.2139037089827029,1.2385033923000206,0.4278074179654058,1.5338906527386589,0.2653064104820759,0.710450848033088,0.46006564717110254,1.5841779783838124,0.9201312943422052,2.5096198671962227,0.3359678753110055,0.6456297381029736,0.2599397080184915,1.2968518945381715,0.519879416036983,1.6818248363672448,0.5460544982007445
112,0.37526953873000246,0.8243476765601692,2.280392726413279,1.6486953531203383,5.200190986678587,0.5396841159942368,0.5063797750553133,1.105144863301821,3.019661875313369,2.210289726603642,9.118357841221052,0.5298761428666758,0.4681736527774425,0.8439155912890592,2.325454703438336,1.6878311825781185,5.407739577743478,0.5474332777874696,0.3045461403309012,1.19194079082262,3.2934669391039626,2.38388158164524,10.846924478970823,0.5295118477857064
113,0.579997106843568,0.34161669706482173,1.4072208022617,0.6832333941296435,1.9802703863180628,0.5237269254655319,0.7356421779652331,0.3004839273132843,1.3505121992063434,0.6009678546265687,1.823883200205154,0.3910328186393255,0.7892540431436199,0.4679900715116741,1.5967815489813828,0.935980143023348,2.549711315167384,0.3205316911330527,0.6663364678864535,0.45661590805398766,1.5787223932265109,0.9132318161079752,2.492364394874842,0.4547810607831295
114,0.5369754787851331,0.5710999843986682,1.7702131877665632,1.1421999687973363,3.133654730142658,0.559391777494746,0.5152373767821559,0.4057584706399359,1.5004401083501508,0.8115169412798718,2.2513205187458123,0.5928494006644295,0.3724100392378663,0.3329304087751888,1.395050211838739,0.6658608175503775,1.9461650935513104,0.7160262768195074,0.6234120349592862,0.3830296114098069,1.4667214611156256,0.7660592228196138,2.151271844497156,0.6017714945144708
115,0.3059557909114706,0.3623634895814585,1.436721080202813,0.7247269791629171,2.064167462299138,0.5712210148615242,0.2484603788004917,0.11766391681810598,1.124865999288101,0.235327833636212,1.265323516354418,0.6097590573017668,0.3288446759149878,0.16092016880912874,1.174591196056958,0.3218403376182575,1.379664477854515,0.63078794350121,0.4850085968931856,0.14129076997245216,1.151759496377489,0.2825815399449043,1.3265499374957272,0.6148715573672043
116,0.16374052625575392,0.3235066185077831,1.381965302785876,0.6470132370155662,1.909828098104058,0.5272327748103859,0.47865675293016513,0.4671916955940377,1.5955072258091043,0.9343833911880756,2.545643307609064,0.5038088324640572,0.5170365218996704,0.2593572212941013,1.2960967154883405,0.5187144425882027,1.6798666958996642,0.5294804039073265,0.31940854667085267,0.2932066455888257,1.3407198156434306,0.5864132911776514,1.7975296240589544,0.5198996363288557
117,0.3158988277492751,1.7559381758405068,5.7888761789191525,3.5118763516810136,33.511087414857606,0.49042521692645047,0.6011620350836404,1.7747392608863866,5.898742902793,3.549478521772773,34.79516783325079,0.4482581717768089,0.22424842823424143,1.6164300139677381,5.035083016743344,3.2328600279354762,25.352060985497253,0.5818662731106901,0.4957928397423354,1.130562878203409,3.09739946818722,2.261125756406818,9.593883465526472,0.6176982093277374
118,0.5142236075937833,0.7783509765270096,2.177877930912268,1.5567019530540191,4.743152281954701,0.5648718316561527,0.5829044697797423,0.569784691304237,1.7678863691447044,1.139569382608474,3.125422214207646,0.5683834288710006,NA,NA,NA,NA,NA,NA,0.8221440377199392,-0.3576611562651918,0.6993099916747623,-0.7153223125303836,0.48903446445615606,0.5577696784166457
119,0.3880069163709972,0.9058294922880056,2.473983222174904,1.811658984576011,6.120592983602919,0.5243782147930753,0.2978985635319627,1.059765916596989,2.8856954167976747,2.119531833193978,8.327238038527106,0.5777046317740221,0.3571858791263066,0.8977307938567142,2.4540280924926536,1.7954615877134283,6.022253878743133,0.5543491289041969,0.2191377454348349,0.9910197702058868,2.693980312906458,1.9820395404117737,7.257529926327577,0.5211178685237388
120,0.28620311541796106,0.2787627958771918,1.3214938429013463,0.5575255917543837,1.7463459768261682,0.5490437167299436,0.4476117448629683,0.6978905597354317,2.0095092936139856,1.3957811194708634,4.038127601120979,0.5107871607300476,0.3437453626450827,0.6543929015726466,1.9239741210832944,1.3087858031452932,3.701676418598236,0.5302599690856178,0.6045373503134633,0.4047958635696465,1.4989964690334885,0.809591727139293,2.2469904141748653,0.40998666208761847
121,0.2708069528878373,1.1964407580853849,3.3083208284532617,2.3928815161707697,10.944986703977676,0.4405074191698055,0.7052721937489793,1.1514231301911924,3.162690629030146,2.3028462603823847,10.002612014955105,0.2852279891871154,0.4463395915656502,1.1060071084338707,3.0222666868974657,2.212014216867741,9.134095926730184,0.21900895673157705,0.4640060126948379,1.6287479940998724,5.09748863581642,3.2574959881997447,25.98439039227755,0.4507668926165777
122,0.6521567001343971,0.9811918138233728,2.66763367078603,1.9623836276467457,7.116269401511352,0.5927818056073023,0.4008008064279967,0.7151314625724203,2.0444554339633223,1.4302629251448409,4.179798021462156,0.5214745617779349,0.5966371885215895,0.9573448708896206,2.6047712797990337,1.9146897417792408,6.784833420065896,0.47792792462159694,0.6377622451401124,0.7306101048782951,2.076347010755786,1.4612202097565905,4.311216909074491,0.7205313685577062
123,0.4198093392728493,1.1010159896292206,3.007219776498999,2.2020319792584413,9.04337078416669,0.5002197886093627,0.3243036414505823,1.5338662274850394,4.636066304581071,3.067732454970079,21.493110780471987,0.4742348835596546,0.3436168117991646,1.316536372692117,3.730477989229632,2.633072745384234,13.91646602812676,0.5357790478382817,0.3808196569906401,1.400524028184161,4.057325562807165,2.801048056368322,16.461890722608477,0.5596672066241523
124,0.3365617391683814,0.23139806866579343,1.2603608497668175,0.46279613733158687,1.5885094716249348,0.4940467961504289,0.6327292057899998,-0.38789178956910575,0.6784857585281697,-0.7757835791382115,0.4603429245255458,0.47241291072958513,0.4233831215185513,-0.5505319775005199,0.5766429676863762,-1.1010639550010397,0.3325171121821512,0.5020298408849623,0.31877978217638925,0.276021073160762,1.3178756355398176,0.5520421463215239,1.736796190749478,0.5032939546370515
125,0.12940403069649986,1.0289417151207982,2.79810307707788,2.0578834302415965,7.8293808299527,0.5285958886320088,0.2524277669072625,1.4184945426523825,4.13089686772356,2.836989085304765,17.064308931768316,0.5326859570010677,0.17217082992453153,1.3636754961590696,3.9105400949513016,2.727350992318139,15.292323834221737,0.4764754223333786,0.31619519294865484,1.409928194544805,4.095661302688097,2.81985638908961,16.774441506336757,0.5166319892411688
126,0.5723052529166144,-0.1421923452981798,0.8674543896651667,-0.2843846905963596,0.7524771181493669,0.6497569580432142,0.4891163661788645,-0.03490577363889996,0.9656964060289492,-0.06981154727779992,0.932569548617229,0.634816464897118,0.5129922822782876,0.2738341109201424,1.3149966405611864,0.5476682218402849,1.729216164687206,0.5601158539200028,0.4408130499751148,-0.1173292437280688,0.8892923510288429,-0.2346584874561376,0.7908408855984067,0.564693893967116
127,0.5577922851005241,0.3610949280940489,1.4348996667040854,0.7221898561880978,2.058937053507496,0.5316889961830616,0.7172465781120038,0.17769927335710206,1.1944660594495993,0.3553985467142041,1.4267491671770536,0.5026230520978414,0.512492069563093,0.4057832998092475,1.5004773634941482,0.811566599618495,2.2514323183583502,0.4627337507351433,0.7053200374039774,0.8375924464043281,2.3107969069485628,1.675184892808656,5.339782345163044,0.32998040956174
128,0.4860031366697446,0.9666129589904626,2.629024747531584,1.9332259179809248,6.911771123133509,0.5466713414473883,0.4261668077940022,1.0110874714581568,2.7485884018107645,2.0221749429163136,7.554738202568652,0.5545911336646224,0.4618158555355476,1.19290631929784,3.296648410869495,2.38581263859568,10.867890744888369,0.4742521084586334,0.337598137573799,1.4527827243460134,4.274994108871473,2.905565448692027,18.2755746308858,0.46782619071059023
129,0.7084455844708789,-0.29717985848688505,0.7429103816078603,-0.5943597169737701,0.5519158351007366,0.5943768671819399,0.37683614835622525,-0.5747400616372932,0.5628511564012957,-1.1494801232745864,0.3168014242622758,0.5846689267068842,0.5462239056476226,-0.0849989270871318,0.9185132698856356,-0.1699978541742636,0.8436666269560024,0.6575440681394012,0.5011284946409543,-0.2902713068056776,0.7480605861166116,-0.5805426136113552,0.5595946405011285,0.6012351983438382
130,0.4038433832160276,0.6487565427559217,1.9131604161712408,1.2975130855118433,3.6601827780045153,0.5076956019424289,0.5496400151094978,0.4705295514253226,1.6008416968014467,0.9410591028506452,2.562694138218135,0.44166966151742487,0.5645615376993516,0.43656047938042425,1.547375823993789,0.8731209587608485,2.394371940680457,0.41255861731447246,0.42891564770157936,0.26570218011584834,1.3043465404999934,0.5314043602316967,1.701319897714301,0.4820544446772585
131,0.21269176357881037,0.5098327163671036,1.6650126422842657,1.0196654327342072,2.7722670989664318,0.5116734109075884,0.5970771438976953,-1.6748703291072702,0.1873324694756246,-3.3497406582145404,0.03509345411983582,0.5004495812730073,0.5479387428196386,0.09232933007326638,1.0967259474494575,0.1846586601465328,1.2028078038089107,0.5218106874130625,0.48682942302795373,0.301640114067925,1.352074546531647,0.60328022813585,1.828105579378759,0.6719729352317548
132,0.3225301376406317,0.5935304447784725,1.8103685526136268,1.187060889556945,3.277434296292358,0.5172024570469185,0.5809194905913628,0.2856968731555568,1.3306890265447937,0.5713937463111136,1.77073328536673,0.48046040967502296,0.4006868367096008,0.01898479427932237,1.019166151343763,0.03796958855864474,1.0386996440448586,0.5488228577600912,0.4690495216035693,-0.03611053045149132,0.9645336772482364,-0.07222106090298264,0.9303252145460053,0.5411389294281105
133,0.4933128817954296,-0.3570208673902832,0.6997578954611475,-0.7140417347805664,0.4896611122602143,0.7892057268325356,0.8996294679140191,-0.07303172980399786,0.9295713344416068,-0.14606345960799572,0.8641028658155495,0.4476121123633426,0.7621209976930978,-0.27539116464654023,0.7592750635672711,-0.5507823292930805,0.5764986221550836,0.6180458595955555,0.6941595967872062,-0.12709569119621716,0.880649398170702,-0.2541913823924344,0.7755433624984196,0.6516343995277261
134,0.2322611552758064,-0.889388712650639,0.4109068581599056,-1.778777425301278,0.16884444608284477,0.5907825708694439,0.7967393744678253,-0.6156348025810857,0.540297803982685,-1.2312696051621714,0.29192171698851194,0.7430655415297567,0.7663570974643844,-0.28252146063566674,0.753880463031763,-0.5650429212713335,0.5683357525409855,0.7740024470512328,0.798430317184524,0.36908604816402735,1.446412059422209,0.7381720963280547,2.092107845641996,0.7598544300546706
135,0.1464098015519648,1.6838356860401411,5.386176080109012,3.3676713720802822,29.01089276593848,0.555918044938201,0.4225680070079624,1.350310356838091,3.858622894883323,2.700620713676182,14.88897064491776,0.5248051101934117,0.3887316163504341,1.1798189976753606,3.253785206900131,2.359637995350721,10.587118172642128,0.4473396390351243,0.25516913285380355,1.5462195977123394,4.693692554399695,3.092439195424679,22.03074979522713,0.47869893565004407
136,0.4800607896269112,0.11089016123852068,1.1172721803219947,0.22178032247704135,1.2482971249214638,0.5123961563284289,0.5656382048373778,-0.3940824399931834,0.6742984647881555,-0.7881648799863668,0.45467841961566335,0.4628744748237474,0.1560102624527538,-0.2553695792829116,0.7746301577934043,-0.5107391585658232,0.6000518813630344,0.5829662441260779,0.7288919261149021,-0.2346517431884544,0.7908462192590198,-0.4693034863769088,0.6254377425162856,0.6428533781931861
137,0.8234970685840475,-0.1859716241479496,0.830297155036892,-0.3719432482958992,0.6893933656623568,0.5589263131688964,NA,NA,NA,NA,NA,NA,0.7817127028654485,-0.6189941905512807,0.5384857793906024,-1.2379883811025614,0.2899669346059045,0.531732912099807,NA,NA,NA,NA,NA,NA
138,0.4711877053704111,0.031779494215208426,1.0322898543224015,0.06355898843041685,1.0656223433369654,0.5250181374240744,0.3537028626029069,-0.8297933219517727,0.4361394174507056,-1.6595866439035454,0.1902175914542408,0.508893865769355,0.4023556363078448,0.23488647223902856,1.2647651746236577,0.4697729444780571,1.5996309469408108,0.5274485753823361,0.2570148177661756,-0.4294290718843061,0.6508805946948069,-0.8588581437686122,0.4236455485502654,0.5032795222789402
139,0.418977489658214,1.3098980344319158,3.705795829368061,2.6197960688638315,13.732922728961716,0.4895336075763697,0.3922668242872289,1.5222460972733551,4.582506399656498,3.0444921945467103,20.99936490289276,0.5266796953464602,0.23681535303876036,1.536064062983797,4.646266821102415,3.072128125967594,21.587795372877142,0.5347362860813586,0.40684541322918144,0.9702079140891116,2.638492982194384,1.9404158281782236,6.961645217089013,0.520049917330672
140,0.5055608884977537,0.4998156033752012,1.6484172800908594,0.9996312067504024,2.717279529302147,0.48948546971192336,0.3802074307138618,0.7642856804884628,2.147459854177429,1.5285713609769256,4.611583825303744,0.518539360646269,0.33862173212813884,0.8794665717163886,2.409614007269488,1.7589331434327773,5.80623966402932,0.5145801837500714,0.2718218280876522,0.9059635405684908,2.474314877600209,1.8119270811369816,6.12223411351374,0.5298222825994235
141,0.3742331430926602,0.25869701711201354,1.2952413094187876,0.5173940342240271,1.6776500496248954,0.6598487113214507,0.3865636325162539,0.44187014165876737,1.5556137179002307,0.8837402833175347,2.4199340393193784,0.5909491164109931,0.4067032719213473,0.5450878742159126,1.724759937644596,1.0901757484318253,2.9747968425037903,0.6080261898022467,0.2947869325119242,0.38928381533870327,1.475923381589464,0.7785676306774065,2.1783498283224785,0.5736165452439975
142,0.21070626404354523,0.4475199294181396,1.564427479739142,0.8950398588362792,2.447433339362964,0.5695408551679345,0.5448272224629216,0.6550035392042629,1.925149330861024,1.3100070784085258,3.706199946114648,0.5831906446376534,0.4361829527726245,0.5507963209360742,1.734633793230236,1.1015926418721484,3.0089543966163173,0.6194160635614472,0.5265374076673115,0.7856890934385492,2.1939182346222528,1.5713781868770984,4.813277220208022,0.6080425236086938
143,0.7209372329972291,0.1658892136823523,1.1804423176213004,0.33177842736470453,1.393444065231147,0.7730519434406107,0.6929212847668558,-0.0011043967353179251,0.9988962128863146,-0.0022087934706358503,0.9977936441186216,0.7788743771344572,0.39174839901534375,0.620761262720467,1.860343713245193,1.241522525440934,3.460878731410913,0.7267992164437409,0.5534477233812722,0.051246387884279765,1.05258220483876,0.10249277576855952,1.1079292979432256,0.6004436543683737
144,0.4996439475918281,0.5946343890314097,1.8123682021206935,1.1892687780628195,3.284678500058196,0.7097369122875435,0.6454310895800744,0.5461002519384542,1.726506930341234,1.0922005038769085,2.980826180516311,0.6656518964134979,0.7134099096722958,0.3671738889558636,1.443648931895771,0.7343477779117271,2.0841222385638005,0.6540604852003988,0.8064004775599984,-0.006964137588736374,0.9930600558227808,-0.013928275177472749,0.9861682744707444,0.2941310734043279
145,0.5904911938150927,-0.9987605914032772,0.3683356767861561,-1.9975211828065544,0.13567117079351565,0.5971566565990976,-0.0016360360772272875,-7.88768450693725,3.753376613252631e-4,-15.7753690138745,1.408783600091179e-7,0.5999748999728068,NA,NA,NA,NA,NA,NA,NA,NA,NA,NA,NA,NA
146,0.2773092253253101,0.3129739758466412,1.367485942900638,0.6259479516932824,1.8700178040308464,0.5390555454299224,0.3560448726307152,0.2748913137006592,1.3163875937962186,0.5497826274013184,1.7328762971005982,0.5043907591072156,0.4133330423842936,0.45926077065482873,1.5829034237297754,0.9185215413096576,2.505583248855445,0.7112858271512987,0.377816587377566,0.4169082296213546,1.5172632667213517,0.8338164592427092,2.3020878205419475,0.6219615795288962
147,0.6125627380539183,0.5120861092737583,1.66876880042252,1.0241722185475166,2.7847893092636165,0.5270028795154229,0.3817500886907714,0.17137783271136475,1.1869391287393518,0.3427556654227295,1.4088244953325315,0.4996101246951684,0.3024443617757948,0.7917450174635043,2.2072447482167505,1.583490034927009,4.871929378530426,0.5126352782554089,0.23624108649751824,0.23760233109564527,1.2682047669341483,0.47520466219129054,1.608343330874498,0.5041604611793614
148,0.5970110955753876,0.010816605594404227,1.0108753165662256,0.02163321118880845,1.021868905642867,0.6386314017929949,0.5714561947328788,-0.012634511203986898,0.9874449691487588,-0.0252690224079738,0.975047567097193,0.6595364776570894,0.6237357087347749,-0.1867385692460336,0.8296606068338471,-0.3734771384920672,0.6883367225319075,0.6289874292547644,0.7651858092042312,0.07753230434436445,1.0806171405229494,0.1550646086887289,1.1677334043919958,0.5044872594396417
149,0.43477440176787846,0.2451592634813952,1.277824807827333,0.4903185269627904,1.6328362394989608,0.5811287381614354,0.062132839159112885,-0.3025920509306207,0.7389004686525827,-0.6051841018612414,0.5459739025750064,0.5824250512365641,0.5076465017360757,0.6914203368945057,1.99654929294243,1.382840673789011,3.986209079148917,0.5068490740496957,0.4498472395020185,0.5773086533145827,1.781238044788441,1.1546173066291654,3.1728089722017483,0.4322936361235323
150,0.20276751688529887,0.36091565667748926,1.4346424532644122,0.7218313133549785,2.058198968708531,0.5443649894100195,0.6098070089659797,0.5924940593520132,1.8084932849470692,1.1849881187040263,3.270647961698642,0.4489157220539773,0.5091355851745388,0.4329054553516287,1.5417304514464742,0.8658109107032573,2.3769327849173494,0.5135191825579513,0.605377469456862,0.8570984889544676,2.3563138946855977,1.7141969779089352,5.55221517028841,0.4866481152874005
151,0.54525135743218,0.991856544501615,2.696235509799302,1.98371308900323,7.269685924302702,0.4282439133448533,0.2197310510326047,0.8515628971495639,2.343306338277343,1.7031257942991278,5.49108459501077,0.53429149567352,0.35211875119818115,0.25669190836093,1.2926468117287748,0.51338381672186,1.6709357798725666,0.5114365740253625,0.29993459494318603,0.7565910894323404,2.1309994380891726,1.5131821788646809,4.54115860513637,0.4910944561918975
152,0.35879943580132767,0.429404638578156,1.5363425721137407,0.8588092771563121,2.3603484988890644,0.5732269689436517,0.5241465843698885,0.7032269641642572,2.020261511483636,1.4064539283285145,4.081456574782146,0.5826427429324924,0.5114205169093236,0.6834031970539721,1.980606670570838,1.3668063941079442,3.9228027835097,0.4768021403601997,0.4356020893548441,0.6108911332240492,1.842072199325032,1.2217822664480984,3.39322998752616,0.5074902357941622
153,0.1229270278600756,0.4975735881891843,1.644725643415122,0.9951471763783686,2.7051224421072875,0.5614668306066405,0.31337582340113324,0.3728384011262149,1.4518497035978035,0.7456768022524298,2.10786756183703,0.5598446735367089,0.06728094163583392,0.17590565925155385,1.1923255684580285,0.3518113185031077,1.4216402611987609,0.5457639865585363,0.18104194747442665,0.4547457767236978,1.5757727340018486,0.9094915534473956,2.4830597092236606,0.5712293641797302
154,0.3430006209965811,0.9681439922227988,2.633052954661316,1.9362879844455976,6.932967862050686,0.4403385899105308,0.6360153755164709,0.590572384041907,1.805021285149498,1.181144768083814,3.258101839842745,0.46373433915309537,0.5593759158743694,0.29345573651159995,1.3410538183762883,0.5869114730231999,1.7984253437816229,0.6044487846488075,0.48027979708242863,0.5960722370454015,1.814975986490244,1.192144474090803,3.294137831536234,0.5358554473163842
155,0.4358972157033468,0.6828653136878073,1.9795416216495505,1.365730627375615,3.918585031842932,0.5582486561354999,0.6531184572724752,0.4005411812209938,1.4926322636527187,0.8010823624419876,2.227951074497039,0.5420372391046571,0.2492439116972764,1.2926158568442063,3.642301845219893,2.5852317136884126,13.26636273169224,0.617461838968428,0.390679112635868,1.0717892318778603,2.920600459274977,2.1435784637557207,8.529907042717207,0.5826713244855929
156,0.4292937118514423,-0.01770170462175269,0.9824540501557024,-0.03540340924350538,0.9652159606673436,0.5972645887377965,0.34362339846389645,0.3489940138778758,1.4176407041462031,0.6979880277557516,2.0097051660521426,0.5724308072049961,0.4060408649568792,0.20293192863256643,1.224989078727632,0.40586385726513285,1.5005982430019722,0.638169204061143,0.3869394173961673,0.6742077662317536,1.9624776189088768,1.3484155324635072,3.851318404718254,0.6040015739201071
157,0.4126637439282165,-0.22859206566907303,0.7956530415027528,-0.45718413133814606,0.6330637624525813,0.7819119689974382,0.5935814315103662,-0.6495492642549607,0.5222811344912353,-1.2990985285099217,0.2727775834454518,0.7873235078243535,0.697418538932258,-0.8712285688577909,0.4184371544707133,-1.7424571377155815,0.1750896522415476,0.891786706876423,0.8274094453969367,-0.5428300446122368,0.5811013802819844,-1.0856600892244737,0.3376788141656275,0.8707475028151438
158,0.6504238442319376,0.04434186878133295,1.045339662805355,0.0886837375626659,1.0927350106340137,0.6198921681380124,0.829814060137452,-0.016679946350525277,0.983458393718344,-0.03335989270105055,0.9671904121750652,0.19727728885435517,0.6921127454514627,-0.6580500872879458,0.5178601326936514,-1.3161001745758916,0.26817911703348624,0.51455107629387,0.4324384937077497,-0.231190567876417,0.7935882192026237,-0.462381135752834,0.6297822616571915,0.6123645449685728
159,0.3837939302757576,0.06154039895098612,1.063473458873117,0.12308079790197224,1.1309757977275512,0.6487687606480338,0.5825618404302324,0.2481099216763041,1.281600800159964,0.4962198433526082,1.6425006109706604,0.6639164357037821,0.3964064475862348,0.058214177385300825,1.059941987004566,0.11642835477060164,1.1234770158151877,0.5055491764694586,0.4720949036488197,0.01500090913754995,1.0151139874935429,0.0300018182750999,1.0304564076050406,0.5254012342875285
160,0.23616913683744176,0.9090816598635708,2.482042127544944,1.8181633197271416,6.160533122907832,0.5630499062109579,0.6483557912912323,0.5932732394477235,1.809902976048228,1.186546478895447,3.275748782708233,0.5274143935355516,0.6417795573013603,0.72070639083225,2.055884956118837,1.4414127816645,4.226662952795752,0.5772916054623708,0.41037837296662016,0.78302050869176,2.188071382765265,1.56604101738352,4.787656376076299,0.5629432899785332
161,0.5262912075152051,0.7379115358908317,2.091562796119272,1.4758230717816634,4.374634930110267,0.6429205804405548,0.5255940404018197,0.5175180538205782,1.6778581240095878,1.0350361076411565,2.8152078843049733,0.6283175506734201,0.4737563493719496,0.16396531292695266,1.1781734469955103,0.3279306258539053,1.388092671205283,0.6162230478388607,0.555558438974144,0.18911445851346745,1.2081792309679549,0.3782289170269349,1.4596970541423182,0.5725628356703034
162,0.27641256891873867,0.9201896901870996,2.5097664228478105,1.8403793803741992,6.298927497254295,0.5643357590731862,0.4556506711581335,1.054549848552479,2.8706826210681617,2.109099697104958,8.24081871090277,0.5371030773274238,0.4715517562052231,0.5176842364306667,1.678136978021696,1.0353684728613337,2.81614371700379,0.6735676288765892,0.291713012087227,0.4264852314698607,1.5318639033975288,0.8529704629397213,2.346607018532313,0.5470511936246192
163,0.7681907866139832,-0.7621127703107582,0.4666793983172013,-1.5242255406215164,0.21778966081370504,0.5569647690227595,0.8602586420342464,-0.8049198855316727,0.4471237462057051,-1.6098397710633454,0.1999196444210238,0.5682379499221297,0.3464418226144983,-1.0632085047927595,0.3453459865916162,-2.126417009585519,0.11926385045493676,0.7969476570752623,0.8594681803576006,-1.180558968334426,0.3071070275114126,-2.361117936668852,0.09431472634689554,0.6245790691087398
164,0.46659281200492125,0.33738530615317713,1.4012788811095882,0.6747706123063543,1.9635825026437397,0.4854347658044833,0.5833238042639375,0.2191468178203026,1.2450140535193386,0.4382936356406052,1.5500599934606545,0.5160408183534535,0.5385708322517354,0.0663122138141185,1.0685602843731383,0.132624427628237,1.141821081339602,0.3799749739984256,0.6430888449690193,0.8372994653887834,2.310119986491311,1.6745989307775668,5.336654351986615,0.4854321358948135
165,0.512126933959325,0.08902778446319709,1.0931110274075175,0.17805556892639418,1.1948917182399186,0.4766126042973281,0.3758001020230274,-0.08019191067380466,0.9229392075045654,-0.1603838213476093,0.8518167807491552,0.486782090559332,0.7589212309425594,0.3142377028900935,1.369215164269995,0.628475405780187,1.8747501660669093,0.419548336955163,0.6821078073702783,0.8590440147407292,2.360902626428812,1.7180880294814584,5.573861211478461,0.3846617647016527
166,0.4745905400761107,0.2908286773875238,1.3375354142581706,0.5816573547750477,1.789000984394776,0.5870589992276726,0.4335536479930868,0.17584333530807147,1.1922512603422988,0.3516866706161429,1.4214630677878,0.6010840921435482,0.10058445775033704,-0.7846849443294769,0.45626342752373966,-1.5693698886589538,0.20817631529571085,0.6046044982736005,0.2838968406767651,0.09290762814162848,1.0973603653700386,0.18581525628325696,1.2041997714850643,0.55842530040561
167,0.3942601431463935,0.8416925704414298,2.3202909108881653,1.6833851408828595,5.383749911150232,0.5972489143360162,0.5266163848124036,0.8745304521349224,2.3977491715990955,1.7490609042698448,5.749201089904148,0.5853311809178594,0.5521397425650133,0.9829075744875836,2.6722146204877446,1.9658151489751676,7.140730977948461,0.56125871531079,0.30235676514145426,1.046742731735909,2.8483581248687537,2.093485463471818,8.113144007505843,0.5555329440055939
168,0.3576211337992687,0.6272173169880948,1.872393046938488,1.2544346339761896,3.5058557222235947,0.5680558505453853,0.5234448242584658,0.836394997251269,2.308031501196273,1.672789994502538,5.3270094105143215,0.6509305365316987,0.5099143392333304,0.7496580019473507,2.116276130520407,1.499316003894701,4.478624660610427,0.6046443199229383,0.8138480422547343,0.17247340571379793,1.1882402197943076,0.34494681142759587,1.4119148199368243,0.3037825272369438
169,0.40127323962558525,-0.031163098908146118,0.9693174655625147,-0.06232619781629223,0.9395763490445372,0.6553403312632904,0.3110758874240681,-0.0601575595110973,0.9416161613138064,-0.1203151190221946,0.8866409952473485,0.6585163627508099,0.18755033676283484,-0.04018867596461023,0.9606081783784172,-0.08037735192922046,0.9227680723675012,0.6657415037788592,0.6742262856743243,0.04678757623683474,1.047899386704209,0.09357515247366947,1.0980931246550574,0.6520803607538013
170,0.14556494186307273,1.1397383439844404,3.1259503344601405,2.279476687968881,9.771565493511464,0.5298981620196174,0.30652370631066683,1.313881281117113,3.72058636594344,2.627762562234226,13.842762906444207,0.5176389742954695,0.3211524727947241,1.178053521021268,3.248045792971336,2.3561070420425363,10.549801473238794,0.530269382548859,0.33365087392109216,1.6834371035749212,5.384029672557516,3.3668742071498423,28.987775514979795,0.5048008125930605
171,0.2699262977779867,0.08128128153175729,1.0846759529748953,0.16256256306351458,1.1765219229619972,0.5462437568945496,0.5841182297561646,0.23101314722102503,1.2598758032059962,0.46202629444205007,1.5872870395039542,0.49847881309743297,0.20552095275210927,0.3943834414166831,1.4834692631893185,0.7887668828333662,2.20068105482746,0.5705723745387389,0.8631375795490526,-0.013154361569229224,0.98693177892351,-0.026308723138458445,0.9740343362491244,0.3943122987600222
172,0.5064942024198852,0.48593632543094734,1.62569647739301,0.9718726508618948,2.6428890366080418,0.5715366837444958,0.4887336820732209,0.12792091550060064,1.136463122525912,0.2558418310012013,1.2915484288613464,0.47698880403677246,0.4891236716581109,0.8238675826046105,2.279298186411071,1.647735165209221,5.195200222576797,0.5140578409902885,0.6139718241578849,0.2195884280086617,1.2455639858289411,0.4391768560173235,1.5514296427940786,0.4203249756818391
173,0.46155804814991885,0.9239112201305936,2.5191239951844104,1.847822440261187,6.345985703113866,0.4740139653439355,0.5912138016271831,0.9794332756691504,2.662946657548135,1.958866551338301,7.091284900946784,0.45746820233245705,0.4485487195626908,0.58368095844008006,1.7926248787698675,1.1673619168801601,3.2135039559846823,0.4577217780786618,0.3569878007621341,0.5822847455500539,1.7901237392750613,1.164569491100108,3.204543001916128,0.5325408493961756
174,0.5780465185806792,0.09873236321566234,1.103770850343075,0.19746472643132468,1.218310090067075,0.7005216455978401,0.526807038408677,-0.239935612752612,0.7866785114998497,-0.479871225505224,0.6188630804556191,0.6982060700978209,0.51297727114145,-0.3897179146336141,0.6772478892746416,-0.7794358292672281,0.45866470352695726,0.7160663982321243,NA,NA,NA,NA,NA,NA
175,0.6183556301241504,0.4088692406394905,1.5051148997559785,0.817738481278981,2.2653708614674493,0.5684096473893929,0.7455214099137932,0.1884527291585268,1.2073800077686838,0.3769054583170536,1.457766483159507,0.5515418294503,0.444796093146226,-0.10749116042793344,0.8980844610980311,-0.21498232085586688,0.8065556992657409,0.5472235977946714,0.19751232462023727,-0.3612061627566969,0.6968353221660489,-0.7224123255133938,0.4855794662182612,0.5065033308193775
176,0.07982833897902208,0.8397251602456894,2.315730434527865,1.6794503204913789,5.362607445398615,0.5000615924967404,0.36832235591873097,1.0084386122630429,2.741317412314118,2.0168772245260858,7.5148211550565716,0.5684248586727303,0.4649933179610611,1.0900891540626882,2.974539253000964,2.1801783081253765,8.847883767643532,0.5334347742026957,0.42452421779781385,1.173520099428464,3.233354358433757,2.347040198856928,10.454580407202574,0.5461030694776495
177,0.6627170363016699,-1.296047293830698,0.273611162944392,-2.592094587661396,0.07486306848778261,0.612774917060977,0.6556551305639994,-1.526813098917592,0.21722684584236643,-3.053626197835184,0.04718750255462323,0.6010508208524387,NA,NA,NA,NA,NA,NA,0.4249443929626737,-0.9458350835826318,0.38835512646115616,-1.891670167165264,0.1508197042486606,0.5989366050939712
178,0.6491090431968569,0.438871248343138,1.550955586430603,0.8777424966862759,2.405463231080296,0.7007538264775502,0.6831029662677452,0.2338257363135947,1.2634243040462174,0.4676514726271894,1.5962409720546689,0.6848274368305858,0.7102008758984536,0.19556136557891884,1.2159934117723388,0.3911227311578377,1.4786399774737329,0.7119405260357196,0.7101100400008267,0.1274640664459442,1.135944049000887,0.2549281328918884,1.2903688824605295,0.6699945419486966
179,0.4759005931799627,0.10799178195788812,1.1140385901328005,0.21598356391577625,1.241081980305078,0.49838398439469794,0.5877924850092381,0.05966671749185448,1.0614827139642666,0.11933343498370896,1.1267455520449452,0.4240865924683225,0.4218737267046445,0.4447097471580592,1.5600373248452306,0.8894194943161184,2.433716454910264,0.4773947929817606,0.6826552784750927,0.20256780211277903,1.2245431089172625,0.40513560422555805,1.499505825596754,0.6200338763699824
180,0.629911071151462,0.5465407224405562,1.7272675732238023,1.0930814448811124,2.983453269510443,0.5647074583070839,0.3441384425485614,0.7047346675725135,2.023309764002992,1.409469335145027,4.093782401109844,0.6264828338810656,0.46234795869282713,0.95132642578644,2.58914168694599,1.90265285157288,6.703654675081527,0.5687218498689108,0.5842138993002701,0.9591537200599988,2.609487182059625,1.918307440119997,6.809423353333481,0.6003396528620313
181,0.528569917550037,1.3251074265554512,3.762589535323028,2.6502148531109024,14.157080011322362,0.5154394653392681,0.34044756377079766,1.3484586026338312,3.851484285230143,2.6969172052676624,14.833931199374744,0.5913259233078735,0.288199269113624,1.321519970836312,3.749115595008498,2.643039941672624,14.055867744735922,0.48009631607316217,0.4057272765215831,1.358128108523069,3.8889068725910954,2.716256217046138,15.123596663686246,0.5852973601982572
182,0.7739935799081992,0.20045183048684329,1.2219547498569687,0.40090366097368657,1.493173410698007,0.6935835708268864,0.8117626370005848,-0.24848539273693804,0.7799812541432827,-0.4969707854738761,0.6083707568149281,0.7820740351601527,0.5133991042292952,-0.025936477152968707,0.9743969841134406,-0.05187295430593741,0.9494494826493686,0.7715358145241865,0.5377932552918974,-0.08927873680365217,0.9145906079792367,-0.17855747360730434,0.8364759802038301,0.6992359655750312
183,0.5566634694341853,-0.6412752222607385,0.526620437563114,-1.282550444521477,0.2773290852591657,0.5780103188531337,0.4402430314125888,-0.15998694972455657,0.8521549097499392,-0.31997389944911314,0.726167990210927,0.5527442371038253,0.6402684309217122,-0.3188845858826752,0.7269594458475959,-0.6377691717653504,0.5284700359070437,0.553130234350619,0.23584969227036584,-0.020073787054413594,0.9801263500022064,-0.04014757410882719,0.9606476619686478,0.5670886715401594
184,0.3156005558265496,1.0107706672068466,2.747717775236351,2.021541334413693,7.549952972349802,0.5913408519610474,0.44903372957820303,0.29314787196135245,1.3406410189920452,0.5862957439227049,1.7973183418040295,0.4914255997456436,0.4150475654625893,0.45063820275972233,1.5693134061119534,0.9012764055194448,2.4627445666027006,0.5726483422742501,0.3292143448309824,0.6896404592100766,1.9929988400333196,1.379280918420153,3.9720443763741566,0.527427287456946
185,0.4574060738823283,0.2549261724732764,1.2903663527998357,0.5098523449465528,1.6650453244379495,0.6953269457777482,0.7215743400818357,0.192609777354599,1.2124095915199438,0.385219554709198,1.469937017609557,0.7568756023221046,0.42137259384736897,0.685741579397732,1.9852435054728037,1.371483158795464,3.941191776021944,0.6374027687896213,0.6657879465064527,0.6689346400507659,1.9521564630911925,1.3378692801015315,3.8109148563887145,0.623759502867346
186,0.2975296987991766,1.2064154413538553,3.3414854089873915,2.4128308827077105,11.165524738475636,0.5036902447821195,0.32874178455215053,1.5043359927016606,4.501163832138879,3.0086719854033213,20.26047584375516,0.5150602905701439,0.5521116439324485,1.1503905418921598,3.159426557204361,2.30078108378432,9.981976170368204,0.5074169905590727,0.21836495634990533,1.336770180767492,3.8067285833943303,2.673540361534984,14.491182507631407,0.5348956466305105
187,0.363931051955003,0.9333588203926956,2.5430364515029957,1.866717640785391,6.467034393672946,0.6566587254923199,0.2923259281137074,1.0918828436813912,2.979879441067686,2.1837656873627824,8.879681483297864,0.5691403519557374,0.11434612615510092,1.1356919215360213,3.113326975799146,2.2713838430720426,9.69280485823866,0.6339207504056391,0.4794798793306365,0.8075312947304824,2.242365408695046,1.6150625894609647,5.028202626112101,0.5236468716520489
188,0.3341127834686968,-0.22698414538727105,0.7969334172606796,-0.4539682907745421,0.6351028715467844,0.5895214115603272,0.3280058640535741,-0.8158020125710502,0.4422844673764717,-1.6316040251421005,0.1956155500824893,0.49534658254292335,0.3850526387592845,-0.5676949881133795,0.5668304850537875,-1.135389976226759,0.32129679878631207,0.49209179410820186,0.12279694404826463,-0.8727336702118075,0.4178078378543951,-1.745467340423615,0.17456338937256452,0.4998034424526252
189,0.3034714587413917,0.2185601334625528,1.2442838374730711,0.4371202669251055,1.548242268196712,0.5249756932422402,0.7006876942075836,0.5302019210914752,1.6992753935215228,1.0604038421829505,2.887536863027726,0.5432155276878925,0.5473236707299834,0.6649331004817609,1.944360440208964,1.3298662009635218,3.780537521449596,0.4788868044644845,NA,NA,NA,NA,NA,NA
190,0.3152596295788844,0.9419780375938194,2.5650501692514647,1.8839560751876387,6.579482370776968,0.6182311924784915,0.47980424709510094,0.5185502609454011,1.6795909152655222,1.0371005218908025,2.8210256426424745,0.6471328009545597,0.3181821430303096,0.4048137679654024,1.4990233078997726,0.8096275359308047,2.2470708776267765,0.7377804113095746,0.7000588578138353,0.5591630465332399,1.7492078818720465,1.1183260930664798,3.0597282140032918,0.715521645923367
191,0.456325365181531,0.20705953974914693,1.2300558068147078,0.4141190794982939,1.5130372878785818,0.6048740794386946,0.7035520640364552,-0.32492824067282056,0.7225792035791744,-0.6498564813456411,0.5221207054451139,0.503195141848169,0.5732919513212168,0.3468273688454924,1.4145725050063396,0.6936547376909848,2.00101537191991,0.49466778838886416,0.7708013676718821,0.12063902007146508,1.1282175749518737,0.2412780401429301,1.2728748964302867,0.6186519781703775
192,0.4068657414777885,0.809332522902599,2.246408060217268,1.618665045805198,5.046349173009108,0.6127944656930155,0.3877122393313295,0.03874057589081023,1.0395007771043778,0.07748115178162046,1.0805618656006053,0.5187847590381134,0.27494388907007905,0.3974666046061888,1.4880500991179584,0.7949332092123776,2.214293097484966,0.5576194200080291,0.3146460682423751,0.10360114011621174,1.109157968058078,0.20720228023242349,1.2302313981067243,0.5773644306316263
193,0.4229081675877026,0.12146379860161158,1.1291484884309817,0.2429275972032232,1.2749763089259702,0.4887020549124911,0.3247180726217256,0.42639639577003385,1.5317278252400195,0.8527927915400677,2.3461901306145205,0.4826909623496071,0.25052151662948574,0.597658844258165,1.817857926129947,1.19531768851633,3.304607439593472,0.5035298517913437,0.3369126739494679,0.714757857216513,2.0436917571290403,1.429515714433026,4.176675998157184,0.5258625763399825
194,0.46326785067682974,0.5649837614158955,1.7594192120129923,1.129967522831791,3.095555963600419,0.5028605260767397,0.5822210329689561,0.3329595712430965,1.3950908955389871,0.6659191424861931,1.9462786068157727,0.421201211805522,0.4317270951205283,0.5319463620328397,1.702242266103267,1.0638927240656797,2.8976287325083856,0.5324360727064598,0.7518250212444564,0.6855834384713548,1.9849295820484885,1.3711668769427097,3.939945445691187,0.5180688541931435
195,0.5642038233532846,1.4902975715131173,4.4384160687003416,2.9805951430262345,19.6995371988974,0.4319371169869324,0.7392401341964459,0.10738072519447384,1.113358057260878,0.21476145038894767,1.2395661636677162,0.13839112183090926,0.5837342631884576,1.2119376665152128,3.359988886953114,2.4238753330304257,11.289525320448426,0.29120437431419455,0.1996130325189109,-0.0671859077076078,0.9350213575006856,-0.1343718154152156,0.8742649389824247,0.4948574164919302
196,0.15417847786715594,1.4477600751590132,4.253576145669753,2.8955201503180263,18.09291002701076,0.6246312857161281,0.18190881106307227,1.487806623228455,4.427373962175076,2.97561324645691,19.60164020094583,0.5943283876591449,0.12062188782933658,1.3846619507394182,3.993475685106602,2.7693239014788364,15.947848047537644,0.5797640880993055,0.1693765537094608,1.0921813549630022,2.9807691014789133,2.1843627099260043,8.884984436331408,0.5691962660157801
197,0.3028459400307694,0.5642677120414337,1.7581598319297846,1.1285354240828671,3.0911259946113687,0.4937844825604937,0.8212788798437346,0.6933454880793749,2.0003966543673317,1.3866909761587498,4.001586774804013,0.37963704406414894,0.634767096244472,0.04086851707062639,1.0417151287839186,0.08173703414125277,1.085170409537296,0.5705486300775484,0.5118563596029801,-0.0622143205971879,0.939681472113933,-0.1244286411943758,0.8830012690342083,0.5988634862523582
198,0.6328295621944313,-0.019334027656773944,0.9808516759307534,-0.03866805531354789,0.9620700101761676,0.34555941094307413,0.678183358730237,-0.46303800983379406,0.6293687098534609,-0.926076019667588,0.3961049729426099,0.32464523916828675,0.40838086862126816,0.1016471143886424,1.106992760976661,0.2032942287772848,1.2254329728547309,0.4752704760470178,0.5970320046502341,-0.22964230851605,0.7948178512403072,-0.4592846170321,0.6317354166502591,0.5218289245337063
199,0.2407624239215105,-0.1298620698597459,0.8782165550996501,-0.2597241397194918,0.7712643176510968,0.5075168241407748,0.8661524463770682,-0.7367475809972287,0.478668216134642,-1.4734951619944574,0.22912326113752035,0.1719513496284719,NA,NA,NA,NA,NA,NA,0.22735759078530943,-0.5282938731786593,0.5896100615676054,-1.0565877463573186,0.3476400247017555,0.5038622743693146
200,0.5517361188760453,-0.012469368806835024,0.9876080516435658,-0.024938737613670048,0.9753696636712,0.6276155065857735,0.911630395171876,0.11767637545969976,1.124880013677727,0.2353527509193995,1.2653550451716034,0.7268553993027205,0.5432750434586309,-0.029286495009900604,0.9711381983598288,-0.05857299001980121,0.943109400313574,0.6555601367360511,0.7514516029778039,-0.33112135816794164,0.7181180142656282,-0.6622427163358833,0.5156934824128089,0.7266700200125417
201,0.3329310110125148,1.2500009365465004,3.490346226331854,2.5000018730930007,12.182516779669012,0.5302852312346061,0.5997451443750889,1.263106797964312,3.5363912913244206,2.526213595928624,12.506063365355203,0.526130489516544,0.3979953634286567,1.0783028940856276,2.9396863561722086,2.1566057881712557,8.641755872665037,0.517415450974601,0.4612222375280242,1.2126389215292803,3.3623459223521563,2.425277843058561,11.305370101558172,0.464703365884668
202,0.5557533771722747,0.322963885188747,1.381215467668959,0.645927770377494,1.907756168127981,0.6881253098817767,0.5569132816763527,0.17011944443057253,1.1854464378390783,0.34023888886114506,1.4052832569853604,0.6922785929332931,0.4132344943540762,0.2379067483461334,1.2685908891104984,0.4758134966922668,1.609322843934165,0.7117739084443386,0.7004095682819897,0.28194245955705405,1.3257024362867156,0.5638849191141081,1.7574869495765333,0.6603100813716075
203,0.5449026379312605,-0.26320988508174364,0.7685805667862309,-0.5264197701634873,0.5907160876414439,0.827468750279607,0.759268473385543,-0.21825708301375785,0.8039187412452987,-0.4365141660275157,0.6462853425254256,0.7779261669124049,0.4043630604108548,0.3549672946051084,1.4261340112427388,0.7099345892102168,2.033858218023304,0.7913395745426611,0.586094460429973,0.1241243438286449,1.1321566389382929,0.2482486876572898,1.281778655092052,0.7724005445991808
204,0.5662063974412875,-0.45742803408982463,0.6329093752874237,-0.9148560681796492,0.400574277326717,0.5612755456612858,0.2363294134126086,-0.7576032587422908,0.4687886467283154,-1.5152065174845817,0.21976279530136528,0.6081460649203906,0.3442676477814373,-0.8722537486553242,0.4180084009656798,-1.7445074973106485,0.17473102327788456,0.5962592799559284,0.2599311191725793,-1.0578672919693135,0.3471954878968046,-2.115734583938627,0.1205447068159002,0.6032325870790671
205,0.11426354002586242,0.4407237321109706,1.553831369327262,0.8814474642219412,2.414391924305434,0.5528719297679834,0.4221117848437771,0.4920510385159626,1.6356675991217435,0.9841020770319252,2.6754084948166885,0.5899909826837549,0.5005733213904994,0.4144843427522805,1.5135900457466789,0.828968685504561,2.290954826583433,0.6774264961875333,0.6063224980953749,0.7151601870758628,2.044514160773918,1.4303203741517256,4.180038153605079,0.6641165326997323
206,0.6347447690499677,0.021172743094846517,1.0213984759328547,0.04234548618969303,1.0432548466379583,0.6429667973994274,0.6311801654006473,-0.901894503591856,0.4058001412178429,-1.803789007183712,0.16467375461242126,0.6027665471296773,0.4380674532506021,-0.10967775685387504,0.8961228582236861,-0.21935551370775008,0.8030361770309886,0.6422490179826287,0.43760586918032335,-0.6956477425703752,0.4987512808952295,-1.3912954851407504,0.24875284019463212,0.5973130669803773
207,0.4817655794532464,1.0415440180608146,2.8335887506710846,2.0830880361216293,8.029225207929718,0.4761718483375793,0.5106596559527876,1.1759736009443702,3.2412971380801787,2.3519472018887404,10.506007137326757,0.5009622887048161,0.3581866363589597,1.1874364071015888,3.278665261482081,2.3748728142031776,10.749645896849362,0.5246559803358516,0.4370889601833121,1.6304905295744123,5.106378934175965,3.2609810591488246,26.075105819396068,0.5166550056141764
208,0.4860305886989511,0.3903074769006391,1.4774350011849973,0.7806149538012781,2.182814182726513,0.5498510309828506,0.283502230341366,0.6536400761208778,1.9225262494620836,1.3072801522417556,3.696107179870745,0.5560327783947427,0.36166013713075273,0.9329618673183744,2.5420271856942955,1.8659237346367483,6.461902212808861,0.5054128826534398,0.7816382038570946,0.582213704774537,1.789996572013436,1.164427409549074,3.2040877278198514,0.4467415033009859
209,0.5309656535968672,0.3534935348061259,1.424033780267134,0.7069870696122518,2.027872207341904,0.5545662554428366,0.4877009727584273,0.5810064181270324,1.787836837024897,1.1620128362540647,3.196360555823188,0.4882508680716444,0.35457298481138044,0.57200779874444585,1.7718209423544262,1.1440155974888917,3.1393494517657268,0.4967257248395221,0.3820543632753261,0.8434676097142256,2.32441317588808,1.6869352194284513,5.402896612242111,0.5278150267420171
210,0.2329336934494409,1.0194565217683906,2.7716880024611963,2.0389130435367813,7.682254382987336,0.49025509002347695,0.625159589764082,0.7856062131447958,2.1937364095694574,1.5712124262895917,4.812479434670694,0.5168709577105993,0.4219811222042472,0.4896273740227988,1.6317080898383929,0.9792547480455976,2.662471290444057,0.48119311688127386,0.3201746505251116,0.3988260911776387,1.4900744589785913,0.7976521823552774,2.220321893300341,0.5180308996583244
211,0.33164220350137547,0.45380438414029456,1.5742900112585283,0.9076087682805892,2.478389039548378,0.6514732589019544,0.33675143862785795,0.3193281827244457,1.376202896819004,0.6386563654488914,1.8939344132130185,0.5852531914492418,0.29158793119113297,0.5617882209733517,1.7538058903405191,1.1235764419467034,3.075835100993101,0.5777230987230928,0.17531284749113013,0.5651556012023882,1.7597215762130916,1.1303112024047763,3.0966200257898877,0.5702739357418583
212,0.7678165758340332,-1.2819229297936594,0.27750316795863444,-2.563845859587319,0.07700800822707808,0.6203597441545303,0.8550055383974098,-1.1409641405540567,0.3195108199262571,-2.2819282811081134,0.10208716404994908,0.7135434375454073,NA,NA,NA,NA,NA,NA,NA,NA,NA,NA,NA,NA
213,0.3942426470981763,0.9974179924210648,2.7112722574532757,1.9948359848421295,7.3509972540357795,0.4750187347618466,0.6052584437421317,1.7151644104069508,5.557589162748458,3.4303288208139016,30.88679730189911,0.4446793272242031,0.555002522645579,1.1569120196774292,3.1800980182859884,2.3138240393548584,10.113023405906471,0.35086465709389075,0.7626843331498809,0.8822035859257108,2.416218188792906,1.7644071718514216,5.838110335853671,0.40282796138256094
214,0.6600262586510397,1.2236362067351092,3.3995266683347163,2.4472724134702184,11.556781568718936,0.5648992726095455,0.3823711777024376,1.584720413061394,4.877927383060188,3.169440826122788,23.79417555440841,0.509579477898254,0.16033759555310068,1.34824553243309,3.850663736120723,2.69649106486618,14.827611208675208,0.5407652895061774,0.5788324146324915,1.2276185481138522,3.41309173649287,2.4552370962277044,11.649195201715914,0.5112258798070383
215,0.8635333000351038,0.020549915226523385,1.0207625185639253,0.04109983045304677,1.041956119304968,0.6364883211470417,0.8723369363834771,-0.37026456141424,0.6905516131570404,-0.74052912282848,0.4768615304337908,0.15604131365076007,NA,NA,NA,NA,NA,NA,0.898443340790029,-0.48393163622539337,0.6163553368493475,-0.9678632724507868,0.37989390126267264,0.6931761400702043
216,0.2317917166128118,1.48579982737494,4.418498035530997,2.97159965474988,19.523124889991283,0.5732552760287011,0.1698596750759529,1.7407790901850344,5.701783896553567,3.481558180370069,32.51033960299758,0.5846431436330077,0.42218627219735394,1.2963654620499931,3.655984675754892,2.5927309240999863,13.3662239493546,0.5746081574778804,0.26712176580405134,0.745051984957448,2.106550941095402,1.490103969914896,4.437556867429923,0.5139459881865484
217,0.29496734806779534,0.7350030712086065,2.0854883974651077,1.470006142417213,4.349261855961581,0.5456991416694581,0.37756292098903177,0.9768559266558674,2.656092151629295,1.9537118533117348,7.054825517946738,0.5675714635584613,0.4285199872137708,0.7147278063302394,2.043630343303243,1.4294556126604787,4.176424980069731,0.584962263154838,0.7418542450262059,0.5807452800699171,1.7873700257405858,1.1614905601398342,3.1946916089159023,0.7294692690482262
218,0.3906351221005106,0.9667527199308332,2.629392208180281,1.9335054398616665,6.913703384439176,0.5154877633332012,0.5206463490516884,0.7861145804117834,2.1948519168721567,1.5722291608235668,4.817374936997381,0.5558529837029385,0.2626165463754898,0.4185868570688537,1.5198123253472804,0.8371737141377074,2.3098295042775074,0.5721983057519738,0.3734160154431211,0.4420777395428832,1.555936693539938,0.8841554790857663,2.4209389943039947,0.5791130159118363
219,0.4473095582794028,1.1274910785227124,3.087899475996464,2.2549821570454247,9.535123173859237,0.6095684536687678,0.40156997573459496,0.6733717454245007,1.9608376324126375,1.3467434908490017,3.844884220685599,0.5288661127164707,0.4000308320600505,0.6274414333339602,1.8728127278531117,1.2548828666679204,3.507427513608612,0.5525332573306593,0.3621295997145555,1.278959324300346,3.5928987369220864,2.557918648600692,12.908921333776323,0.5430493388576773
220,0.3589930768811108,-0.8838651469315921,0.4131828090910694,-1.7677302938631845,0.17072003372838712,0.5017567840907555,0.7427587980310988,-0.9171670639336708,0.3996496207229135,-1.8343341278673413,0.15971981934396862,0.4731924824122095,NA,NA,NA,NA,NA,NA,0.7668875680651941,-0.6336608273509555,0.530645638830222,-1.267321654701911,0.2815847940095344,0.6081158097337259
221,0.2197479060433848,1.1065734662614644,3.0239788560971133,2.2131469325229287,9.144448122122403,0.530451938371405,0.5157205656614887,0.9521276749832892,2.591217065980043,1.9042553499665784,6.714405883026223,0.5085831573343589,0.3350864780557969,0.9187713435705732,2.5062092273980943,1.8375426871411464,6.281084691495352,0.5441717244523131,0.2807879201463761,0.6183091825055671,1.855787589506352,1.2366183650111342,3.443947577365796,0.6303198768612993
222,0.5051548816272061,0.691848067414044,1.997403460672565,1.383696134828088,3.989620584706739,0.4902774586896264,0.5990730211341214,0.190301361543438,1.209614073899206,0.3806027230868759,1.463166207775034,0.4374459181876866,0.1736280291476408,0.48471499520803296,1.623712177141475,0.969429990416066,2.636441234197509,0.5146043307319653,0.6254064788876088,0.5698752961454099,1.768046555465111,1.1397505922908198,3.125988622292044,0.5441224201699751
223,0.5397405786727121,-0.21868403917159868,0.8035755764516943,-0.43736807834319735,0.6457337070696728,0.6087656272609865,0.3774719658495392,-0.49635165414852433,0.6087475348334015,-0.9927033082970488,0.37057356116574336,0.5936529769239864,0.42765798757232537,-0.2848215944085189,0.752148429835702,-0.5696431888170379,0.5657272605043119,0.6789348530820686,0.7529958165574964,-0.4880892778442122,0.613798072027943,-0.9761785556884244,0.3767480732252199,0.7757935422627956
224,0.6039241676090961,-0.1783651942143386,0.8366368327613546,-0.3567303884286772,0.6999611899329508,0.7492145614269738,0.5268070825183411,-0.30061914542606194,0.7403596884325597,-0.6012382908521239,0.548132468255957,0.7277825938924328,0.3071372115005314,-0.21021227115011032,0.8104122005808161,-0.42042454230022064,0.6567679348502409,0.7799557328808511,0.8411966314601775,-0.2460780327876033,0.781861211735123,-0.4921560655752066,0.6113069544159149,0.782336886374379
225,0.5008446601052279,0.8344852243517793,2.303627891469793,1.6689704487035586,5.306701462357565,0.5526699047415407,0.3924421179550308,0.755653911386517,2.129003247739124,1.511307822773034,4.532654828883738,0.526184284352746,0.18363824016216931,0.488115251038993,1.6292426110562324,0.976230502077986,2.6544314856813296,0.5668698814229104,0.5512678943741087,0.7949875874810681,2.214413510183868,1.5899751749621365,4.903627194084838,0.444442734891399
226,0.3852536708292177,1.130055890329999,3.0958295222231533,2.260111780659998,9.584160430668438,0.5362173554899181,0.403571951357429,1.317718136026393,3.734889137289775,2.635436272052786,13.949396867845156,0.5260388136450689,0.22771813183076972,1.1307135456813782,3.097866180711671,2.2614270913627563,9.596774873597116,0.553849868961606,0.4385226933877829,1.275550281229274,3.5806712442444044,2.551100562458548,12.821206559358773,0.596651523087287
227,0.7072311730510207,0.22366957684239663,1.2506577048798462,0.44733915368479327,1.5641446947753244,0.6764753392811804,0.808233462242054,5.823554506958484e-4,1.0005825250525526,0.0011647109013916968,1.001165389440542,0.8017065260940581,0.526947858694593,0.4255745147713872,1.5304694444358276,0.8511490295427744,2.3423367203517107,0.6085476255611749,0.7923402532398411,-0.06665302143788815,0.9355197503255448,-0.1333060428757763,0.8751972032491698,0.2825230680158305
228,0.553989648509241,0.9902802558304662,2.691988812200423,1.9805605116609324,7.246803765012245,0.5383194791768731,0.5453109287465602,1.0843428547703264,2.9574956758421798,2.168685709540653,8.746780672625189,0.5023936508698598,0.6500436091933857,0.7054845638646425,2.024827605533585,1.410969127729285,4.099926832130872,0.5475113160282544,0.8387008349862921,0.5564041203327599,1.7443885974985276,1.1128082406655198,3.0428915790828803,0.47543124932630776
229,0.6975300141290586,0.3184968854944493,1.3750593385472325,0.6369937709888986,1.8907881845259529,0.7050319092119455,0.6681732743623408,0.6720777350949615,1.9583019292286317,1.344155470189923,3.83494644602058,0.6325093862498732,0.5203983964221545,0.8044026232053946,2.235360747248236,1.6088052464107891,4.996837670338191,0.5952143180087,0.6473191776684281,0.962963476176662,2.619447653248461,1.925926952353324,6.86150600810887,0.4853228416103449
230,0.4854516704119309,-0.09593510259577104,0.9085229749383026,-0.19187020519154208,0.8254139959907436,0.6143517663485725,0.4683470321074204,-0.02650750747675157,0.9738407327214303,-0.05301501495350314,0.9483657727074124,0.5201453903722475,0.11541920233803275,-0.29755086395239605,0.7426348089185468,-0.5951017279047921,0.5515064594174865,0.6836409037082377,0.5329109067209019,0.027401425075217728,1.0277802967481653,0.054802850150435456,1.0563323383837466,0.6255616169656733
231,0.398895165030297,1.0201804927544174,2.773695350700562,2.0403609855088347,7.6933858984979135,0.6399757463420279,0.5988177577449609,0.7057523608111638,2.025369920795524,1.4115047216223275,4.102123316063266,0.6558614669230071,0.6202185090737682,0.31231936486981643,1.3665910645223218,0.6246387297396329,1.8675711376322528,0.5589808343633044,0.802834111245746,0.8465882531672505,2.3316781704806515,1.693176506334501,5.436723090695998,0.6340887692575587
232,0.5469231721836139,-0.20332945741993108,0.8160093567976939,-0.40665891483986216,0.6658712703813862,0.5366998522226204,0.4946177240480871,-1.0517292150456077,0.34933315437817486,-2.103458430091215,0.12203365274780575,0.5946494869760356,0.4773715150778592,-0.19884532176937453,0.8196766696648522,-0.39769064353874906,0.6718698427928632,0.5697925066266716,0.6909739114841023,-0.09384132181711469,0.9104272157158956,-0.18768264363422937,0.8288777151161977,0.4838122687315157
233,0.3770977068277727,0.15833361745393504,1.1715569813746844,0.3166672349078701,1.372545760607763,0.5480694439510625,0.392032801451143,-0.3628673058739541,0.6956787398570979,-0.7257346117479082,0.4839689090891597,0.4847156313261278,0.5179535342779968,0.3361335790195018,1.3995259596308225,0.6722671580390036,1.958672911680574,0.5016136322845894,0.7723196388473648,-0.16256609421605045,0.849959910934868,-0.3251321884321009,0.7224318501964088,0.5595287154446738
234,0.20106628174962324,1.7037674834511416,5.494609295188166,3.407534966902283,30.190731306768196,0.5636518907768994,0.2635841277077784,1.3502426820789823,3.858361772344223,2.7004853641579647,14.886955566287256,0.5948810748683553,0.2913840031859564,1.1468118716299882,3.1481402184262857,2.2936237432599764,9.910786834873102,0.6497942905966282,0.5411465560746874,1.2275322074422084,3.4127970605814,2.4550644148844167,11.647183776713046,0.3071373674136261
235,0.38089533837450623,0.5058907986619777,1.6584622185680935,1.0117815973239557,2.750496930417803,0.5678286350396086,0.4043480408114545,0.5995077369471303,1.8212220593614843,1.1990154738942609,3.316849789504886,0.552733826439967,0.39931462368852366,0.4105239662601036,1.5076075136698683,0.8210479325202071,2.272880415273842,0.5361164710886684,0.4618897457301079,0.1940144505494519,1.2141138274413728,0.3880289010989038,1.4740723859843394,0.4554179536597284
236,0.2793914090041311,0.29079599632857006,1.337491702898715,0.5815919926571401,1.7888840553229044,0.6727719471279453,0.1817169287562458,0.7535377189658795,2.1245026309678767,1.507075437931759,4.51351142898943,0.5854554412863574,0.26890970347655824,0.3781814797144456,1.4596278116793726,0.7563629594288912,2.130513348627914,0.6706482919747926,0.5009228945647661,0.3484285298713295,1.4168392776192773,0.696857059742659,2.007433538604716,0.6896535729276557
237,0.1762585874451386,-1.2705926396657166,0.28066523912727553,-2.541185279331433,0.07877297645437076,0.4976983345897645,NA,NA,NA,NA,NA,NA,NA,NA,NA,NA,NA,NA,NA,NA,NA,NA,NA,NA
238,0.5429383457735082,-0.30733531254933305,0.7354039693804786,-0.6146706250986661,0.5408189981805639,0.5998419554308364,0.4651371877502145,-0.18229233076606,0.8333576887124826,-0.36458466153212,0.694485037336211,0.5646955186993978,0.5989908707024677,-0.26570777392050016,0.7666631337310611,-0.5314155478410003,0.5877723606223308,0.6381223954692385,0.5108225586343166,-0.32025927812837784,0.7259607869160639,-0.6405185562567557,0.5270190641397907,0.5944362585102652
239,0.4613524366071128,0.7971637378528453,2.219237654094825,1.5943274757056909,4.925015765352303,0.5126033014783224,0.549185124024968,0.7581888728842111,2.134407035303576,1.5163777457684222,4.555693392353398,0.5472015810646457,0.395355457377556,0.5287083659991128,1.6967393264535795,1.0574167319982255,2.878924341934147,0.5680761408310108,0.7427897180182857,0.3041572657291865,1.3554822102265027,0.6083145314583731,1.837332022240525,0.7031133050321764
240,0.4659145887789561,0.3743281953452338,1.4540142728741523,0.7486563906904676,2.1141575057217503,0.6332257659048699,0.3449044410906601,0.10583550523804344,1.111639002672923,0.21167101047608688,1.235741272263651,0.6218082438704141,0.5222764749942316,0.11005265864685446,1.1163368536992844,0.2201053172937089,1.2462079709272174,0.714407791934253,0.5062465777310472,-0.13445022609525092,0.8741963899615508,-0.26890045219050185,0.7642193282218078,0.6971101911253049
241,0.9513969879810428,-0.9875345413923236,0.3724939282138851,-1.975069082784647,0.138751726556211,0.6142197264475897,0.6221153670670978,-0.5750886540096883,0.5626549849752983,-1.150177308019377,0.3165806321175532,0.4971048095474337,0.9265600647387626,-1.1171537886199978,0.3272097787254176,-2.234307577239996,0.10706623929353676,0.6400762251037584,0.7413603901901777,-0.5715864070520241,0.5646289964046797,-1.1431728141040485,0.3188059035809558,0.6251726760907718
242,0.5323075843570148,0.5008435194357275,1.6501125858542516,1.001687038871455,2.7228715459946047,0.5434160764108985,0.6010525944157452,1.1199541607456496,3.064713715881574,2.239908321491299,9.392470160312644,0.5982559012439245,0.2501955053974021,0.4711681767998872,1.6018643614447234,0.9423363535997744,2.565969432466712,0.6176260028043971,0.5485352309128713,0.4613833109682269,1.5862667682132798,0.922766621936454,2.516242259937804,0.6685068703881473
243,0.5080865300858165,-0.2955796758416948,0.7441001255573809,-0.5911593516833896,0.55368499685451,0.5948992394892896,0.32489291559169264,-0.1718317157204341,0.842120876949991,-0.3436634314408682,0.709167571395022,0.5839274654110774,0.554516331705252,-0.2172240417416144,0.8047496515929021,-0.4344480834832287,0.6476220017388974,0.6392173557967684,0.402364594683606,-0.10566812660438384,0.8997231927247549,-0.2113362532087677,0.8095018235268264,0.604651593080142
244,0.411672858716848,0.8000775901397719,2.2257136152234844,1.6001551802795435,4.953801096991193,0.6496915413602415,0.2910647440426979,0.6455533062491976,1.9070419156167997,1.2911066124983952,3.6368088679193913,0.6152008998830006,0.13754087823562028,0.8420346720370174,2.321084821902377,1.6840693440740349,5.38743475046559,0.45927200008106733,0.45221232056960414,0.5084260980366792,1.662672251385496,1.0168521960733583,2.764479015527314,0.5014034208344326
245,0.18936194790427816,-5.655607633857251,0.00349784703065742,-11.311215267714502,1.223493384987893e-5,0.59971788471785,NA,NA,NA,NA,NA,NA,NA,NA,NA,NA,NA,NA,NA,NA,NA,NA,NA,NA
247,0.714833763616824,0.10756149878692586,1.1135593411894356,0.21512299757385173,1.2400144063502498,0.4979353792435846,0.8840619874901294,-0.34746017447707467,0.7064801493106891,-0.6949203489541493,0.4991142013700536,0.5842119707310222,0.687321649804914,-0.3052843486176,0.7369138041760315,-0.6105686972352,0.5430419547851905,0.4838200625982941,0.910540358259224,-0.7076360334895556,0.4928078026988391,-1.4152720669791112,0.24285953040085795,0.4559199400518285
248,0.4293096882311225,0.977709184464274,2.658359450155048,1.955418368928548,7.066874966228646,0.7250147505799908,0.20517694532980263,1.5601539749660778,4.759554040892297,3.1203079499321555,22.653354668174195,0.5481204775590562,0.4468397201743548,0.7456887973971922,2.1078928461652184,1.4913775947943844,4.443212250914505,0.7558742845895393,0.684960354090656,0.7944338546888449,2.213187656236824,1.5888677093776895,4.898199601719044,0.7092108301874611
249,0.3761514808733741,-1.1567165641612471,0.31451718433444453,-2.3134331283224943,0.09892105924166696,0.6969018859829951,0.3330192688288374,-1.2586972156392218,0.2840238073494192,-2.5173944312784435,0.08066952314125998,0.6975063762515993,0.2955976574484544,-1.0463937442038609,0.35120199236933225,-2.0927874884077218,0.1233428394441885,0.2971645926429865,NA,NA,NA,NA,NA,NA
250,0.4597740238257748,-0.07143761609821142,0.9310543585868494,-0.14287523219642284,0.8668622186435695,0.7126032514911648,0.27113960440759455,0.6463051492378311,1.908476250839961,1.2926102984756622,3.642281600020154,0.6319903659505635,0.4975777357108607,0.07429775248288858,1.077127475133869,0.14859550496577717,1.160203597688264,0.7265829783870276,0.5647062270170511,-0.356485345069944,0.7001327317906529,-0.712970690139888,0.4901858421246424,0.6914462968991647
251,0.4320842621387575,0.8638203532345994,2.372206069569832,1.7276407064691988,5.627361636503951,0.5768534334321389,0.3916669581848546,1.1835432444214091,3.265925698930844,2.3670864888428182,10.666270670936925,0.5951926224290399,0.21074050060995345,0.972437454380224,2.644382171258631,1.944874908760448,6.992757067670512,0.7245649500488752,0.7040764312407505,0.7687320026135335,2.1570294113409654,1.537464005227067,4.652775881389951,0.7703724598674876
252,0.5558391823880391,0.8143149316967482,2.257628512720617,1.6286298633934964,5.096886501449108,0.4676439583766597,0.7109727078973439,0.9248544994742234,2.521501353893516,1.8497089989484468,6.357969077686832,0.33694231210202413,0.507070609719884,0.6618641577006327,1.938402456304148,1.3237283154012651,3.757404082605954,0.5097115302243685,0.8295108685308608,0.05370669290689262,1.055175066431333,0.10741338581378523,1.113394420818368,0.8092943582245721
253,-0.03637155053912816,-0.005829332270249288,0.9941876253206317,-0.011658664540498576,0.9884090343406764,0.4994547337744508,0.5132614345532223,-0.25003189857212804,0.7787759408346707,-0.5000637971442561,0.6064919660229265,0.4759211391724964,0.4827913005778659,0.08900089656422444,1.0930816363437803,0.17800179312844888,1.1948274637119964,0.518561264106008,0.2054035687887232,-0.10816809386378312,0.8974767234202814,-0.21633618772756624,0.8054644690812043,0.5292889773848595
254,0.5522495626312819,-0.06919609960318146,0.9331436730309912,-0.13839219920636292,0.8707571145177693,0.5590452435106763,0.3928770260138385,-0.4723993198442811,0.6235044854862107,-0.944798639688562,0.3887578434214244,0.5998361827048647,0.6448134672411036,-0.3206125669096699,0.7257043584137123,-0.6412251338193398,0.5266468158206578,0.6466237346753438,0.6136259730175438,-0.0071736991389048654,0.9928519704221832,-0.014347398277809733,0.9857550351712115,0.6084221620412217
255,0.6478147720398257,-0.15595969963104606,0.855593670416827,-0.3119193992620921,0.732040528857338,0.7353948923456682,0.5534837433896262,-0.12798565535564538,0.8798660004189754,-0.2559713107112908,0.7741641786932845,0.5518494759626084,0.4757275570327326,-0.022587873300210504,0.9776653227401878,-0.04517574660042101,0.9558294832886756,0.7835403358911267,0.6799508288627182,0.03935165448317532,1.0401361878992077,0.07870330896635064,1.0818832893774954,0.762480239227966
256,0.139948297209871,0.6638924499154921,1.942338092876787,1.3277848998309842,3.772677267040234,0.5485819065542469,0.27606837549796365,0.5016338633035371,1.651417257719468,1.0032677266070742,2.7271789590936883,0.5549094503229254,0.406539409349544,0.2584042833084748,1.2948622039949744,0.5168085666169496,1.6766681273347228,0.6005779389475795,0.5263586683021582,0.20967234745711785,1.233273908417556,0.4193446949142357,1.520964533183514,0.5793273088687981
257,0.514233603063637,0.2762726279213787,1.3182071951307868,0.5525452558427574,1.7376702092945762,0.55561493750537,0.8717118820329236,-0.2056129699505163,0.8141481150995178,-0.4112259399010326,0.6628371533200976,0.4274469949613952,0.4203074850026435,-0.23059681699521883,0.7940595528206121,-0.46119363399043767,0.6305305734256705,0.8024439652165894,0.6528081058927367,-0.40967468726800427,0.6638661791326024,-0.8193493745360085,0.4407183037961205,0.7839845386271542
258,0.409806068799936,-0.2577170844020604,0.7728138422716395,-0.5154341688041207,0.5972412348066545,0.546120300673897,0.4997753126781245,-0.6291486059536987,0.5330454395805713,-1.2582972119073974,0.28413744065764446,0.516926204096459,NA,NA,NA,NA,NA,NA,-3.0143665887827358e-6,-9.70036675576386,6.126102309929298e-5,-19.40073351152772,3.7529129511721084e-9,0.4999999882035263
259,0.5543406318165625,0.91539892716252,2.497771482070005,1.83079785432504,6.238862376642191,0.4609713916194026,0.5911065305648638,0.7472633745589654,2.111214500514514,1.4945267491179308,4.457226667182751,0.666807623363434,0.6919347326503209,0.6926451009002901,1.9989960927224908,1.3852902018005802,3.995985378719785,0.3242711494898571,0.7220836150412656,1.020884199479493,2.775647905704629,2.041768398958986,7.704221296442492,0.4570994625936938
260,0.08707812559370953,0.8508883102630966,2.3417261076119336,1.7017766205261933,5.483681163071337,0.5157077873502686,0.15257525468948402,0.5303128686779008,1.6994639344839957,1.0606257373558017,2.8881776646118222,0.4998128805097661,0.577281049834532,0.8498735905257763,2.339351117089806,1.6997471810515523,5.472563649029324,0.4412039547343384,0.2922455048639212,0.2737940762395634,1.3149439961445273,0.5475881524791268,1.729077712996539,0.47544346292632594
261,0.40158791986026365,1.1127084188782346,3.0425878473667147,2.225416837756469,9.25734080894362,0.49226180115832807,0.7892712019048279,0.4496146345821168,1.5677079286467597,0.8992292691642336,2.4577081495419137,0.22192930266277663,0.5278286726625572,0.901423836115371,2.4631076772679226,1.802847672230742,6.06689942981618,0.24146046242411107,NA,NA,NA,NA,NA,NA
262,0.4334532127947981,-0.20261599376976985,0.8165917575481382,-0.4052319875395397,0.6668220984955573,0.5773875043900134,0.4990126431382552,-0.09184654819220006,0.9122451244686196,-0.18369309638440007,0.8321911671167673,0.5495744425304094,0.4749354993567415,-0.00802779925800956,0.9920043374692232,-0.01605559851601912,0.9840726055577528,0.5653110581733384,0.33461201055399026,-0.20050861181064483,0.8183144428263581,-0.40101722362128966,0.6696385273382129,0.49874904620363214
263,0.1927182235196712,0.3948560513496402,1.4841705311983988,0.7897121026992804,2.202762165677737,0.5322830979098067,0.8836858893045507,-0.14977793414905166,0.8608991314979821,-0.2995558682981033,0.74114731461398,0.12988866483402114,0.7147255289049008,0.0043594424524200925,1.0043689586450744,0.008718884904840185,1.0087570050897912,0.49560476244289975,0.6350077785214139,0.10290825271574391,1.1083897126648594,0.20581650543148783,1.2285277551412896,0.5432999465289312
264,0.2266555794245257,1.315646947036449,3.727161481510266,2.631293894072898,13.891732709253802,0.5076783848656483,0.5285878665807897,1.5061745806318902,4.509447230177025,3.0123491612637805,20.33511432175124,0.5051186010632487,0.22876749034796728,0.5701114173974597,1.7684640781225165,1.1402228347949197,3.127465195609721,0.5047388098869987,0.21355763569475417,0.603612967375466,1.828713963050126,1.207225934750932,3.3441947586544973,0.5085915845355121
265,0.24560427139948365,0.7714973754785649,2.1630026572636645,1.5429947509571298,4.6785804953296735,0.536104604368894,0.23083860338344764,0.8645414623144436,2.373917305825708,1.7290829246288872,5.635483374898787,0.5328258664884612,0.3977593878247879,0.5203997648608486,1.6827001996701778,1.0407995297216972,2.8314799619700564,0.518598935122108,0.2659340917581213,0.2679824957971041,1.3073242561456244,0.5359649915942082,1.70909671070671,0.49164048711582375
266,0.3161110134254038,-1.3769251725017442,0.2523533042153437,-2.7538503450034884,0.0636821901484018,0.5974774050413788,0.5415380578767133,-0.13003630385658077,0.8780635532486176,-0.26007260771316154,0.770995603543588,0.606848260169634,0.4409342297410616,-1.1315946491042983,0.3225185422325738,-2.263189298208597,0.1040182100838245,0.6043441112872865,0.7947088359735583,-0.2668313312716485,0.7658022274606535,-0.533662662543297,0.5864530515836985,0.6703690836483615
267,0.8231273957253589,0.26805624219810376,1.307420670159504,0.5361124843962075,1.709348808760327,0.7580805638744396,0.48463990010878966,-0.3133417395291034,0.7310000582630819,-0.6266834790582068,0.5343610851806291,0.4926678936881727,0.24360092080184909,-0.37204971733346526,0.6893199705214346,-0.7440994346669305,0.4751620217596714,0.8028587812625477,0.6614312088645626,-0.8470457221219531,0.4286795014520463,-1.694091444243906,0.18376611496517495,0.7970486745998797
268,0.8932426584225098,-0.8763715184949323,0.41629067760135824,-1.7527430369898649,0.173297928257798,0.5840339011077823,0.566929854278598,-0.7088384733084373,0.4922155870969841,-1.4176769466168746,0.24227618418122876,0.5931273808165516,0.8086302238811959,-0.28524429538404217,0.7518305631466848,-0.5704885907680843,0.5652491956814613,0.5568094698392475,0.7474286578452736,-0.3588133581458892,0.6985047094001288,-0.7176267162917784,0.48790882905415833,0.5525890459947382
269,0.4542728496360319,0.12734725130480845,1.1358113612865983,0.2546945026096169,1.290067448427716,0.566590733269014,0.5284903257660225,0.5254756131398848,1.6912630440476688,1.0509512262797696,2.8603706841613867,0.5227998584893994,0.4642077736356633,0.533679807167413,1.7051955686317433,1.067359614334826,2.907691927281334,0.5323064628643467,0.2158103171442537,0.4303582633189645,1.537808365198058,0.860716526637929,2.3648545680731234,0.5259446714035398
270,0.4103875282273922,1.0474843446850042,2.850471287615393,2.0949686893700084,8.12518656151976,0.5012527570900657,0.7740962125710482,0.770707578069542,2.1612949978105207,1.541415156139084,4.671196067560778,0.3587523781148319,0.29604885375416623,1.4129093246949802,4.107889219532305,2.8258186493899604,16.874753839949733,0.4600864630589048,0.2538124372961133,1.3274932077551376,3.771576967458848,2.654986415510275,14.224792821466082,0.48806001384100745
271,0.4486506008984606,0.1655275089295043,1.1800154232340725,0.3310550178590086,1.3924363990702873,0.6590275829709145,0.3451623063102146,0.572223539845699,1.7722032381927328,1.144447079691398,3.140704317460808,0.6236756447835373,0.5213714388039896,0.32873702474521743,1.389212479041598,0.6574740494904349,1.9299113119249025,0.5700149699433025,0.4364776765153354,0.10799542847564995,1.1140426525017135,0.21599085695129996,1.2410910315930537,0.5518682878782047
272,0.35039188542062594,0.5369338162158621,1.7107533280370817,1.0738676324317242,2.9266769493899507,0.5081831300926895,0.4882080354633545,0.4243783486218552,1.5286398431652053,0.8487566972437103,2.3367397701121435,0.4845907951223905,0.3635680196082098,0.7151008661359639,2.044392881869489,1.4302017322719278,4.179542255438635,0.4738206226111149,0.7081153369464479,0.7416080642316689,2.099308624789246,1.4832161284633378,4.407096702114514,0.5548004558230952
273,0.2284339491086997,0.4425001919367543,1.5565941415813076,0.8850003838735085,2.422985321605248,0.5111436067911708,0.6666827314374579,0.5509055269697551,1.7348232360506448,1.1018110539395105,3.0096116603412315,0.5290882256780606,0.3991427808300509,0.3145759422345042,1.3696783650414617,0.6291518844690084,1.876018823662651,0.5073835070996925,0.2491499236514272,0.12371348502855924,1.1316915779638488,0.2474269700571185,1.280725827634306,0.501446707575741
274,0.5507443514575936,0.3023890854626032,1.3530875910137847,0.6047781709252064,1.830846028955487,0.6865565360501736,0.48255355569484015,0.3840503033273497,1.4682192961402862,0.7681006066546994,2.1556679015586777,0.6814379275503291,0.3255583939605754,0.4116925944528719,1.509370376178759,0.8233851889057437,2.278198932486008,0.687202808642939,0.6037797674950048,0.5982364050972718,1.818908152934883,1.1964728101945437,3.308426868812988,0.7087753598542186
275,0.2729820765958507,-0.3902383758681109,0.6768954997126372,-0.7804767517362218,0.4581875175312208,0.5154454789308888,0.6834614891402621,-0.12859064057138486,0.8793338554830303,-0.2571812811427697,0.7732280293986509,0.4776193768229626,0.4413552490958742,0.155842009463443,1.1686415541976738,0.311684018926886,1.3657230821975546,0.6610377632193236,0.9385097440057952,-0.27831436240220886,0.7570587932818629,-0.5566287248044177,0.5731380164853904,0.6009629246824705
276,0.6644730117016007,0.9014588458646648,2.4631939115596992,1.8029176917293297,6.067324245944771,0.4637546464639426,0.6458439960841182,0.715139043866343,2.0444709336396323,1.430278087732686,4.17986139849731,0.4293237785329479,0.7757883049078584,0.6113878103207693,1.8429873416432432,1.2227756206415386,3.3966023414572284,0.5354343994359246,0.6874825035109542,0.4092168913245494,1.505638244947357,0.8184337826490988,2.2669465246481577,0.8041834179837277
277,0.3862188759577172,0.05194598242514642,1.0533188432471383,0.10389196485029284,1.10948058553949,0.5342012123018265,0.41418042783930586,-0.061746787940737735,0.9401209066057906,-0.12349357588147548,0.8838273190372937,0.6361190944814994,0.64332633928674,-0.32678152981299224,0.7212412955364308,-0.6535630596259845,0.5201890063870691,0.4613574035746293,0.5649461473433256,0.29906008736970346,1.3485906543036452,0.5981201747394069,1.8186967528751337,0.506376131666437
278,0.3273052108945251,0.4448937746995279,1.5603244410965598,0.8897875493990558,2.434612361483292,0.5590940886863012,0.3673891036640301,0.9805028480677328,2.665796395520813,1.9610056961354652,7.106470422371758,0.5723712589300911,0.44652471215355927,0.6939480054088614,2.0016022911895,1.3878960108177227,4.0064117320950565,0.6145083362696336,0.3039184874247577,1.1313221486232623,3.099752125020231,2.262644297246525,9.608463236567438,0.5287683326323223
279,0.1540962841366307,1.063351868896758,2.8960619587678247,2.126703737793516,8.387174869022129,0.4343317483642756,0.47191333016136017,1.1262744753400138,3.084145011975641,2.252548950680028,9.511950454894226,0.4425297108002028,0.29797180446811183,0.9449161895114264,2.572597758877781,1.889832379022853,6.618259228982982,0.4379272866874568,0.5086899507961271,0.749936415024967,2.1168654114989502,1.499872830049934,4.48111917040062,0.5745277088846356
280,0.35102689218082017,0.43922244447848735,1.5515003716962965,0.8784448889569747,2.407153403373746,0.5981415467639082,0.5027250625862492,0.7422853044233937,2.1007308425019278,1.4845706088467874,4.413070072638857,0.581198011856315,0.5084759900725019,0.4986971698018278,1.646574665474978,0.9973943396036556,2.7112081289840355,0.6317898835867746,0.7262869253716892,0.6746106907114195,1.9632685085060213,1.349221381422839,3.854423236491457,0.6586227854765534
281,0.3138654269796944,0.19783287736861024,1.2187586946406677,0.3956657547372204,1.4853727557622245,0.5620623681707639,0.2866876150032688,0.2386533027741614,1.2695383148645625,0.4773066055483228,1.6117275329091525,0.5970581950914802,0.31439102468684355,0.13456936085196242,1.144044008117588,0.26913872170392483,1.3088366925097557,0.5488636970113371,0.35149420906524365,0.6109350633614531,1.84215312358735,1.2218701267229062,3.393528130742631,0.5151138554474348
282,0.23762355272923327,0.6380735265076503,1.89283087610828,1.2761470530153003,3.582808725548838,0.47300462052585057,0.17940167291587927,-4.459511627122451,0.01156801141118146,-8.919023254244902,1.3381888800922446e-4,0.5001290998778126,0.038354484037367687,0.3223004920192439,1.3802994826247992,0.6446009840384878,1.9052266617342883,0.5844596608263787,0.256238804849095,0.4184579549184899,1.519616430896273,0.8369159098369798,2.309234097049927,0.6163274808131552
283,0.5345269629781524,0.17344083931332907,1.1893903195401183,0.34688167862665814,1.4146493322157452,0.689306751212879,0.6572739961782812,0.5683800838776341,1.765404925955954,1.136760167755268,3.116654552589548,0.7146678418920618,0.1897807383239971,1.061897755632205,2.891853816957516,2.12379551126441,8.362818498651752,0.6796266822593128,0.39626323819334064,-0.12690424409577383,0.8808180120842964,-0.25380848819154767,0.7758403704121318,0.6829398581926979
284,0.24519704971833572,0.9241963846196888,2.5198424623272544,1.8483927692393776,6.34960603494748,0.5303988178529622,0.3313397571426866,0.933757609614324,2.5440507892701043,1.867515219228648,6.472194418385841,0.5515297085403532,0.33387049889346715,0.8184228552984136,2.2669217530638424,1.6368457105968273,5.1389342345140445,0.597177276150271,0.51751786139608,1.0608187135511646,2.888735067930127,2.1216374271023293,8.344790292689275,0.5855709322536329
285,0.5429423979719414,0.291170161456658,1.3379922392888384,0.5823403229133159,1.79022323239716,0.5182893411303554,0.6804950740323068,0.4817715200244876,1.6189398477051102,0.9635430400489752,2.6209662304874457,0.4106421220524849,0.5318337766859662,0.14674911058092255,1.158063380730521,0.2934982211618451,1.3411107937890034,0.4753104326869288,0.8737736447253543,0.10529140596832688,1.111034325220578,0.2105828119366537,1.234397271818345,0.3014013918818993
286,0.5553629522490102,-0.04837160832694965,0.9527796604278108,-0.09674321665389927,0.9077890813249344,0.8509042118119973,0.7508069936949846,-0.2699287962199858,0.76343385177764,-0.5398575924399716,0.5828312460400437,0.8568224031001622,0.5037738387283738,-0.2110719762777001,0.8097157844556653,-0.4221439525554002,0.6556396515966534,0.8780410033444267,NA,NA,NA,NA,NA,NA
287,0.3664531508703741,1.218927902571583,3.383558284271848,2.4378558051431654,11.448466663064652,0.5554565995563048,0.22870606386847508,1.3065843657770335,3.6935363729928574,2.613168731554067,13.64221093862124,0.5608947754985336,0.25670950289127165,0.7057559427476542,2.0253771755549423,1.4115118854953084,4.102152703258915,0.5620414493371909,0.395061087823504,1.1633569684179808,3.2006597755662303,2.326713936835961,10.244222998927672,0.5713980945580269
288,0.7830784815390334,-0.301931656732421,0.7393885953954222,-0.603863313464842,0.5466954950008154,0.4748131063787801,0.8588787811952364,-1.2940621923193838,0.27415484833427134,-2.588124384638768,0.07516088086518732,0.513973586110885,0.16062479639575805,-1.1084979161871154,0.3300543582268872,-2.2169958323742307,0.1089358793845624,0.6024254963041706,0.4057533640023519,-0.37640804127124017,0.6863222281045638,-0.7528160825424803,0.47103820079041286,0.5109071585489536
289,0.4716823216426523,-0.19509313081387064,0.8227580303628877,-0.3901862616277413,0.6769307765266185,0.5496160549896093,NA,NA,NA,NA,NA,NA,NA,NA,NA,NA,NA,NA,NA,NA,NA,NA,NA,NA
290,0.45970106805152267,0.8690039832917198,2.3845346340066063,1.7380079665834396,5.68600542077702,0.5494753345814648,0.29731744512440583,1.419500418149203,4.135054126154369,2.839000836298406,17.09867262622627,0.5525037661259736,0.4810819148911975,1.1852830920945674,3.2716128581195583,2.370566184189135,10.703450693413226,0.6494512184828254,0.6557475865329944,0.8495481244011032,2.338589861435661,1.6990962488022063,5.469002540009663,0.7720395083557191
291,0.3703929797049404,0.8435398837882453,2.3245811767689872,1.6870797675764906,5.403677647388689,0.5788897135642147,0.3999120970421213,0.610917961866887,1.8421216202850943,1.221835923733774,3.3934120639217817,0.4757074998645223,0.6117421376015175,0.7425423908856494,2.1012709813906003,1.4850847817712989,4.415339737234216,0.5520993560842248,0.7008105822278505,0.5196116284813688,1.6813745249019372,1.0392232569627375,2.8270202929892148,0.7584583333834861
292,0.45396555220368,1.4120871152778354,4.10451306247568,2.8241742305556707,16.847027480033482,0.4494816167604692,0.29114412773689435,1.0873459747941197,2.966390740114216,2.1746919495882397,8.799474023035367,0.5130367239664557,0.4430075124363057,1.512855321988241,4.539674538771137,3.025710643976482,20.60864491796693,0.4759194490596331,NA,NA,NA,NA,NA,NA
293,0.4270457041391852,0.6307747594850559,1.879065839535425,1.2615495189701118,3.5308884293089715,0.5601653751149653,0.26356086696097386,0.47036100023832095,1.6005718957715298,0.940722000476642,2.561830393533669,0.5515355476947508,0.4329270988708803,0.5996350995865065,1.8214540297817237,1.199270199173013,3.31769478260808,0.5119939092974274,0.4710275386982626,0.48732593543878433,1.627957131837941,0.9746518708775688,2.6502444231020155,0.4973393310215137
294,0.3107443127127931,0.0012465276651098534,1.001247304903636,0.0024930553302197067,1.0024961655767948,0.49574917615393055,0.4146122330763423,-0.1201697181927236,0.8867699229563712,-0.2403394363854472,0.7863608962600486,0.5315048742913496,0.17641167207714675,-0.153337308106762,0.8578403165116942,-0.306674616213524,0.7358900086328838,0.5163569876244866,0.7570018338827316,0.09681927844094362,1.1016612616888788,0.19363855688188725,1.2136575355059325,0.4979674781411653
295,0.3397581124787224,1.4411516780314824,4.2255594998072965,2.8823033560629647,17.85535308641169,0.6126543724175025,0.4944388811510827,1.451978623793425,4.2715579654337805,2.90395724758685,18.24620745206078,0.5931061408013778,0.2492660370074505,1.4869171046693888,4.423437481913479,2.973834209338777,19.566799156397057,0.6534088597643826,0.1966429096321753,1.7342988945202813,5.664954680409643,3.4685977890405626,32.09171153109512,0.5724423249077237
296,0.4129381490796646,-0.17076966531635024,0.8430157268713913,-0.3415393306327005,0.7106755157525001,0.5054120493487795,0.4885289737913476,0.10154523412198826,1.1068799860038585,0.20309046824397653,1.2251833034159014,0.5049979474947784,0.6200930511221975,0.5712848427368116,1.7705404566828753,1.1425696854736231,3.1348135087508044,0.4750127599917044,0.3682492643250003,0.40772710693285474,1.5033968386111425,0.8154542138657095,2.260202054345977,0.5367345089185661
297,0.47829900087919663,-0.6519954399277941,0.5210051044188132,-1.303990879855588,0.27144631883045844,0.5939993814935945,0.3729573971347364,-0.45454847925014685,0.6347344990529606,-0.9090969585002936,0.4028878842880129,0.609100042289768,0.1730691675317817,-1.1074633707278516,0.3303959911514261,-2.2149267414557032,0.10916151096893324,0.5026742577142292,0.6953414895462532,-0.7772494499047361,0.4596686156354971,-1.5544988998094722,0.2112952362002544,0.3895758886618252
298,0.5523401329158825,-0.13995368372525252,0.8693985017661774,-0.27990736745050504,0.755853754873274,0.6426385127435432,0.7060729173805808,-0.7641173725793066,0.4657448287697259,-1.5282347451586131,0.2169182455257413,0.6641523126377437,0.6369664049670105,-0.3229239620371432,0.7240289059579419,-0.6458479240742863,0.5242178566626543,0.6417190548053673,0.4910613604663082,-0.2364453730420566,0.7894290052291889,-0.4728907460841132,0.6231981542971468,0.6743434942858716
299,0.6439427002319393,0.9238756631523304,2.519034424339716,1.8477513263046608,6.345534431008524,0.49077954687942654,0.4339697053884518,1.2655631563501784,3.54508861322528,2.5311263127003567,12.56765327561954,0.5205492352836808,0.26398559543396705,1.2994725769172135,3.6673619061229368,2.598945153834427,13.44954335048166,0.450076738923534,0.35916804727990403,1.487743323245016,4.4270937183464,2.975486646490032,19.599158791022155,0.5228976629322275
300,0.7742490160942045,0.5543020681452527,1.7407256528304835,1.1086041362905057,3.0301257984221137,0.5275365086590729,0.5458094561279767,0.5708415680475634,1.7697557948353546,1.1416831360951267,3.132035573353318,0.5318862094269139,0.4673556897801143,0.45938841707083206,1.5831054885748463,0.918776834141664,2.506222987955803,0.5911723832197948,0.6515974850816453,0.8299766063125917,2.2932650917099666,1.6599532126251837,5.259064780855522,0.5690420156354683
301,0.7676540601669959,0.33486691038355537,1.3977543462529876,0.6697338207671107,1.953717212469117,0.47457248205691954,0.812923145327218,-0.07143224749674404,0.9310593570600624,-0.14286449499348808,0.8668715263690969,0.2035685506405764,0.6178643421432913,0.183930513179154,1.2019323017399983,0.3678610263583079,1.4446412579660104,0.4536384985742381,0.5442434910291388,0.5353245005651956,1.7080024000812666,1.0706490011303913,2.917272198683367,0.3858302691491576
302,0.4883263564691351,0.3542470710655856,1.4251072457520493,0.7084941421311711,2.030930661894992,0.4856611807876425,0.831138998488429,0.1464048885442353,1.1576648183958975,0.29280977708847067,1.340187831751607,0.3849890923923655,0.43745206230740685,-0.02721775514908842,0.9731493101774802,-0.05443551029817684,0.9470195798989056,0.5609874806055021,0.6433323213121709,0.08182372631464191,1.0852644893965313,0.16364745262928382,1.1777990119451138,0.46006662582524016
303,0.32929333951629003,1.0601137949820243,2.886699462491746,2.120227589964049,8.333033786750136,0.4392448017633317,0.48840487456937487,1.2348647666777932,3.4379135687939697,2.4697295333555864,11.81924970649769,0.5535578438181346,0.635720058859873,0.9169529209489724,2.5016560209260126,1.8339058418979448,6.25828284703537,0.5701310577149474,0.6598336378440248,1.1691467168186458,3.2192445390198814,2.338293433637292,10.363535402009328,0.4108869135210826
304,0.49519304137848646,-0.3444446299925698,0.7086137870512612,-0.6888892599851396,0.5021334991991302,0.6780509315835669,0.4925293784198722,-0.17901410248470023,0.8360941083095235,-0.35802820496940047,0.6990533579498972,0.5852323008497601,0.9074489290060858,-0.06562492542483228,0.9364820490339614,-0.13124985084966456,0.8769986281628468,0.4248929695268441,0.7134324330075298,-0.05702315188706275,0.9445722004844632,-0.1140463037741255,0.8922166419280607,0.7643714221339903
305,0.44120315405455135,0.10855206522589606,1.114662942205444,0.2171041304517921,1.2424734747260968,0.6901676294926496,0.4048407578921651,0.12866245227791454,1.137306164261921,0.25732490455582907,1.2934653112681644,0.630256028806621,0.3083496334686811,-0.03600603214815956,0.964634474647502,-0.07201206429631912,0.9305196696784624,0.7126595079756958,0.7227259595637479,-0.02105576472932652,0.9791643602114618,-0.04211152945865304,0.9587628443083214,0.7449483286062262
306,0.3291321063848394,-0.1529498303286872,0.8581727749774534,-0.3058996606573744,0.7364605117125028,0.5149772436697657,0.48164590080847713,-0.3668389636410818,0.6929212215707508,-0.7336779272821636,0.4801398193031015,0.5074377718834023,0.7064920498377001,-0.8303598454629547,0.4358924041925822,-1.6607196909259094,0.19000218803278943,0.5127479816595766,0.33281796921675366,-0.56430922107167,0.5687528936056291,-1.12861844214334,0.323479853984776,0.5031489011141632
307,0.5528149498956543,0.7106907190501219,2.03539666046991,1.421381438100244,4.1428395654520616,0.5544114486453503,0.5413661558152277,0.9756899047607152,2.652996894944181,1.9513798095214303,7.0383925245834655,0.4781355971082683,0.6667383195671932,0.8906551254529826,2.4367254893857484,1.7813102509059653,5.937631110622215,0.5590543639696355,0.7007134834261791,1.102178431405814,3.010717526970368,2.204356862811628,9.064420027206568,0.5557683833521224
308,0.5946594051291356,0.19456575242669383,1.2147833552126277,0.38913150485338766,1.4756986001016488,0.46546563231308974,0.40038484712417965,-0.019363671688850448,0.9808225999631764,-0.038727343377700896,0.962012972598525,0.5127034884938632,0.3750273549767017,0.36003363906133085,1.4333776312274011,0.7200672781226617,2.0545714337030754,0.4806722030581193,0.7083944826875201,0.5420735700716293,1.7195688143594334,1.0841471401432583,2.9569169073175074,0.5189902757838707
309,4.281955656715297e-8,-10.259082776016651,3.503781062481661e-5,-20.518165552033302,1.2276481733805115e-9,0.5000000007715304,0.02036797791066292,-4.2941635984089626,0.013647982118727637,-8.588327196817925,1.862674159131093e-4,0.4997714910509157,NA,NA,NA,NA,NA,NA,NA,NA,NA,NA,NA,NA
310,0.592774147687479,1.0099588162330049,2.745487943152831,2.0199176324660097,7.537704045997564,0.43984596420174493,0.4071083473430363,0.7792797854702889,2.1799017031152403,1.5585595709405775,4.751971435244726,0.5881298659266502,0.8757641413863104,-0.59665265770805,0.5506517745623142,-1.1933053154161,0.30321737682862565,0.5429256943841873,0.8911627369143078,-0.6601077962167848,0.5167956228760054,-1.3202155924335697,0.26707771582379847,0.53741061057434
311,0.5904433818214465,-0.27645663743258214,0.7584665074736684,-0.5529132748651643,0.5752714429593043,0.5152863708765728,0.5412359064555439,-0.610343135758312,0.5431644579460014,-1.220686271516624,0.2950276283757736,0.4928716934665067,0.316365184983548,-0.4969600555798109,0.6083772846037222,-0.993920111159622,0.3701229204217984,0.6891794369835181,0.9577770077754482,-0.7843106136179833,0.4564342529077922,-1.5686212272359663,0.2083322272274944,0.5594967245875987
312,0.2680851178453439,0.5488225404955223,1.7312133836568335,1.0976450809910443,2.9970997797525425,0.5656224741086525,0.6232088826923053,0.585346053885248,1.795612256734904,1.170692107770496,3.2242233765366146,0.5357781569740504,0.4960853391108996,0.03367517772530754,1.0342486051761473,0.06735035545061507,1.0696701773088062,0.6070380001867496,0.3199321492389319,-0.42965287000666286,0.6507349451384923,-0.8593057400133257,0.42345596882439657,0.5941252694185493
313,0.3713933844845816,0.8505223264818005,2.34086923064741,1.701044652963601,5.479668754991798,0.4333472453531631,0.41584822253572695,1.4205562724027183,4.13942244639091,2.841112544805437,17.134818189684903,0.4871407044850084,0.2137339979510337,1.4209252042131748,4.140949892752751,2.8418504084263496,17.14746601428902,0.5029955866256287,0.2404112924249404,1.7596921083836867,5.810648069131767,3.519384216767373,33.76363098330473,0.5238002428367541
314,0.5135874478564727,0.027085066325124585,1.0274552008842877,0.05417013265024917,1.055664189824172,0.582204791481885,0.637563897282957,-0.13704831429267744,0.871928098525089,-0.2740966285853549,0.7602586089975774,0.6446768163492809,0.574968655562172,0.23727680088584083,1.26779199515878,0.47455360177168165,1.60729654298868,0.6106891712287351,0.07333594654158931,0.29463883442303296,1.342641355268544,0.5892776688460659,1.8026858088773523,0.5547200870764838
315,0.6224070064549795,-0.005751771909434045,0.9942647378619692,-0.01150354381886809,0.98856236895573,0.6828602847230336,0.2934122790949742,-0.19598123351751084,0.8220276611011439,-0.3919624670350217,0.6757294756154171,0.4932072630542295,0.5099331545849273,0.422876083007916,1.5263451441479916,0.845752166015832,2.329729499064153,0.7178423887007899,0.567775964435367,0.3492344706749813,1.4179816264762717,0.6984689413499626,2.010671893024293,0.7083774467385898
316,0.8652124624873798,0.4238592694214552,1.527846563922905,0.8477185388429104,2.334315122891028,0.4118124878347328,0.9330280738274912,-0.4030473338541597,0.66828046628478055,-0.8060946677083194,0.4465987816178037,0.1239539075224034,0.749961342750139,-0.4947538148307408,0.6097209930869874,-0.9895076296614816,0.3717596894109821,0.3368522461824739,0.8436445348333537,0.03284410988092251,1.0333894314825507,0.06568821976184502,1.0678937170998293,0.1812777507822549
317,0.2336378800899556,0.7879847254246175,2.198960448816221,1.575969450849235,4.8354270554580365,0.5600380598940262,0.4770633720630203,0.8930043005915189,2.4424565132786613,1.7860086011830378,5.965593819257355,0.5351203455900077,0.2340491321807875,0.4653224811974631,1.5925276663180703,0.9306449623949262,2.536144367988479,0.5986937328968,0.25047752345715574,0.8992203124193558,2.4576861365756164,1.7984406248387117,6.04022114591598,0.5554606951838318
318,0.43569630844841806,0.8748993650782733,2.3986338954864195,1.7497987301565463,5.7534445645763554,0.5307363987647203,0.4373574563664928,0.10817739314521228,1.1142453873495848,0.2163547862904245,1.2415427832298265,0.48355422326691055,0.06032322985648536,0.6896497319702252,1.9930173207192228,1.3792994639404503,3.9721180406868295,0.5330050596758296,NA,NA,NA,NA,NA,NA
319,0.6982209967200972,0.0821243288364957,1.0855907716771036,0.1642486576729914,1.1785073235504893,0.7298263228473193,0.5357203365567625,-0.5633410510252136,0.5693038097682833,-1.1266821020504272,0.3241068278166817,0.5958889774148358,NA,NA,NA,NA,NA,NA,0.5261431355343901,-0.902880514128697,0.4054002152007852,-1.805761028257394,0.16434933448484298,0.698545007567271
320,0.638394327486436,0.5138058384600436,1.6716410999145084,1.0276116769200871,2.7943839669233874,0.5690811781504959,0.6231129797515828,0.17269248777882687,1.188500570433447,0.34538497555765374,1.412533605920629,0.4941819662797337,0.644061123032617,0.2529099237986133,1.2877672744258304,0.5058198475972266,1.658344553082132,0.541250306763046,0.4462418082547249,0.5507190407768576,1.7344997456341893,1.1014380815537153,3.0084893676050672,0.4851749082350293
321,-0.005351753385131386,0.9151939794314192,2.497259621926026,1.8303879588628384,6.236305619302118,0.5231447724498001,0.4041641471513191,0.9206474121281434,2.510915460956358,1.8412948242562868,6.304696452069683,0.5036694083970431,0.32420980557368134,0.8229687755265876,2.277250457462692,1.6459375510531753,5.185869646014041,0.580606282935206,0.09989947797825044,0.2435734681596154,1.2758000450789873,0.4871469363192308,1.6276657550235458,0.514941545276745
322,0.03023201330216801,1.5460702248397074,4.692991496420418,3.0921404496794147,22.024169185474356,0.4766690767141082,0.34466455339156427,1.2179624480507605,3.380293189033928,2.4359248961015205,11.426382043829165,0.5555090270649451,0.4486028569927216,1.1700202285825432,3.222057815531759,2.3400404571650864,10.38165656662929,0.4279361119575422,0.31832865857658177,0.7695647058502653,2.158826324757493,1.5391294117005303,4.660531100465944,0.4984358675489913
323,0.5454000759238293,-0.2256768445428669,0.7979759302805997,-0.4513536890857338,0.6367655853071884,0.7318037689846998,0.4289282809276456,-0.07091183828332243,0.9315440150270166,-0.14182367656664485,0.8677742519326545,0.7185101305845134,0.6498447622401614,-0.8738140376475413,0.4173566956155556,-1.7476280752950826,0.17418661137513552,0.7914939373546922,0.7501154614559895,-0.1769599292736389,0.8378133556400954,-0.3539198585472778,0.701931218888917,0.7072861640800905
324,0.7063745887451023,-0.08476652761162723,0.9187267566939512,-0.16953305522325446,0.8440588534653867,0.48270701726229526,0.5981950470781467,0.06238289418148119,1.0643698077217718,0.12476578836296236,1.1328830875896816,0.4770204400013764,0.3121496737917788,-0.0244783490062776,0.9758188161367564,-0.0489566980125552,0.9522223619265404,0.5712174357246466,0.3423092150222321,0.6574966744727593,1.9299549766281772,1.3149933489455186,3.724726211811869,0.511974664016086
325,0.3879670462604532,0.2568367434413387,1.292834045892402,0.5136734868826774,1.6714198702185172,0.4554371203823334,0.4623731558665212,0.06840799960156527,1.0708021061987516,0.13681599920313053,1.1466171506396825,0.4494776103856265,0.10639324506990604,-1.1069326925103984,0.33057137163825023,-2.2138653850207968,0.10927743174679416,0.49797685224011806,0.4624364827026448,-1.4191831159611792,0.24191154988918864,-2.8383662319223584,0.058521197969789406,0.500580943257098
326,0.7475611740550304,-0.6345958113464369,0.5301497255222739,-1.2691916226928741,0.2810587314713424,0.5349481843376188,0.5293129105160465,-0.6241169467885267,0.5357343015977389,-1.2482338935770534,0.2870112419084171,0.511697221119824,0.5827680167154654,1.149114231222005,3.155396719587245,2.29822846244401,9.95652845798195,0.49723198493766496,0.4408331532746201,0.9922960521999856,2.69742078651252,1.9845921043999712,7.2760788995098205,0.5631557136003055
327,0.8969472353951664,-0.32706954490963075,0.7210335970665803,-0.6541390898192615,0.5198894480987717,0.5408812673730748,0.6324447023018263,-0.5011932585356123,0.6058073434632905,-1.0023865170712245,0.3670025373940492,0.5137600231994904,0.7224378392889335,-0.4833430107722677,0.6167182460871158,-0.9666860215445354,0.3803413950567683,0.6492918006419455,0.896876367864415,-0.979345032875774,0.3755569958009228,-1.958690065751548,0.14104305709501433,0.6763911682521662
328,0.6154744207851096,-0.1866246751350018,0.829755105672449,-0.3732493502700036,0.6884935353894971,0.42596559189166766,0.5438950325560001,-0.37136695260690833,0.6897907745885334,-0.7427339052138167,0.475811312707449,0.4702159904385165,0.3881663934132639,-0.0233451196854792,0.976925269445245,-0.0466902393709584,0.9543829820806646,0.5083868243227355,0.3835354216167585,-0.06483826924407343,0.937219028262631,-0.12967653848814686,0.8783795069375504,0.5322392448862875
329,0.6651832954558228,0.05606131507657064,1.0576625324076507,0.11212263015314128,1.1186500324589648,0.7589100023436645,0.750110609722273,0.08131134868146075,1.0847085665794496,0.1626226973629215,1.176592674410844,0.535906280803375,0.7657995449554837,-0.6285746222339845,0.5333514868094194,-1.257149244467969,0.28446380848181824,0.6752061080371168,0.5085731882884644,0.13087373738179284,1.1398238550816926,0.2617474747635857,1.2991984206132914,0.7160134408199094
330,0.2852198321906918,0.1090246389453306,1.1151898271041305,0.2180492778906612,1.2436483504765403,0.5913049301304943,0.40354979566943394,0.7099960326096931,2.0339831890255544,1.4199920652193865,4.137087613238564,0.5647601540525332,0.4974740661573408,0.8400230288782932,2.316420320728505,1.6800460577565863,5.3658031022839525,0.5903330770726247,0.24075937006635395,0.7773353087126499,2.175667053342889,1.5546706174252998,4.733527127001728,0.5255957753495968
331,0.374586646009273,1.3247618547457365,3.761289515086204,2.649523709491473,14.147298816297408,0.5163722499881035,0.45048414167620354,1.2580477633743656,3.518545744139578,2.5160955267487317,12.380164153602736,0.5537516579853512,0.38777246676099175,1.122632911819763,3.072934326609026,2.245265823639526,9.442925375652068,0.5444207829214428,0.5793370247125131,0.8874386760963096,2.4289004763782205,1.774877352192619,5.899557524150347,0.5334466191532036
332,0.4522001090059541,1.5086514215627351,4.520630257224694,3.0173028431254703,20.4360979225354,0.489367814832177,0.4392360272586907,1.5715357795289906,4.814035817102526,3.143071559057981,23.174940848345983,0.5581035890477369,0.4706697684906272,1.2138350084866376,3.3663699865416072,2.4276700169732752,11.33244688628814,0.46651938389739583,0.5685736096182437,1.3020098881770057,3.676678959915265,2.6040197763540114,13.517968174283592,0.4181545301829395
